YEAR,STATE,STATE_ABV,VEP,VEP_TURNOUT_RATE,TOTAL_BALLOTS_COUNTED,VAP
2020,Alabama,AL,3782861,61.46%,2325000,3939759
2020,Alaska,AK,529649,68.23%,361400,556443
2020,Arizona,AZ,5133804,66.63%,3420585,5672442
2020,Arkansas,AR,2178328,56.17%,1223675,2332442
2020,California,CA,25840035,68.83%,17785151,30490123
2020,Colorado,CO,4297225,76.69%,3295666,4579181
2020,Connecticut,CT,2655214,70.09%,1861086,2887773
2020,Delaware,DE,745131,68.34%,509241,798104
2020,Florida,FL,15742624,70.79%,11144855,17593558
2020,Georgia,GA,7490838,67.06%,5023159,8282660
2020,Hawaii,HI,1047466,55.35%,579784,1145618
2020,Idaho,ID,1352914,64.94%,878527,1443536
2020,Illinois,IL,9095238,66.52%,6050000,9910732
2020,Indiana,IN,5025421,61.06%,3068542,5240144
2020,Iowa,IA,2360125,72.04%,1700130,2469708
2020,Kansas,KS,2112458,65.10%,1375125,2242018
2020,Kentucky,KY,3339511,64.41%,2150954,3499169
2020,Louisiana,LA,3382286,64.14%,2169401,3552258
2020,Maine,ME,1106276,74.87%,828305,1127932
2020,Maryland,MD,4416326,69.45%,3066945,4820237
2020,Massachusetts,MA,5129755,71.31%,3658005,5638722
2020,Michigan,MI,7615249,73.27%,5579317,7907056
2020,Minnesota,MN,4157411,79.21%,3292997,4408498
2020,Mississippi,MS,2185433,60.63%,1325000,2265253
2020,Missouri,MO,4620290,65.49%,3026028,4800088
2020,Montana,MT,857955,71.34%,612075,873659
2020,Nebraska,NE,1400069,69.06%,966920,1484568
2020,Nevada,NV,2191188,64.25%,1407754,2455546
2020,New Hampshire,NH,1101294,73.96%,814499,1132908
2020,New Jersey,NJ,6435019,72.04%,4635585,7261675
2020,New Mexico,NM,1534600,60.49%,928230,1649222
2020,New York,NY,14081957,61.71%,8690139,15787812
2020,North Carolina,NC,7811002,71.00%,5545848,8284274
2020,North Dakota,ND,577567,63.07%,364251,594772
2020,Ohio,OH,8906277,67.08%,5974121,9184163
2020,Oklahoma,OK,2875494,54.43%,1565000,3040979
2020,Oregon,OR,3204224,75.33%,2413890,3405290
2020,Pennsylvania,PA,9950392,69.93%,6958551,10363451
2020,Rhode Island,RI,828194,63.09%,522488,890532
2020,South Carolina,SC,3914642,64.71%,2533010,4087762
2020,South Dakota,SD,651554,65.62%,427529,678680
2020,Tennessee,TN,5174225,59.24%,3065000,5439926
2020,Texas,TX,18982171,59.79%,11350000,22157381
2020,Utah,UT,2255175,67.22%,1515845,2402151
2020,Vermont,VT,520641,71.25%,370968,531104
2020,Virginia,VA,6300717,71.79%,4523142,6785517
2020,Washington,WA,5465496,75.33%,4116894,6079926
2020,West Virginia,WV,1403699,57.19%,802726,1430595
2020,Wisconsin,WI,4410780,75.04%,3310000,4621234
2020,Wyoming,WY,430161,64.74%,278503,448142
2016,Alabama,AL,"3,609,696",59.12%,"2,134,061","3,770,952"
2016,Alaska,AK,"521,888",61.56%,"321,271","554,526"
2016,Arizona,AZ,"4,755,584",55.97%,"2,661,497","5,347,427"
2016,Arkansas,AR,"2,142,344",53.11%,"1,137,772","2,287,921"
2016,California,CA,"25,058,420",58.31%,"14,610,509","30,130,155"
2016,Colorado,CO,"3,971,805",71.99%,"2,859,216","4,301,685"
2016,Connecticut,CT,"2,589,090",64.73%,"1,675,955","2,827,488"
2016,Delaware,DE,"690,153",64.51%,"445,228","748,217"
2016,Florida,FL,"14,577,798",65.72%,"9,580,489","16,533,216"
2016,Georgia,GA,"6,960,129",59.85%,"4,165,405","7,831,741"
2016,Hawaii,HI,"1,013,299",43.19%,"437,664","1,120,762"
2016,Idaho,ID,"1,169,396",60.76%,"710,545","1,256,143"
2016,Illinois,IL,"9,005,114",62.92%,"5,666,118","9,887,574"
2016,Indiana,IN,"4,860,062",57.77%,"2,807,676","5,072,700"
2016,Iowa,IA,"2,285,860",69.18%,"1,581,371","2,404,019"
2016,Kansas,KS,"2,058,729",59.54%,"1,225,667","2,196,904"
2016,Kentucky,KY,"3,282,543",59.56%,"1,955,195","3,430,752"
2016,Louisiana,LA,"3,378,229",60.67%,"2,049,531","3,563,801"
2016,Maine,ME,"1,059,772",72.84%,"771,892","1,079,197"
2016,Maryland,MD,"4,182,300",67.12%,"2,807,322","4,663,738"
2016,Massachusetts,MA,"4,959,742",68.12%,"3,378,801","5,453,921"
2016,Michigan,MI,"7,437,567",65.54%,"4,874,619","7,765,389"
2016,Minnesota,MN,"3,975,066",74.67%,"2,968,281","4,242,668"
2016,Mississippi,MS,"2,192,233",55.17%,"1,209,357","2,268,353"
2016,Missouri,MO,"4,516,733",62.25%,"2,811,549","4,709,176"
2016,Montana,MT,"802,436",64.42%,"516,901","816,023"
2016,Nebraska,NE,"1,342,336",64.11%,"860,573","1,435,123"
2016,Nevada,NV,"1,948,712",57.75%,"1,125,429","2,260,341"
2016,New Hampshire,NH,"1,048,757",72.07%,"755,850","1,082,981"
2016,New Jersey,NJ,"5,961,240",66.38%,"3,957,303","6,903,418"
2016,New Mexico,NM,"1,473,243",54.58%,"804,043","1,600,627"
2016,New York,NY,"13,525,950",57.57%,"7,786,881","15,473,628"
2016,North Carolina,NC,"7,370,213",64.72%,"4,769,640","7,898,733"
2016,North Dakota,ND,"565,295",61.90%,"349,945","579,842"
2016,Ohio,OH,"8,759,758",64.02%,"5,607,641","9,028,098"
2016,Oklahoma,OK,"2,784,673",52.63%,"1,465,505","2,972,077"
2016,Oregon,OR,"3,015,007",68.20%,"2,056,310","3,233,909"
2016,Pennsylvania,PA,"9,692,322",64.21%,"6,223,150","10,114,662"
2016,Rhode Island,RI,"785,544",59.78%,"469,589","848,850"
2016,South Carolina,SC,"3,705,927",57.30%,"2,123,584","3,881,185"
2016,South Dakota,SD,"628,468",60.30%,"378,995","651,179"
2016,Tennessee,TN,"4,906,550",51.87%,"2,545,271","5,162,937"
2016,Texas,TX,"17,482,785",51.34%,"8,975,000","20,718,271"
2016,Utah,UT,"1,985,869",58.03%,"1,152,369","2,139,328"
2016,Vermont,VT,"494,758",64.77%,"320,467","505,888"
2016,Virginia,VA,"6,030,589",66.27%,"3,996,302","6,556,247"
2016,Washington,WA,"5,123,557",65.65%,"3,363,440","5,693,791"
2016,West Virginia,WV,"1,424,155",51.42%,"732,362","1,454,560"
2016,Wisconsin,WI,"4,280,628",69.92%,"2,993,000","4,493,054"
2016,Wyoming,WY,"429,694",60.23%,"258,788","446,228"
2012,Alabama,AL,3538042,58.88%,2083309,3705982
2012,Alaska,AK,512270,58.89%,301694,544269
2012,Arizona,AZ,4391282,52.91%,2323579,4963741
2012,Arkansas,AR,2111810,51.07%,1078548,2244163
2012,California,CA,23638949,55.85%,13202158,28871296
2012,Colorado,CO,3675695,70.63%,2596173,3980623
2012,Connecticut,CT,2546075,61.30%,1560640,2804156
2012,Delaware,DE,662162,63.07%,417631,714081
2012,Florida,FL,13484046,63.32%,8538264,15367936
2012,Georgia,GA,6593817,59.44%,3919355,7441387
2012,Hawaii,HI,985494,44.36%,437159,1091451
2012,Idaho,ID,1089963,61.13%,666290,1172481
2012,Illinois,IL,8913874,59.23%,5279752,9838883
2012,Indiana,IN,4752712,56.04%,2663368,4959521
2012,Iowa,IA,2251922,70.60%,1589951,2356497
2012,Kansas,KS,2030640,58.25%,1182771,2162245
2012,Kentucky,KY,3235034,56.13%,1815843,3374444
2012,Louisiana,LA,3310167,60.86%,2014548,3495424
2012,Maine,ME,1044606,69.38%,724758,1063754
2012,Maryland,MD,4062401,67.30%,2734062,4552894
2012,Massachusetts,MA,4824485,66.00%,3184196,5278131
2012,Michigan,MI,7327148,65.25%,4780701,7637478
2012,Minnesota,MN,3857424,76.50%,2950780,4111021
2012,Mississippi,MS,2166636,59.34%,1285584,2245738
2012,Missouri,MO,4430901,64.11%,2840776,4627371
2012,Montana,MT,773031,63.64%,491966,783676
2012,Nebraska,NE,1315193,61.15%,804245,1394124
2012,Nevada,NV,1795581,56.62%,1016664,2099011
2012,New Hampshire,NH,1016041,70.74%,718700,1050220
2012,New Jersey,NJ,5902545,62.41%,3683638,6826144
2012,New Mexico,NM,1438878,54.66%,786522,1576959
2012,New York,NY,13321457,53.51%,7128852,15334363
2012,North Carolina,NC,6952078,65.34%,4542488,7500448
2012,North Dakota,ND,537941,60.52%,325564,548770
2012,Ohio,OH,8648493,65.13%,5632423,8894484
2012,Oklahoma,OK,2715732,49.47%,1343380,2886686
2012,Oregon,OR,2832164,64.28%,1820507,3046864
2012,Pennsylvania,PA,9656146,59.90%,5783621,10037436
2012,Rhode Island,RI,772057,58.49%,451593,838169
2012,South Carolina,SC,3481760,56.91%,1981516,3656261
2012,South Dakota,SD,611872,60.19%,368270,630180
2012,Tennessee,TN,4735888,52.36%,2479733,4975501
2012,Texas,TX,16127383,49.57%,7993851,19204782
2012,Utah,UT,1831602,56.17%,1028786,1976573
2012,Vermont,VT,492820,61.24%,301793,501853
2012,Virginia,VA,5828032,66.72%,3888186,6345002
2012,Washington,WA,4820193,65.83%,3172939,5329262
2012,West Virginia,WV,1446756,47.35%,685099,1472182
2012,Wisconsin,WI,4203731,73.37%,3084115,4411462
2012,Wyoming,WY,424733,59.03%,250701,441429
2008,Alabama,AL,"3,455,447",60.94%,2105622,3595708
2008,Alaska,AK,"479,628",68.25%,327341,507645
2008,Arizona,AZ,"4,047,095",57.35%,2320851,4673718
2008,Arkansas,AR,"2,071,520",52.91%,1095958,2174846
2008,California,CA,"22,270,461",61.71%,13743177,27411094
2008,Colorado,CO,"3,383,138",71.60%,2422236,3708955
2008,Connecticut,CT,"2,472,389",,,2725917
2008,Delaware,DE,"628,468",65.80%,413562,680493
2008,Florida,FL,"12,683,359",66.65%,8453743,14558436
2008,Georgia,GA,"6,285,008",62.70%,3940705,7063638
2008,Hawaii,HI,"929,632",49.06%,456064,1036088
2008,Idaho,ID,"1,029,341",64.85%,667506,1117842
2008,Illinois,IL,"8,685,582",64.22%,5578195,9615700
2008,Indiana,IN,"4,653,122",60.30%,2805986,4826231
2008,Iowa,IA,"2,216,929",69.63%,1543662,2298515
2008,Kansas,KS,"1,992,730",63.44%,1264208,2100084
2008,Kentucky,KY,"3,152,147",58.96%,1858578,3277617
2008,Louisiana,LA,"3,204,721",61.78%,1979852,3342279
2008,Maine,ME,"1,036,168",71.85%,744456,1049816
2008,Maryland,MD,"3,925,994",67.80%,2661905,4342850
2008,Massachusetts,MA,"4,611,636",67.29%,3102995,5058035
2008,Michigan,MI,"7,231,283",69.68%,5039080,7528460
2008,Minnesota,MN,"3,740,671",78.09%,2921147,3975974
2008,Mississippi,MS,"2,113,435",,,2190402
2008,Missouri,MO,"4,325,788",68.21%,2950504,4507688
2008,Montana,MT,"742,019",67.06%,497599,755384
2008,Nebraska,NE,"1,275,336",63.66%,811923,1348048
2008,Nevada,NV,"1,696,872",57.17%,970019,2000277
2008,New Hampshire,NH,"992,519",72.51%,719643,1021787
2008,New Jersey,NJ,"5,774,838",67.71%,3910220,6651284
2008,New Mexico,NM,"1,362,140",61.18%,833365,1505830
2008,New York,NY,"12,945,767",59.65%,7721718,14876971
2008,North Carolina,NC,"6,581,783",66.16%,4354571,7096503
2008,North Dakota,ND,"504,650",63.63%,321133,512768
2008,Ohio,OH,"8,513,103",67.82%,5773777,8757453
2008,Oklahoma,OK,"2,618,039",56.33%,1474694,2770219
2008,Oregon,OR,"2,700,858",68.32%,1845251,2916246
2008,Pennsylvania,PA,"9,460,225",64.18%,6071357,9813664
2008,Rhode Island,RI,"763,936",62.23%,475428,825786
2008,South Carolina,SC,"3,309,462",58.23%,1927153,3473488
2008,South Dakota,SD,"590,607",65.60%,387449,602539
2008,Tennessee,TN,"4,562,424",57.39%,2618238,4771926
2008,Texas,TX,"14,921,530",,,17756112
2008,Utah,UT,"1,701,049",57.09%,971185,1840087
2008,Vermont,VT,"482,758",67.70%,326822,492610
2008,Virginia,VA,"5,557,344",67.53%,3753059,6022123
2008,Washington,WA,"4,560,012",67.36%,3071587,5032960
2008,West Virginia,WV,"1,430,218",51.16%,731691,1453045
2008,Wisconsin,WI,"4,120,029",72.74%,2997086,4306876
2008,Wyoming,WY,"405,766",63.10%,256035,418040
2004,Alabama,AL,"3,309,755",57.11%,1890317,3427542
2004,Alaska,AK,"449,083",70.03%,314502,476378
2004,Arizona,AZ,"3,658,926",55.70%,2038069,4215706
2004,Arkansas,AR,"1,972,057",54.29%,1070573,2072986
2004,California,CA,"21,035,883",59.85%,12589367,26246548
2004,Colorado,CO,"3,157,788",68.02%,2148036,3443164
2004,Connecticut,CT,"2,436,378",65.99%,1607808,2652587
2004,Delaware,DE,"588,633",64.12%,377407,635370
2004,Florida,FL,"11,885,513",64.28%,7640319,13643828
2004,Georgia,GA,"5,775,727",57.44%,3317336,6499325
2004,Hawaii,HI,"899,288",48.00%,431662,982882
2004,Idaho,ID,"943,617",64.94%,612786,1016255
2004,Illinois,IL,"8,501,813",62.93%,5350493,9391420
2004,Indiana,IN,"4,510,573",55.69%,2512142,4660157
2004,Iowa,IA,"2,158,396",70.51%,1521966,2239979
2004,Kansas,KS,"1,924,522",63.03%,1213108,2032763
2004,Kentucky,KY,"3,061,375",59.35%,1816867,3157464
2004,Louisiana,LA,"3,238,731",60.41%,1956590,3379937
2004,Maine,ME,"1,005,690",74.73%,751519,1022043
2004,Maryland,MD,"3,802,045",63.01%,2395791,4179376
2004,Massachusetts,MA,"4,510,816",64.90%,2927455,4935787
2004,Michigan,MI,"7,204,686",67.67%,4875692,7508568
2004,Minnesota,MN,"3,600,480",78.96%,2842912,3819020
2004,Mississippi,MS,"2,075,007",,,2133681
2004,Missouri,MO,"4,181,874",66.11%,2764635,4339414
2004,Montana,MT,"700,939",65.07%,456096,711858
2004,Nebraska,NE,"1,239,369",63.98%,792906,1305430
2004,Nevada,NV,"1,521,561",54.65%,831563,1776962
2004,New Hampshire,NH,"950,479",71.93%,683672,984422
2004,New Jersey,NJ,"5,637,382",64.54%,3638153,6513394
2004,New Mexico,NM,"1,289,094",60.14%,775301,1411419
2004,New York,NY,"12,640,317",58.92%,7448266,14598898
2004,North Carolina,NC,"6,066,809",58.56%,3552449,6505150
2004,North Dakota,ND,"488,759",64.66%,316049,496479
2004,Ohio,OH,"8,407,021",68.07%,5722443,8624277
2004,Oklahoma,OK,"2,516,580",,,2649994
2004,Oregon,OR,"2,537,173",72.98%,1851671,2736472
2004,Pennsylvania,PA,"9,255,690",,,9554349
2004,Rhode Island,RI,"747,510",58.89%,440228,827513
2004,South Carolina,SC,"3,066,549",53.05%,1626720,3198733
2004,South Dakota,SD,"565,300",69.86%,394930,576472
2004,Tennessee,TN,"4,322,069",56.84%,2456610,4496929
2004,Texas,TX,"13,763,508",,,16284659
2004,Utah,UT,"1,545,108",60.97%,942010,1664066
2004,Vermont,VT,"469,972",66.86%,314220,480053
2004,Virginia,VA,"5,284,227",61.00%,3223156,5699175
2004,Washington,WA,"4,257,936",67.72%,2883499,4683829
2004,West Virginia,WV,"1,407,450",54.68%,769645,1425689
2004,Wisconsin,WI,"3,995,149",75.50%,3016288,4172068
2004,Wyoming,WY,"375,525",65.45%,245789,386796
2000,Alabama,AL,"3,232,759",,,3334576
2000,Alaska,AK,"418,238",68.82%,287825,440296
2000,Arizona,AZ,"3,363,510",46.37%,1559520,3816498
2000,Arkansas,AR,"1,920,954",,,2001774
2000,California,CA,"19,911,561",55.96%,11142843,24867252
2000,Colorado,CO,"3,006,671",,,3246521
2000,Connecticut,CT,"2,361,236",62.43%,1474103,2575243
2000,Delaware,DE,"553,554",,,594256
2000,Florida,FL,"10,952,576",56.05%,6138765,12475387
2000,Georgia,GA,"5,501,687",48.80%,2684951,6087332
2000,Hawaii,HI,"843,861",43.98%,371113,923737
2000,Idaho,ID,"875,400",59.02%,516647,935443
2000,Illinois,IL,"8,362,452",58.98%,4932192,9208908
2000,Indiana,IN,"4,403,265",51.02%,2246348,4527523
2000,Iowa,IA,"2,125,448",,,2199529
2000,Kansas,KS,"1,894,387",57.68%,1092716,1983933
2000,Kentucky,KY,"2,984,345",52.54%,1568058,3059582
2000,Louisiana,LA,"3,131,905",56.71%,1776133,3260060
2000,Maine,ME,"964,624",,,979314
2000,Maryland,MD,"3,640,036",55.95%,2036455,3972224
2000,Massachusetts,MA,"4,480,832",61.06%,2736006,4870470
2000,Michigan,MI,"7,079,579",60.45%,4279299,7370524
2000,Minnesota,MN,"3,459,248",71.06%,2458303,3662005
2000,Mississippi,MS,"2,026,696",,,2076861
2000,Missouri,MO,"4,048,057",,,4190073
2000,Montana,MT,"666,875",62.67%,417916,676065
2000,Nebraska,NE,"1,208,322",58.53%,707223,1266496
2000,Nevada,NV,"1,323,256",46.35%,613360,1523209
2000,New Hampshire,NH,"906,696",63.82%,578656,934176
2000,New Jersey,NJ,"5,550,891",59.33%,3293378,6356954
2000,New Mexico,NM,"1,221,526",50.40%,615607,1318129
2000,New York,NY,"12,394,560",56.16%,6960215,14344348
2000,North Carolina,NC,"5,772,767",52.24%,3015964,6143214
2000,North Dakota,ND,"475,217",61.50%,292249,482078
2000,Ohio,OH,"8,288,750",57.86%,4795989,8487355
2000,Oklahoma,OK,"2,453,332",,,2568304
2000,Oregon,OR,"2,418,671",64.47%,1559215,2595354
2000,Pennsylvania,PA,"9,113,295",,,9375146
2000,Rhode Island,RI,"734,834",56.08%,412074,804417
2000,South Carolina,SC,"2,910,350",49.26%,1433533,3025380
2000,South Dakota,SD,"545,601",59.05%,322159,554875
2000,Tennessee,TN,"4,170,830",50.36%,2100241,4316391
2000,Texas,TX,"12,913,321",49.62%,6407637,15138468
2000,Utah,UT,"1,435,686",54.65%,784582,1534950
2000,Vermont,VT,"454,233",65.42%,297146,463503
2000,Virginia,VA,"5,034,930",55.41%,2789808,5389008
2000,Washington,WA,"4,022,625",62.57%,2517028,4419907
2000,West Virginia,WV,"1,388,515",,,1405021
2000,Wisconsin,WI,"3,862,851",,,4016401
2000,Wyoming,WY,"356,887",62.12%,221685,366639
