year,scope,measure,n_eligible,n_yes,n_no,n_missing,n_invalid_weight,weighted_yes,weighted_no,weighted_missing,weighted_valid_denominator,weighted_all_eligible,percent,unit
2009,US_50_PLUS_DC,ANY,21226,7819,12988,419,0,80595142.8584,142243362.3792,4507644.2652,222838505.2376,227346149.5028,36.16751188151526674867959925,percent
2009,US_50_PLUS_DC,PEQ5A,21226,3227,17630,369,0,34265827.8908,189133041.9536,3947279.6584,223398869.8444,227346149.5028,15.33840700029796985654566699,percent
2009,US_50_PLUS_DC,PEQ5B,21226,1628,19214,384,0,15214614.1500,208065479.0372,4066056.3156,223280093.1872,227346149.5028,6.814138212153079525477192957,percent
2009,US_50_PLUS_DC,PEQ5C,21226,2162,18673,391,0,22133592.2216,201006104.4636,4206452.8176,223139696.6852,227346149.5028,9.919163891678820344998911801,percent
2009,US_50_PLUS_DC,PEQ5D,21226,3843,16970,413,0,40458792.4196,182458754.6608,4428602.4224,222917547.0804,227346149.5028,18.14966697305693380596110059,percent
2009,US_50_PLUS_DC,PEQ5E,21226,1289,19528,409,0,11968009.0728,211047200.1172,4330940.3128,223015209.1900,227346149.5028,5.366454205642870307234761920,percent
2009,US_50_ONLY,ANY,20937,7687,12834,416,0,80385666.3796,141987010.2376,4502743.1432,222372676.6172,226875419.7604,36.14907532816122924859207661,percent
2009,US_50_ONLY,PEQ5A,20937,3166,17404,367,0,34165376.1080,188767236.7688,3942806.8836,222932612.8768,226875419.7604,15.32542756625784795409439205,percent
2009,US_50_ONLY,PEQ5B,20937,1610,18945,382,0,15186902.1740,207626934.0456,4061583.5408,222813836.2196,226875419.7604,6.815960099996730732828987923,percent
2009,US_50_ONLY,PEQ5C,20937,2119,18429,389,0,22068727.9952,200603573.6612,4203118.1040,222672301.6564,226875419.7604,9.910854574653697305608357137,percent
2009,US_50_ONLY,PEQ5D,20937,3795,16732,410,0,40378915.4688,182072802.9912,4423701.3004,222451718.4600,226875419.7604,18.15176603189995424232246679,percent
2009,US_50_ONLY,PEQ5E,20937,1254,19278,405,0,11916361.7828,210635723.2564,4323334.7212,222552085.0392,226875419.7604,5.354414801686117385842079163,percent
