state,state_abbr,S_year,E_year,S,ln_gdppc,activity,ln_density
Alabama,AL,2002,2000,-0.66225195,10.542457116442174,63.6,4.476265034351588
Alabama,AL,2003,2001,-0.89120746,10.537525194753,62.7,4.479731704759128
Alabama,AL,2004,2002,-0.72514385,10.558106043477261,62.1,4.4825156550544705
Alabama,AL,2005,2003,-1.3341863,10.584910649327888,62.2,4.487725616547486
Alabama,AL,2006,2004,-1.5191938,10.643442183725524,62.1,4.493755596453352
Alabama,AL,2007,2005,-1.6990304,10.672738960165361,61.5,4.502343277164972
Alabama,AL,2008,2006,-1.5409486,10.673355315648427,61.5,4.515209500235966
Alabama,AL,2009,2007,-1.4975376,10.674382182154641,61.2,4.5246397666388525
Alabama,AL,2010,2008,-1.4371125,10.65946934222003,60.5,4.534301385354662
Arizona,AZ,2002,2000,-0.16865283,10.681601706823,65.3,3.815651827403154
Arizona,AZ,2003,2001,-0.08039311,10.686987711436823,65.7,3.8372916057615574
Arizona,AZ,2004,2002,-0.44193345,10.69540042725066,66.1,3.860306882922825
Arizona,AZ,2005,2003,-0.2515623,10.737446934169478,65.5,3.881232371155161
Arizona,AZ,2006,2004,-0.48514998,10.755366427015854,65.0,3.906682629856532
Arizona,AZ,2007,2005,-0.33415607,10.791474153429665,64.4,3.9391744248703646
Arizona,AZ,2008,2006,-0.22186242,10.802942944000748,64.4,3.971206234663137
Arizona,AZ,2009,2007,0.30606547,10.814014162633331,63.7,3.9939246048425643
Arizona,AZ,2010,2008,0.3625766,10.781674449781516,63.9,4.0120293105972245
Arkansas,AR,2002,2000,-0.4869876,10.481694348984021,62.2,3.941938955076478
Arkansas,AR,2003,2001,-0.90440214,10.477056966867583,61.9,3.946774203081162
Arkansas,AR,2004,2002,-1.0255421,10.502941729115253,62.2,3.952093717364597
Arkansas,AR,2005,2003,-1.2284127,10.539578382471026,62.0,3.9590500679674934
Arkansas,AR,2006,2004,-1.3362135,10.583772361618285,62.4,3.9681358884089
Arkansas,AR,2007,2005,-1.2038096,10.607428285293624,63.1,3.9794946192511267
Arkansas,AR,2008,2006,-1.2004324,10.614372751288185,62.7,3.9940103232039106
Arkansas,AR,2009,2007,-0.9078328,10.597342712644398,62.3,4.0034943629140685
Arkansas,AR,2010,2008,-0.91477305,10.584787701980144,62.0,4.0125466968484025
California,CA,2002,2000,-0.90958804,10.868541440062607,67.1,5.384814733115712
California,CA,2003,2001,-0.79571307,10.854323032566752,67.1,5.399171615098476
California,CA,2004,2002,-0.88797367,10.863496398156185,66.7,5.4104876014306305
California,CA,2005,2003,-0.70925814,10.892326010534386,65.9,5.421363030948262
California,CA,2006,2004,-0.73556983,10.915161966513248,65.5,5.430439114106884
California,CA,2007,2005,-0.6544801,10.950781205600864,65.5,5.437536008361292
California,CA,2008,2006,-0.4237399,10.983024293386702,65.4,5.442915598224911
California,CA,2009,2007,-0.25589922,10.999301350763396,65.7,5.449255849258299
California,CA,2010,2008,-0.17324015,11.00030955354521,65.9,5.458974619338907
Colorado,CO,2002,2000,0.27905276,10.918271236961003,72.1,3.7317165179349394
Colorado,CO,2003,2001,0.23778997,10.911950246301265,71.6,3.754285834958551
Colorado,CO,2004,2002,0.38651258,10.901757915221111,71.9,3.7688034351408803
Colorado,CO,2005,2003,0.5823415,10.902715555516298,72.1,3.7773023029246335
Colorado,CO,2006,2004,0.40015948,10.908883818183808,72.7,3.787469854565564
Colorado,CO,2007,2005,0.2884037,10.943108122776156,72.4,3.7998248746703895
Colorado,CO,2008,2006,0.13212693,10.947555532254064,72.8,3.8187587285380826
Colorado,CO,2009,2007,0.30512714,10.968591056730247,72.6,3.8362817410498815
Colorado,CO,2010,2008,0.2877293,10.961827501568278,72.4,3.853997401550527
Connecticut,CT,2002,2000,0.6485653,11.135305373012724,68.0,6.557583657472225
Connecticut,CT,2003,2001,0.32070857,11.139632235490412,67.0,6.563736837942004
Connecticut,CT,2004,2002,0.2726983,11.123481817652632,67.4,6.571257350537403
Connecticut,CT,2005,2003,0.30153948,11.126351989887766,67.3,6.578627882752933
Connecticut,CT,2006,2004,0.31096518,11.18823596576095,66.7,6.581996732843908
Connecticut,CT,2007,2005,0.46931282,11.20675566252099,67.0,6.5850988122836736
Connecticut,CT,2008,2006,0.55253386,11.246505121644232,68.0,6.5880895257691225
Connecticut,CT,2009,2007,0.66602135,11.276596712639751,68.6,6.590874588174921
Connecticut,CT,2010,2008,0.6805474,11.268930755680625,68.8,6.596051862819536
Delaware,DE,2002,2000,-0.0428824,11.297366513074952,69.0,6.0003437021533585
Delaware,DE,2003,2001,0.07459678,11.321765911966242,69.6,6.012133441209889
Delaware,DE,2004,2002,0.24790098,11.277440968290318,67.9,6.025205865528993
Delaware,DE,2005,2003,0.41663507,11.272465426277309,66.7,6.039778471659932
Delaware,DE,2006,2004,0.24994844,11.308728269701684,66.3,6.055305170555056
Delaware,DE,2007,2005,0.28733307,11.271410315428895,66.9,6.0724265939784345
Delaware,DE,2008,2006,0.27723685,11.284975018323976,67.2,6.0889933315943745
Delaware,DE,2009,2007,0.44806406,11.26646189046243,66.6,6.1034140060194835
Delaware,DE,2010,2008,0.45570484,11.217379612395215,66.3,6.1172269861243125
Florida,FL,2002,2000,-0.8391341,10.674438765042437,63.3,5.700787358452868
Florida,FL,2003,2001,-0.8170245,10.684877538100237,63.4,5.719887211177928
Florida,FL,2004,2002,-0.87926644,10.708047705958801,62.5,5.740005339331792
Florida,FL,2005,2003,-1.1146891,10.73594436728226,62.0,5.75868695883233
Florida,FL,2006,2004,-1.1144876,10.776574726572246,62.2,5.78258351329631
Florida,FL,2007,2005,-0.88520104,10.809709400647396,62.8,5.806790707819873
Florida,FL,2008,2006,-0.52069783,10.820822930977007,63.4,5.8248395605323156
Florida,FL,2009,2007,-0.09925018,10.824011725280783,63.9,5.835834767708257
Florida,FL,2010,2008,0.00063159066,10.781714464647305,63.4,5.844478939417038
Georgia,GA,2002,2000,-0.69746757,10.835092812356656,68.9,4.959662507046611
Georgia,GA,2003,2001,-0.81682414,10.828998349872695,68.2,4.977698640979397
Georgia,GA,2004,2002,-1.1158159,10.824274139212475,68.1,4.993241235800867
Georgia,GA,2005,2003,-1.6317403,10.838015563167847,68.0,5.0066132957034
Georgia,GA,2006,2004,-1.8060126,10.870433989413915,67.5,5.023455761570519
Georgia,GA,2007,2005,-1.7472975,10.894326690277408,67.9,5.041163877240063
Georgia,GA,2008,2006,-1.2898318,10.882707666915937,68.1,5.066593227703775
Georgia,GA,2009,2007,-0.74436057,10.87134398053911,68.0,5.087579309465172
Georgia,GA,2010,2008,-0.59059966,10.8336080588185,67.6,5.10400570776953
Idaho,ID,2002,2000,0.09677018,10.553703984111015,69.6,2.755124995676776
Idaho,ID,2003,2001,0.055883244,10.515736900453208,70.0,2.770802237205227
Idaho,ID,2004,2002,0.2157273,10.523635998126638,69.4,2.786146476276168
Idaho,ID,2005,2003,0.45391,10.540197018551751,68.7,2.803166199529738
Idaho,ID,2006,2004,0.28696668,10.586978779387952,68.3,2.8237985993157673
Idaho,ID,2007,2005,0.17927258,10.634458765816321,68.9,2.849642906084876
Idaho,ID,2008,2006,0.0045575825,10.629978140815892,68.4,2.8775558373535173
Idaho,ID,2009,2007,0.16405754,10.622991753960932,67.8,2.902061952109179
Idaho,ID,2010,2008,0.1405778,10.63664613794527,67.0,2.921286575044558
Illinois,IL,2002,2000,-0.40656438,10.919804108231178,69.4,5.411582518195929
Illinois,IL,2003,2001,-0.21012083,10.917327772890383,68.6,5.4159387308523215
Illinois,IL,2004,2002,0.08935194,10.920145321007594,67.0,5.418905951268465
Illinois,IL,2005,2003,0.33867782,10.93369340374909,66.4,5.421334030904017
Illinois,IL,2006,2004,0.34608254,10.962611917821482,66.4,5.424019731776259
Illinois,IL,2007,2005,0.33639953,10.981608882958655,66.7,5.425617371704783
Illinois,IL,2008,2006,0.14186239,11.003665108500632,67.3,5.428314149411955
Illinois,IL,2009,2007,0.21853377,11.012312846697316,68.1,5.432411342728286
Illinois,IL,2010,2008,0.16345502,10.994583677548158,67.7,5.436433844955165
Indiana,IN,2002,2000,-0.6487555,10.731978212882867,67.9,5.136034923655571
Indiana,IN,2003,2001,-0.4542538,10.707632131345141,67.9,5.141909752105459
Indiana,IN,2004,2002,-0.4983454,10.72770184167778,67.9,5.146502340263463
Indiana,IN,2005,2003,-0.22396094,10.76407525539798,67.8,5.153087371836434
Indiana,IN,2006,2004,-0.24934939,10.794331160598395,67.1,5.158939365805771
Indiana,IN,2007,2005,-0.3508891,10.795316317064252,67.4,5.166230058951763
Indiana,IN,2008,2006,-0.24967326,10.806719554560901,67.4,5.17480227518463
Indiana,IN,2009,2007,-0.18158159,10.831254442201205,66.2,5.18218572764179
Indiana,IN,2010,2008,-0.11932529,10.823333155382596,66.5,5.189246920697869
Iowa,IA,2002,2000,0.7631562,10.695387580568358,71.5,3.959708495864999
Iowa,IA,2003,2001,0.775194,10.68470706759619,72.0,3.9607083144112827
Iowa,IA,2004,2002,0.62226737,10.706774837241221,72.6,3.961470984721549
Iowa,IA,2005,2003,1.016365,10.752121899698306,71.4,3.9641138358541226
Iowa,IA,2006,2004,1.387748,10.82908904087836,71.0,3.968061168781776
Iowa,IA,2007,2005,1.1548764,10.855588696553367,71.6,3.9717174206740755
Iowa,IA,2008,2006,0.90205324,10.862905103672993,72.3,3.9778347090470914
Iowa,IA,2009,2007,1.0169079,10.902162147157304,72.1,3.9833741410782735
Iowa,IA,2010,2008,0.97393554,10.881681890424682,72.5,3.989199342816378
Kansas,KS,2002,2000,1.0807765,10.69463224306471,70.1,3.4948930491993138
Kansas,KS,2003,2001,0.6827404,10.696802697124035,69.5,3.498036582835842
Kansas,KS,2004,2002,0.59226674,10.705710879968676,70.1,3.5022366024153944
Kansas,KS,2005,2003,0.83708924,10.72215305427565,70.7,3.50572007216524
Kansas,KS,2006,2004,-0.007862959,10.728511087108823,71.2,3.5098865486416497
Kansas,KS,2007,2005,-0.0017861257,10.762227015026818,70.7,3.51387438385497
Kansas,KS,2008,2006,0.018705947,10.805116123166812,70.5,3.520276462280507
Kansas,KS,2009,2007,0.50514984,10.850882103992763,70.6,3.5277959019851663
Kansas,KS,2010,2008,0.5708638,10.867489412572553,70.5,3.536483940831012
Kentucky,KY,2002,2000,-0.7146099,10.591311652959995,63.3,4.6301422000273424
Kentucky,KY,2003,2001,-0.70715386,10.587939006819349,62.8,4.634851002562431
Kentucky,KY,2004,2002,-1.0158132,10.607821053561661,62.1,4.640181483765458
Kentucky,KY,2005,2003,-1.4173043,10.63121837758272,62.3,4.6468331106633025
Kentucky,KY,2006,2004,-1.3604358,10.652340085002676,62.1,4.653835451071557
Kentucky,KY,2007,2005,-1.2685738,10.6808933005236,62.0,4.662634088861483
Kentucky,KY,2008,2006,-0.65975577,10.695633747820626,62.4,4.671321856557614
Kentucky,KY,2009,2007,-0.95963496,10.683884648295702,62.2,4.6801547108370976
Kentucky,KY,2010,2008,-0.7940184,10.680013474815015,61.7,4.687925370832088
Louisiana,LA,2002,2000,-0.47869965,10.740517305220735,61.6,4.639488084427162
Louisiana,LA,2003,2001,-0.8854956,10.758257160587236,61.5,4.640826668008042
Louisiana,LA,2004,2002,-0.9999232,10.774253901764522,60.9,4.645147943409866
Louisiana,LA,2005,2003,-1.2141705,10.808764181717027,60.9,4.6504205627179305
Louisiana,LA,2006,2004,-1.3289975,10.850106892663483,60.8,4.65729704463577
Louisiana,LA,2007,2005,-1.1881876,10.906495770149776,63.2,4.662640546892016
Louisiana,LA,2008,2006,-1.1625222,10.958474444606548,62.7,4.600912662633374
Louisiana,LA,2009,2007,-0.8788332,10.88796144231432,61.7,4.61771737546096
Louisiana,LA,2010,2008,-0.88016266,10.886415564137472,61.6,4.6313378022794645
Maine,ME,2002,2000,0.6315155,10.632693909334893,68.2,3.7233474982744568
Maine,ME,2003,2001,0.5502542,10.646667405841447,67.2,3.730074635465163
Maine,ME,2004,2002,0.9459431,10.663200461115267,66.8,3.7380292739240573
Maine,ME,2005,2003,1.3406622,10.68137950151193,66.7,3.746139296845597
Maine,ME,2006,2004,1.5452769,10.711348578135166,66.2,3.751615989613825
Maine,ME,2007,2005,1.6071684,10.718525644598774,66.6,3.755489915388505
Maine,ME,2008,2006,1.7921981,10.721496828886988,66.7,3.759147192420072
Maine,ME,2009,2007,2.2253163,10.719692128917032,66.2,3.7617284387436936
Maine,ME,2010,2008,2.3042493,10.713953260507427,66.0,3.764339116454838
Maryland,MD,2002,2000,-0.09445297,10.833799191551678,70.2,6.304261835271561
Maryland,MD,2003,2001,0.017455213,10.864599593464316,70.1,6.316176376033335
Maryland,MD,2004,2002,0.1912562,10.885165029316838,69.7,6.328325857708485
Maryland,MD,2005,2003,0.37171474,10.899740472688373,69.0,6.338544790453563
Maryland,MD,2006,2004,0.22385907,10.935924503435132,68.3,6.347720815002871
Maryland,MD,2007,2005,0.25022498,10.972156796498345,68.7,6.3558800700725016
Maryland,MD,2008,2006,0.24013533,10.97882438276765,69.3,6.362116951623214
Maryland,MD,2009,2007,0.4278672,10.979919095507716,69.0,6.366733841199819
Maryland,MD,2010,2008,0.43769956,10.993465433259606,69.4,6.372300262675438
Massachusetts,MA,2002,2000,1.2117466,11.004542343315885,67.7,6.703710262334069
Massachusetts,MA,2003,2001,0.9659399,11.013298254940544,68.1,6.70943654965485
Massachusetts,MA,2004,2002,0.47937775,11.010941038830154,68.7,6.712491135622063
Massachusetts,MA,2005,2003,0.37645856,11.032050044071573,68.0,6.713325885760703
Massachusetts,MA,2006,2004,0.17153542,11.060527944706271,67.4,6.711723373007404
Massachusetts,MA,2007,2005,0.31130633,11.08421085852686,66.8,6.710320235921258
Massachusetts,MA,2008,2006,0.50270575,11.10649383393923,67.0,6.71138069051139
Massachusetts,MA,2009,2007,0.64904994,11.134162224600361,66.9,6.714725281233744
Massachusetts,MA,2010,2008,0.7083583,11.144475267381052,66.9,6.720524750937206
Michigan,MI,2002,2000,-0.07840959,10.757666088552767,68.6,5.169419911734333
Michigan,MI,2003,2001,-0.056865655,10.722616047506513,67.8,5.17329785820645
Michigan,MI,2004,2002,-0.071465686,10.747331872475913,66.0,5.175756019982424
Michigan,MI,2005,2003,0.2235123,10.768758940768484,65.6,5.178293008435159
Michigan,MI,2006,2004,0.073105365,10.783973320414852,65.6,5.179702510149545
Michigan,MI,2007,2005,0.13503958,10.802192600514092,65.5,5.179286922152206
Michigan,MI,2008,2006,-0.05734316,10.783164937200592,65.1,5.177787859134174
Michigan,MI,2009,2007,0.044844825,10.784924070316517,64.3,5.1743146444694395
Michigan,MI,2010,2008,-0.0074615725,10.731356875705732,63.3,5.168860998682521
Minnesota,MN,2002,2000,0.89561284,10.885134924809508,75.1,4.126493643519957
Minnesota,MN,2003,2001,0.8906128,10.875888432918728,75.4,4.136397230625987
Minnesota,MN,2004,2002,0.7140907,10.889184956219404,75.1,4.143623811159934
Minnesota,MN,2005,2003,1.0667335,10.925291591212948,74.9,4.150501371340296
Minnesota,MN,2006,2004,1.431789,10.963669203737615,74.4,4.157234468572177
Minnesota,MN,2007,2005,1.1932732,10.98431533473862,73.3,4.163481971701912
Minnesota,MN,2008,2006,0.9356183,10.97745957327886,72.7,4.172031347120346
Minnesota,MN,2009,2007,1.0656945,10.975424097539923,72.2,4.180448910759248
Minnesota,MN,2010,2008,1.0211697,10.98437600513559,72.0,4.188065966588431
Mississippi,MS,2002,2000,-0.7375152,10.403851577285455,62.4,4.105967880197372
Mississippi,MS,2003,2001,-0.9542964,10.397513507768156,61.4,4.107595916878907
Mississippi,MS,2004,2002,-0.76895607,10.406645365828128,61.0,4.1095872773394815
Mississippi,MS,2005,2003,-1.3626068,10.446745503469861,61.5,4.112950651130596
Mississippi,MS,2006,2004,-1.5451354,10.465613653055875,61.5,4.120140830582615
Mississippi,MS,2007,2005,-1.7188159,10.482420366465133,61.4,4.125984898064398
Mississippi,MS,2008,2006,-1.5601611,10.50363489475641,59.5,4.1256527648246335
Mississippi,MS,2009,2007,-1.5263942,10.512794792563055,59.5,4.133666072173567
Mississippi,MS,2010,2008,-1.4666905,10.52201574196747,59.1,4.140288112533869
Missouri,MO,2002,2000,-0.19707197,10.754569612649268,70.0,4.4013964010053375
Missouri,MO,2003,2001,-0.23735689,10.739815078763044,69.8,4.407416283117779
Missouri,MO,2004,2002,-0.0073209107,10.751436699804266,69.1,4.4133694817226665
Missouri,MO,2005,2003,-0.12043203,10.771334418731607,68.6,4.419444220621844
Missouri,MO,2006,2004,0.2890751,10.790619545423962,68.3,4.426136663885652
Missouri,MO,2007,2005,0.059948742,10.805258584742427,67.9,4.433513859549211
Missouri,MO,2008,2006,0.26897424,10.800503581465517,67.7,4.4425234592160745
Missouri,MO,2009,2007,0.038319528,10.79897854557838,67.5,4.450180238351235
Missouri,MO,2010,2008,0.11245973,10.825454325806096,67.0,4.456327472531724
Montana,MT,2002,2000,0.3393434,10.490593874279538,68.5,1.8260561532695903
Montana,MT,2003,2001,0.29223153,10.492468092180545,67.1,1.8295773808977365
Montana,MT,2004,2002,0.43339324,10.51665884218608,66.6,1.8347527224231612
Montana,MT,2005,2003,0.62135017,10.553990487487464,66.3,1.843449345840968
Montana,MT,2006,2004,0.4427594,10.58987923546847,66.5,1.8546721941243738
Montana,MT,2007,2005,0.33351782,10.62920451441332,66.6,1.8654663106200373
Montana,MT,2008,2006,0.17090295,10.64647240615074,67.0,1.878769592095078
Montana,MT,2009,2007,0.33986005,10.682729651255151,67.3,1.8913013223118291
Montana,MT,2010,2008,0.31943148,10.67046559644441,67.3,1.9033656315616747
Nebraska,NE,2002,2000,1.089606,10.75440400939171,73.3,3.105042762819266
Nebraska,NE,2003,2001,0.694363,10.775509767762525,73.3,3.1085469031034823
Nebraska,NE,2004,2002,0.6084112,10.784667953075438,73.4,3.113451603248902
Nebraska,NE,2005,2003,0.8439925,10.835511633156736,74.0,3.1194228895617275
Nebraska,NE,2006,2004,0.0077333916,10.855037650605796,74.1,3.1255736887811856
Nebraska,NE,2007,2005,0.01792664,10.890783514864042,73.4,3.13248198136507
Nebraska,NE,2008,2006,0.046502993,10.913288708297824,72.8,3.138817824912425
Nebraska,NE,2009,2007,0.5181863,10.932185973283817,72.9,3.1448620491965054
Nebraska,NE,2010,2008,0.5847717,10.925753070011691,73.0,3.15209038110212
Nevada,NV,2002,2000,-0.18777846,10.948561559313454,70.3,2.911018387339205
Nevada,NV,2003,2001,-0.109523304,10.922472456573534,70.4,2.9497190105814965
Nevada,NV,2004,2002,-0.46853673,10.920274082045728,69.3,2.9850169854877353
Nevada,NV,2005,2003,-0.23427126,10.932867135852302,67.9,3.0189633120080575
Nevada,NV,2006,2004,-0.46369326,10.992102696410814,67.0,3.0613507124748853
Nevada,NV,2007,2005,-0.30665714,11.03414687300046,67.4,3.09731709928206
Nevada,NV,2008,2006,-0.18963212,11.034205973057361,68.6,3.1338574451222434
Nevada,NV,2009,2007,0.33557826,11.012743583143516,69.5,3.164468005308932
Nevada,NV,2010,2008,0.39459512,10.960600557392723,69.4,3.1844728515478904
New Hampshire,NH,2002,2000,0.6457345,10.799382683000099,72.3,4.9306987116589776
New Hampshire,NH,2003,2001,0.56008303,10.802806145163443,71.7,4.943229937806452
New Hampshire,NH,2004,2002,0.94261014,10.820089482863022,71.4,4.9539818180972075
New Hampshire,NH,2005,2003,1.3283079,10.852482407367598,71.3,4.962417567978852
New Hampshire,NH,2006,2004,1.5318563,10.878802825537756,71.0,4.970418510284871
New Hampshire,NH,2007,2005,1.6111801,10.888685309039165,71.3,4.976886089007217
New Hampshire,NH,2008,2006,1.8073212,10.907599617287067,71.0,4.98447910729231
New Hampshire,NH,2009,2007,2.2467449,10.911672176506983,70.8,4.987646689070206
New Hampshire,NH,2010,2008,2.3271406,10.898660895961683,70.8,4.990207899641033
New Jersey,NJ,2002,2000,-0.053308934,10.99826565667076,66.5,7.044278164312505
New Jersey,NJ,2003,2001,0.21079783,11.002239638248842,66.1,7.05161128579497
New Jersey,NJ,2004,2002,0.10892465,11.011011670410431,66.5,7.058648087518558
New Jersey,NJ,2005,2003,0.17818774,11.028359653469394,66.1,7.064332942759912
New Jersey,NJ,2006,2004,-0.061680224,11.036441143537646,65.9,7.068180600231495
New Jersey,NJ,2007,2005,-0.07624923,11.053241848462635,66.1,7.07019523253225
New Jersey,NJ,2008,2006,-0.06637413,11.068194916969357,66.6,7.071316313221168
New Jersey,NJ,2009,2007,0.07292936,11.07638421778945,66.2,7.073185564918474
New Jersey,NJ,2010,2008,0.09364901,11.094397758774415,66.7,7.077004656079301
New Mexico,NM,2002,2000,-0.13155778,10.595063659005227,63.2,2.7088812391905814
New Mexico,NM,2003,2001,-0.032605432,10.592926365894117,63.3,2.714622456320291
New Mexico,NM,2004,2002,-0.39375812,10.611793530835271,63.2,2.727434677366879
New Mexico,NM,2005,2003,-0.1956621,10.644266349265012,63.2,2.7393639363544025
New Mexico,NM,2006,2004,-0.44217017,10.715346935809682,62.9,2.753239509308762
New Mexico,NM,2007,2005,-0.2877621,10.706839819574967,62.9,2.768080966041166
New Mexico,NM,2008,2006,-0.17633797,10.71733927526001,62.4,2.783417603773293
New Mexico,NM,2009,2007,0.3491247,10.712620013692094,61.9,2.7975532323575925
New Mexico,NM,2010,2008,0.40549105,10.698072560959321,62.0,2.807847439440396
New York,NY,2002,2000,-0.33825877,11.067396622149541,62.8,5.999514351996732
New York,NY,2003,2001,-0.29822472,11.082441387359568,62.3,6.003771090105347
New York,NY,2004,2002,-0.374484,11.069704803159075,63.1,6.006647129897531
New York,NY,2005,2003,-0.41002175,11.074190079711375,62.6,6.008638009075223
New York,NY,2006,2004,-0.48349676,11.100652684796128,62.8,6.008409989030376
New York,NY,2007,2005,-0.4722245,11.127586155873816,63.0,6.006375902072596
New York,NY,2008,2006,-0.370304,11.1579273387437,63.1,6.004912459404572
New York,NY,2009,2007,-0.11884115,11.167045362935863,62.6,6.006361528603616
New York,NY,2010,2008,-0.07471633,11.143698891974973,63.2,6.010539470702416
North Carolina,NC,2002,2000,-0.645136,10.76910644184996,67.5,5.113249945101641
North Carolina,NC,2003,2001,-0.39129576,10.761932749300104,67.5,5.129026123322107
North Carolina,NC,2004,2002,-0.6956486,10.763901372500571,66.6,5.143065629766943
North Carolina,NC,2005,2003,-0.8149792,10.779704135163197,67.0,5.154565155069417
North Carolina,NC,2006,2004,-1.235501,10.803088693417804,66.2,5.169958210024141
North Carolina,NC,2007,2005,-1.1269634,10.835811997990977,65.9,5.187602666907099
North Carolina,NC,2008,2006,-0.99793184,10.873909684235809,66.1,5.211648185977492
North Carolina,NC,2009,2007,-0.711547,10.866945767678217,65.6,5.233912879731712
North Carolina,NC,2010,2008,-0.66248596,10.876603110519364,65.1,5.254688245905343
North Dakota,ND,2002,2000,0.386986,10.56937017737617,70.8,2.2305776264308546
North Dakota,ND,2003,2001,1.4730353,10.587490649905892,70.9,2.225954974112269
North Dakota,ND,2004,2002,0.38307875,10.637523165601277,70.9,2.224555069402858
North Dakota,ND,2005,2003,0.18834068,10.699697352346062,71.6,2.225571526222442
North Dakota,ND,2006,2004,-0.50083214,10.701389361856497,72.3,2.2347463456691568
North Dakota,ND,2007,2005,0.09975389,10.733326904214994,72.5,2.2368907630283377
North Dakota,ND,2008,2006,-0.22045925,10.770552869348922,73.3,2.242036234357676
North Dakota,ND,2009,2007,0.14963807,10.816338053054526,73.9,2.2472580018998656
North Dakota,ND,2010,2008,-0.010279079,10.883177112381752,74.2,2.254503199349013
Ohio,OH,2002,2000,-0.036153987,10.770775215033145,67.0,5.62804430966691
Ohio,OH,2003,2001,0.1124016,10.756789445074032,67.2,5.630141893450895
Ohio,OH,2004,2002,0.14786118,10.777328766984503,67.0,5.631939194807309
Ohio,OH,2005,2003,-0.10240026,10.793704215845855,67.0,5.634294348928124
Ohio,OH,2006,2004,-0.2283861,10.819247156066593,66.6,5.635820365761397
Ohio,OH,2007,2005,-0.37378734,10.839988574149857,66.7,5.636786433843303
Ohio,OH,2008,2006,-0.37676594,10.834608612368084,67.3,5.6383461085272195
Ohio,OH,2009,2007,-0.42187968,10.83766804774033,67.6,5.640021791390064
Ohio,OH,2010,2008,-0.4141867,10.827769358955871,67.2,5.641318549602841
Oklahoma,OK,2002,2000,-0.4540705,10.465312799076383,64.2,3.9191520147453107
Oklahoma,OK,2003,2001,-0.86960655,10.498300675904346,64.5,3.9228318756911604
Oklahoma,OK,2004,2002,-0.9929481,10.509601990514565,64.5,3.9291514571716353
Oklahoma,OK,2005,2003,-1.2135859,10.52226629980991,64.2,3.9336730729115033
Oklahoma,OK,2006,2004,-1.3290353,10.550165195794271,64.1,3.939459899394343
Oklahoma,OK,2007,2005,-1.1927437,10.58541422803833,64.3,3.9460656801269556
Oklahoma,OK,2008,2006,-1.1734543,10.634871483446501,63.7,3.9588041958078475
Oklahoma,OK,2009,2007,-0.86993706,10.646975959698386,63.3,3.9699433688107995
Oklahoma,OK,2010,2008,-0.8721161,10.676670144642992,63.5,3.979425970083638
Oregon,OR,2002,2000,0.38046592,10.652663339276975,68.6,3.575924170094733
Oregon,OR,2003,2001,0.45681,10.637381463912087,67.8,3.5870089363994104
Oregon,OR,2004,2002,0.68543863,10.644536697170654,67.4,3.6000401042998247
Oregon,OR,2005,2003,1.1498452,10.681387092076875,67.0,3.609657218984141
Oregon,OR,2006,2004,1.1859359,10.729373097575632,66.3,3.6158642080453185
Oregon,OR,2007,2005,1.1615982,10.751486800193764,65.5,3.6280434035554445
Oregon,OR,2008,2006,1.1287297,10.784728487408358,65.4,3.6438812763181985
Oregon,OR,2009,2007,1.6148106,10.790354756094809,65.4,3.6578222322200156
Oregon,OR,2010,2008,1.6427376,10.80051708029052,65.7,3.67019189454937
Pennsylvania,PA,2002,2000,-0.037867166,10.738480859332983,64.4,5.615148386917288
Pennsylvania,PA,2003,2001,0.08736683,10.75725551442991,65.0,5.61635222011201
Pennsylvania,PA,2004,2002,0.11494533,10.764693481836387,65.0,5.6189556319517795
Pennsylvania,PA,2005,2003,0.44551405,10.78704812475941,64.1,5.622487372786639
Pennsylvania,PA,2006,2004,0.08252591,10.810747011842436,64.4,5.625397477489597
Pennsylvania,PA,2007,2005,-0.07254009,10.825849141569742,64.5,5.628556520774956
Pennsylvania,PA,2008,2006,-0.18167527,10.821454547975174,64.5,5.6334296917307185
Pennsylvania,PA,2009,2007,0.08635531,10.853340150253931,64.6,5.637667268414594
Pennsylvania,PA,2010,2008,0.105661936,10.873093963334924,65.1,5.641508040031073
Rhode Island,RI,2002,2000,0.78565437,10.752845891478657,66.8,6.923473601303682
Rhode Island,RI,2003,2001,0.4485859,10.758295794044825,66.1,6.929997271950384
Rhode Island,RI,2004,2002,0.3874519,10.781231306139476,66.4,6.9383368669078465
Rhode Island,RI,2005,2003,0.39142534,10.807872062839502,67.2,6.943340299829169
Rhode Island,RI,2006,2004,0.39447346,10.846073439443312,66.3,6.946357188573126
Rhode Island,RI,2007,2005,0.54304516,10.865358305426811,67.3,6.940137317366117
Rhode Island,RI,2008,2006,0.6219376,10.896889400025414,68.3,6.935613637330927
Rhode Island,RI,2009,2007,0.7151378,10.881481917559851,68.3,6.93016090734272
Rhode Island,RI,2010,2008,0.72802395,10.861128403345885,67.9,6.927971842132596
South Carolina,SC,2002,2000,-0.73030216,10.602279985705552,65.0,4.896749309717558
South Carolina,SC,2003,2001,-0.4762038,10.598093080590248,63.3,4.9068299739473
South Carolina,SC,2004,2002,-0.7722584,10.614854729771256,62.8,4.917303849152701
South Carolina,SC,2005,2003,-0.8581421,10.645185792277424,63.5,4.927597358907507
South Carolina,SC,2006,2004,-1.2635895,10.647180227390818,64.0,4.942098849574939
South Carolina,SC,2007,2005,-1.1575766,10.66705315770916,63.7,4.956066416389735
South Carolina,SC,2008,2006,-1.0429605,10.668948345092712,64.7,4.97639558901908
South Carolina,SC,2009,2007,-0.76273125,10.68086694919526,63.6,4.995997084906876
South Carolina,SC,2010,2008,-0.71755505,10.657336086274464,62.6,5.014917742337096
South Dakota,SD,2002,2000,0.33992302,10.657306982648878,72.5,2.299609921033661
South Dakota,SD,2003,2001,1.4289767,10.66292685151716,72.9,2.302421360999518
South Dakota,SD,2004,2002,0.34824976,10.75944308677413,73.1,2.305119664077
South Dakota,SD,2005,2003,0.18891394,10.764750400865063,73.3,2.3099879295528427
South Dakota,SD,2006,2004,-0.49091515,10.796051331923579,73.2,2.318679583715845
South Dakota,SD,2007,2005,0.096934326,10.834014443688925,73.0,2.3252738714947006
South Dakota,SD,2008,2006,-0.24906372,10.84025471028066,72.6,2.334949756049976
South Dakota,SD,2009,2007,0.11068696,10.870635417536338,72.2,2.345860183738046
South Dakota,SD,2010,2008,-0.055419225,10.899650406144096,71.8,2.355291043070827
Tennessee,TN,2002,2000,-1.3844692,10.692210111368539,65.3,4.929647277441081
Tennessee,TN,2003,2001,-1.2007211,10.681123958938985,64.9,4.937865922004313
Tennessee,TN,2004,2002,-1.0269367,10.705661106023499,65.2,4.94568273588749
Tennessee,TN,2005,2003,-1.012485,10.731141420909339,64.7,4.954596433405104
Tennessee,TN,2006,2004,-0.96310824,10.771333055819733,63.8,4.965311567899907
Tennessee,TN,2007,2005,-1.0801438,10.784136576361048,62.8,4.978796716545129
Tennessee,TN,2008,2006,-1.0830741,10.790547724694665,64.2,4.994974293149524
Tennessee,TN,2009,2007,-0.94357014,10.773492992848396,63.9,5.0091554675947965
Tennessee,TN,2010,2008,-0.9268923,10.774448187084571,63.5,5.020695997144415
Texas,TX,2002,2000,-0.77420306,10.763488122575154,68.4,4.384085240496355
Texas,TX,2003,2001,-0.85452443,10.776192050293425,68.0,4.40183707548269
Texas,TX,2004,2002,-0.92546904,10.780346880029564,68.0,4.419075514763423
Texas,TX,2005,2003,-1.2610483,10.773882004347147,67.9,4.434656626648456
Texas,TX,2006,2004,-1.3473037,10.81214716826739,67.3,4.4510032990716635
Texas,TX,2007,2005,-1.1911932,10.823727737024784,67.3,4.468009763958263
Texas,TX,2008,2006,-0.9975087,10.867564461286431,66.7,4.493216384519705
Texas,TX,2009,2007,-1.0519857,10.898215877296037,65.8,4.513237708257473
Texas,TX,2010,2008,-1.0202223,10.877125014666472,65.9,4.533057462662847
Utah,UT,2002,2000,-0.24790029,10.69083463574804,72.0,3.3049345140508284
Utah,UT,2003,2001,-0.15326557,10.689561982771698,71.7,3.322254346666465
Utah,UT,2004,2002,-0.51329786,10.697173474979206,71.3,3.3400913097253175
Utah,UT,2005,2003,-0.3103042,10.701367969823101,70.9,3.355170511944414
Utah,UT,2006,2004,-0.55816495,10.744027480097248,71.2,3.372577697825228
Utah,UT,2007,2005,-0.3999992,10.782845352443994,71.9,3.3956845277672274
Utah,UT,2008,2006,-0.27435744,10.82973878079594,72.4,3.4228926783948226
Utah,UT,2009,2007,0.25611335,10.849455785956302,72.6,3.451094989699704
Utah,UT,2010,2008,0.31721333,10.82361204092554,71.5,3.4759150404905363
Vermont,VT,2002,2000,0.76866895,10.615318451583471,70.5,4.191734294292618
Vermont,VT,2003,2001,0.68329537,10.64419653256297,70.6,4.195998358024412
Vermont,VT,2004,2002,1.0704141,10.671174589556484,71.0,4.201242471649981
Vermont,VT,2005,2003,1.4453294,10.705185468071026,70.9,4.205160420389997
Vermont,VT,2006,2004,1.6511856,10.752843467332905,70.5,4.208492200252751
Vermont,VT,2007,2005,1.7123901,10.76084729290827,70.5,4.210579000592679
Vermont,VT,2008,2006,1.8957534,10.762842715084533,71.1,4.213274911821688
Vermont,VT,2009,2007,2.3227134,10.757663734779943,70.4,4.214220054317306
Vermont,VT,2010,2008,2.4001427,10.785919880072708,70.2,4.215294089071796
Virginia,VA,2002,2000,0.28804556,10.868189632819037,68.1,5.192821511281665
Virginia,VA,2003,2001,-0.018298075,10.89089055772699,68.4,5.2057612670392865
Virginia,VA,2004,2002,-0.17845981,10.888448853261986,68.4,5.217982277138631
Virginia,VA,2005,2003,-0.08923396,10.913454450887125,68.2,5.228915212564453
Virginia,VA,2006,2004,0.19790821,10.94051368292016,67.7,5.243548806294573
Virginia,VA,2007,2005,0.37618557,10.974136428675306,68.2,5.257038967479879
Virginia,VA,2008,2006,0.4551885,10.982003662787143,68.6,5.269709922794004
Virginia,VA,2009,2007,0.6415911,10.985860886147455,68.9,5.279729634198702
Virginia,VA,2010,2008,0.65172833,10.984986377240006,69.6,5.290316665123169
Washington,WA,2002,2000,0.28917387,10.917483294608694,68.6,4.487960967942701
Washington,WA,2003,2001,0.37622198,10.879991234226132,67.5,4.5006054741061465
Washington,WA,2004,2002,0.62397105,10.881789242832017,67.2,4.5116749686018
Washington,WA,2005,2003,1.128882,10.890723460666806,67.3,4.520191641360914
Washington,WA,2006,2004,1.1850698,10.902127114476786,67.4,4.532327499217514
Washington,WA,2007,2005,1.1739464,10.955645055140263,67.8,4.5449780886847355
Washington,WA,2008,2006,1.141642,10.975321169293046,67.7,4.562946180410227
Washington,WA,2009,2007,1.6215855,11.018794274454951,67.8,4.577103460709706
Washington,WA,2010,2008,1.6486219,11.020618461640497,67.9,4.592559144052801
West Virginia,WV,2002,2000,-0.23236248,10.46498099183755,55.8,4.31966790058974
West Virginia,WV,2003,2001,-0.11195022,10.471756500291315,55.7,4.316597371958934
West Virginia,WV,2004,2002,0.088106915,10.483098650015638,55.6,4.31877819594121
West Virginia,WV,2005,2003,0.31319603,10.489190279519413,55.0,4.322582265476863
West Virginia,WV,2006,2004,0.18895806,10.501707647394332,54.8,4.324865708100044
West Virginia,WV,2007,2005,0.21075204,10.526519557257558,55.1,4.327095061801676
West Virginia,WV,2008,2006,0.1836944,10.537237125163555,55.5,4.331162599404549
West Virginia,WV,2009,2007,0.32905352,10.5407411512247,55.3,4.334515994333512
West Virginia,WV,2010,2008,0.33298165,10.56003340534554,55.2,4.337922303266019
Wisconsin,WI,2002,2000,0.62343127,10.741915496875052,73.0,4.597253165019068
Wisconsin,WI,2003,2001,0.6498287,10.753250807774105,73.1,4.603344734843382
Wisconsin,WI,2004,2002,0.69062966,10.765859053097842,72.4,4.610408348915373
Wisconsin,WI,2005,2003,0.5993298,10.789335839321167,72.4,4.616640493333511
Wisconsin,WI,2006,2004,0.23054072,10.818729861827347,71.4,4.622975868767626
Wisconsin,WI,2007,2005,0.22762835,10.836788423278598,70.7,4.628787719134714
Wisconsin,WI,2008,2006,0.17515145,10.848979728554601,70.9,4.634449278073923
Wisconsin,WI,2009,2007,0.40498197,10.852447910764807,70.8,4.640369697067777
Wisconsin,WI,2010,2008,0.40275285,10.834401922392521,70.6,4.645741486570373
Wyoming,WY,2002,2000,0.30973855,10.893812845578056,71.3,1.6275170952434843
Wyoming,WY,2003,2001,0.2723021,10.955853153843515,71.6,1.628239068019868
Wyoming,WY,2004,2002,0.42883873,10.964755036918502,71.1,1.6390165727747756
Wyoming,WY,2005,2003,0.6518687,10.98875004222851,71.3,1.645864836158143
Wyoming,WY,2006,2004,0.48741007,11.009722688885455,71.1,1.657030721273243
Wyoming,WY,2007,2005,0.37308255,11.053085951359709,71.5,1.6669031412169713
Wyoming,WY,2008,2006,0.2031724,11.158132221351046,71.9,1.683319024927713
Wyoming,WY,2009,2007,0.33668303,11.209897797141656,71.9,1.7064094192615038
Wyoming,WY,2010,2008,0.31401068,11.241902892511558,71.8,1.7270722021532512
