check,result
rows == 1200,PASS
"50 states, years 2000-2023",PASS
state-year duplicates == 0,PASS
direct == 900,PASS
model-estimated == 300 (200 between + 100 backcast),PASS
observed exact match canonical raw,PASS
official SE direct coverage 900/900,PASS
canonical estimate missing == 0,PASS
interpolation / forward / backward fill == 0,PASS
limitation flag == 150 (2018/2020/2022),PASS
state identifier validity,PASS
year validity,PASS
source classification validity,PASS
previous v4 QA 10/10 PASS reproduced,PASS
