variable,role,exact_wording,response_codes,missing_codes,universe,official_edited_universe,weight,raw_position,source,note
PES5A,group_participation,"Next, I will give you a list of types of groups or organizations in which people sometimes participate. (Have you/Has NAME) participated in any of these groups during the last 12 months, that is since November 2012: A school group, neighborhood, or community association such as PTA or neighborhood watch group?",1=Yes;2=No,-1=NIU;-2=DK;-3=Refused;-9=No Response,civilian noninstitutional household age18+;PRSUPINT1;PWNRWGT>0;self/proxy;observed MIS3/4/7/8;UNKNOWN — DOCUMENT/RAW CONFLICT (Abstract outgoing-only vs Overview3/4/7/8 and raw),"PES3=1,2,-2,-3",PWNRWGT,959-960,https://www2.census.gov/programs-surveys/cps/techdocs/cpsnov13.pdf Attachment7/8; API uppercase exactnames,"Official PES3 upstream frequency restriction is inconsistent with released groupresponses; all officially edited released eligible itemresponses preserved; NIU/negative responses excluded, never converted0"
PES5B,group_participation,"Next, I will give you a list of types of groups or organizations in which people sometimes participate. (Have you/Has NAME) participated in any of these groups during the last 12 months, that is since November 2012: A service or civic organization such as American Legion or Lions Club?",1=Yes;2=No,-1=NIU;-2=DK;-3=Refused;-9=No Response,civilian noninstitutional household age18+;PRSUPINT1;PWNRWGT>0;self/proxy;observed MIS3/4/7/8;UNKNOWN — DOCUMENT/RAW CONFLICT (Abstract outgoing-only vs Overview3/4/7/8 and raw),"PES5a=1,2,-2,-3",PWNRWGT,961-962,https://www2.census.gov/programs-surveys/cps/techdocs/cpsnov13.pdf Attachment7/8; API uppercase exactnames,"Official PES3 upstream frequency restriction is inconsistent with released groupresponses; all officially edited released eligible itemresponses preserved; NIU/negative responses excluded, never converted0"
PES5C,group_participation,"Next, I will give you a list of types of groups or organizations in which people sometimes participate. (Have you/Has NAME) participated in any of these groups during the last 12 months, that is since November 2012: A sports or recreation organization such as a soccer club or tennis club?",1=Yes;2=No,-1=NIU;-2=DK;-3=Refused;-9=No Response,civilian noninstitutional household age18+;PRSUPINT1;PWNRWGT>0;self/proxy;observed MIS3/4/7/8;UNKNOWN — DOCUMENT/RAW CONFLICT (Abstract outgoing-only vs Overview3/4/7/8 and raw),"PES5b=1,2,-2,-3",PWNRWGT,963-964,https://www2.census.gov/programs-surveys/cps/techdocs/cpsnov13.pdf Attachment7/8; API uppercase exactnames,"Official PES3 upstream frequency restriction is inconsistent with released groupresponses; all officially edited released eligible itemresponses preserved; NIU/negative responses excluded, never converted0"
PES5D,group_participation,"Next, I will give you a list of types of groups or organizations in which people sometimes participate. (Have you/Has NAME) participated in any of these groups during the last 12 months, that is since November 2012: A church, synagogue, mosque, or other religious institution or organization, NOT COUNTING (your/his/her) attendance.",1=Yes;2=No,-1=NIU;-2=DK;-3=Refused;-9=No Response,civilian noninstitutional household age18+;PRSUPINT1;PWNRWGT>0;self/proxy;observed MIS3/4/7/8;UNKNOWN — DOCUMENT/RAW CONFLICT (Abstract outgoing-only vs Overview3/4/7/8 and raw),"PES5c=1,2,-2,-3",PWNRWGT,965-966,https://www2.census.gov/programs-surveys/cps/techdocs/cpsnov13.pdf Attachment7/8; API uppercase exactnames,"Official PES3 upstream frequency restriction is inconsistent with released groupresponses; all officially edited released eligible itemresponses preserved; NIU/negative responses excluded, never converted0"
PES5E,group_participation,"Next, I will give you a list of types of groups or organizations in which people sometimes participate. (Have you/Has NAME) participated in any of these groups during the last 12 months, that is since November 2012: Any other type of organization that I have not mentioned?",1=Yes;2=No,-1=NIU;-2=DK;-3=Refused;-9=No Response,civilian noninstitutional household age18+;PRSUPINT1;PWNRWGT>0;self/proxy;observed MIS3/4/7/8;UNKNOWN — DOCUMENT/RAW CONFLICT (Abstract outgoing-only vs Overview3/4/7/8 and raw),"PES5d=1,2,-2,-3",PWNRWGT,967-968,https://www2.census.gov/programs-surveys/cps/techdocs/cpsnov13.pdf Attachment7/8; API uppercase exactnames,"Official PES3 upstream frequency restriction is inconsistent with released groupresponses; all officially edited released eligible itemresponses preserved; NIU/negative responses excluded, never converted0"
GESTFIPS,state,state,stateFIPS;DC11 QA only,not applicable;no groupmissing imputed,civilian noninstitutional household age18+;PRSUPINT1;PWNRWGT>0;self/proxy;observed MIS3/4/7/8;UNKNOWN — DOCUMENT/RAW CONFLICT (Abstract outgoing-only vs Overview3/4/7/8 and raw),source-specific eligibility,PWNRWGT,93-94,https://www2.census.gov/programs-surveys/cps/techdocs/cpsnov13.pdf Attachment6/7;2013 NRrep SAS;linked personinstructions,
PRTAGE,age,age,minimum18;2013 exactrawnamePRTAGE;80means80-84;85means85+,not applicable;no groupmissing imputed,civilian noninstitutional household age18+;PRSUPINT1;PWNRWGT>0;self/proxy;observed MIS3/4/7/8;UNKNOWN — DOCUMENT/RAW CONFLICT (Abstract outgoing-only vs Overview3/4/7/8 and raw),source-specific eligibility,PWNRWGT,122-123,https://www2.census.gov/programs-surveys/cps/techdocs/cpsnov13.pdf Attachment6/7;2013 NRrep SAS;linked personinstructions,
HRMIS,rotation,rotation,"observed3,4,7,8;restriction UNKNOWN — DOCUMENT/RAW CONFLICT",not applicable;no groupmissing imputed,civilian noninstitutional household age18+;PRSUPINT1;PWNRWGT>0;self/proxy;observed MIS3/4/7/8;UNKNOWN — DOCUMENT/RAW CONFLICT (Abstract outgoing-only vs Overview3/4/7/8 and raw),source-specific eligibility,PWNRWGT,63-64,https://www2.census.gov/programs-surveys/cps/techdocs/cpsnov13.pdf Attachment6/7;2013 NRrep SAS;linked personinstructions,
PRPERTYP,civilian,civilian,2 adultcivilian;excludechildren/ArmedForces,not applicable;no groupmissing imputed,civilian noninstitutional household age18+;PRSUPINT1;PWNRWGT>0;self/proxy;observed MIS3/4/7/8;UNKNOWN — DOCUMENT/RAW CONFLICT (Abstract outgoing-only vs Overview3/4/7/8 and raw),source-specific eligibility,PWNRWGT,161-162,https://www2.census.gov/programs-surveys/cps/techdocs/cpsnov13.pdf Attachment6/7;2013 NRrep SAS;linked personinstructions,
PRSUPINT,supplement interview,supplement interview,1 Interview;2 noninterview,not applicable;no groupmissing imputed,civilian noninstitutional household age18+;PRSUPINT1;PWNRWGT>0;self/proxy;observed MIS3/4/7/8;UNKNOWN — DOCUMENT/RAW CONFLICT (Abstract outgoing-only vs Overview3/4/7/8 and raw),source-specific eligibility,PWNRWGT,991-992,https://www2.census.gov/programs-surveys/cps/techdocs/cpsnov13.pdf Attachment6/7;2013 NRrep SAS;linked personinstructions,
PWNRWGT,official supplement weight,official supplement weight,four implieddecimals;nonresponse weight for totalresponse groupitems; API suggestedweight,not applicable;no groupmissing imputed,civilian noninstitutional household age18+;PRSUPINT1;PWNRWGT>0;self/proxy;observed MIS3/4/7/8;UNKNOWN — DOCUMENT/RAW CONFLICT (Abstract outgoing-only vs Overview3/4/7/8 and raw),source-specific eligibility,PWNRWGT,1003-1012,https://www2.census.gov/programs-surveys/cps/techdocs/cpsnov13.pdf Attachment6/7;2013 NRrep SAS;linked personinstructions,
PWSRWGT,selfresponse weight,selfresponse weight,not used for five groupitems,not applicable;no groupmissing imputed,civilian noninstitutional household age18+;PRSUPINT1;PWNRWGT>0;self/proxy;observed MIS3/4/7/8;UNKNOWN — DOCUMENT/RAW CONFLICT (Abstract outgoing-only vs Overview3/4/7/8 and raw),source-specific eligibility,PWNRWGT,993-1002,https://www2.census.gov/programs-surveys/cps/techdocs/cpsnov13.pdf Attachment6/7;2013 NRrep SAS;linked personinstructions,
QSTNUM,household mergeID,household mergeID,replicate file1-5,not applicable;no groupmissing imputed,civilian noninstitutional household age18+;PRSUPINT1;PWNRWGT>0;self/proxy;observed MIS3/4/7/8;UNKNOWN — DOCUMENT/RAW CONFLICT (Abstract outgoing-only vs Overview3/4/7/8 and raw),source-specific eligibility,PWNRWGT,815-819,https://www2.census.gov/programs-surveys/cps/techdocs/cpsnov13.pdf Attachment6/7;2013 NRrep SAS;linked personinstructions,
OCCURNUM,person mergeID,person mergeID,replicate file6-7,not applicable;no groupmissing imputed,civilian noninstitutional household age18+;PRSUPINT1;PWNRWGT>0;self/proxy;observed MIS3/4/7/8;UNKNOWN — DOCUMENT/RAW CONFLICT (Abstract outgoing-only vs Overview3/4/7/8 and raw),source-specific eligibility,PWNRWGT,820-821,https://www2.census.gov/programs-surveys/cps/techdocs/cpsnov13.pdf Attachment6/7;2013 NRrep SAS;linked personinstructions,
repwgt0-repwgt160,variance weights,variance weights,161 tencharacter blocks;0 fullsample;1-160replicates;four implieddecimals,not applicable;no groupmissing imputed,civilian noninstitutional household age18+;PRSUPINT1;PWNRWGT>0;self/proxy;observed MIS3/4/7/8;UNKNOWN — DOCUMENT/RAW CONFLICT (Abstract outgoing-only vs Overview3/4/7/8 and raw),source-specific eligibility,PWNRWGT,NRreplicate file8-1617,https://www2.census.gov/programs-surveys/cps/techdocs/cpsnov13.pdf Attachment6/7;2013 NRrep SAS;linked personinstructions,Official SAS starts repwgt39 at399 instead of398 and69 at699 instead of698 (9-character spans). Complete actual10character blocks retained; all161 published totals and fullsample perperson equality independently validate parsing.
S2_ANY,derivedindicator,1 if any PES5A-E=1;0 only allfive=2;otherwise missing,"0,1",otherwise excluded fromvaliddenominator,civilian noninstitutional household age18+;PRSUPINT1;PWNRWGT>0;self/proxy;observed MIS3/4/7/8;UNKNOWN — DOCUMENT/RAW CONFLICT (Abstract outgoing-only vs Overview3/4/7/8 and raw),five organizationcategories;PES7 leadership is not an additional organizationtype,PWNRWGT,derived,verified2013 fiveitem questionnaire,Any observedYes classifies1 even if another item isunknown; no observedYes plus at leastoneunknown is excluded
