year,variable,exact_wording,verified_in_official_codebook,pdf_sha256
2011,PES5A,"Next, I will give you a list of types of groups or organizations in which people sometimes participate. (Have you/Has NAME) participated in any of these groups during the last 12 months, that is since November 2010: A school group, neighborhood, or community association such as PTA or neighborhood watch group?",True,132a41e75ca0e7e3830057a213173076089cec3509add835d6083da628566f20
2011,PES5B,"Next, I will give you a list of types of groups or organizations in which people sometimes participate. (Have you/Has NAME) participated in any of these groups during the last 12 months, that is since November 2010: A service or civic organization such as American Legion or Lions Club?",True,132a41e75ca0e7e3830057a213173076089cec3509add835d6083da628566f20
2011,PES5C,"Next, I will give you a list of types of groups or organizations in which people sometimes participate. (Have you/Has NAME) participated in any of these groups during the last 12 months, that is since November 2010: A sports or recreation organization such as a soccer club or tennis club?",True,132a41e75ca0e7e3830057a213173076089cec3509add835d6083da628566f20
2011,PES5D,"Next, I will give you a list of types of groups or organizations in which people sometimes participate. (Have you/Has NAME) participated in any of these groups during the last 12 months, that is since November 2010: A church, synagogue, mosque, or other religious institution or organization, NOT COUNTING (your/his/her) attendance.",True,132a41e75ca0e7e3830057a213173076089cec3509add835d6083da628566f20
2011,PES5E,"Next, I will give you a list of types of groups or organizations in which people sometimes participate. (Have you/Has NAME) participated in any of these groups during the last 12 months, that is since November 2010: Any other type of organization that I have not mentioned?",True,132a41e75ca0e7e3830057a213173076089cec3509add835d6083da628566f20
2013,PES5A,"Next, I will give you a list of types of groups or organizations in which people sometimes participate. (Have you/Has NAME) participated in any of these groups during the last 12 months, that is since November 2012: A school group, neighborhood, or community association such as PTA or neighborhood watch group?",True,e177c2f16ea469a96cfc91e0e5eb6a31087bfbc5aa6e2ae8f5d406f784d51a13
2013,PES5B,"Next, I will give you a list of types of groups or organizations in which people sometimes participate. (Have you/Has NAME) participated in any of these groups during the last 12 months, that is since November 2012: A service or civic organization such as American Legion or Lions Club?",True,e177c2f16ea469a96cfc91e0e5eb6a31087bfbc5aa6e2ae8f5d406f784d51a13
2013,PES5C,"Next, I will give you a list of types of groups or organizations in which people sometimes participate. (Have you/Has NAME) participated in any of these groups during the last 12 months, that is since November 2012: A sports or recreation organization such as a soccer club or tennis club?",True,e177c2f16ea469a96cfc91e0e5eb6a31087bfbc5aa6e2ae8f5d406f784d51a13
2013,PES5D,"Next, I will give you a list of types of groups or organizations in which people sometimes participate. (Have you/Has NAME) participated in any of these groups during the last 12 months, that is since November 2012: A church, synagogue, mosque, or other religious institution or organization, NOT COUNTING (your/his/her) attendance.",True,e177c2f16ea469a96cfc91e0e5eb6a31087bfbc5aa6e2ae8f5d406f784d51a13
2013,PES5E,"Next, I will give you a list of types of groups or organizations in which people sometimes participate. (Have you/Has NAME) participated in any of these groups during the last 12 months, that is since November 2012: Any other type of organization that I have not mentioned?",True,e177c2f16ea469a96cfc91e0e5eb6a31087bfbc5aa6e2ae8f5d406f784d51a13
