file,source_url,sha256,bytes,storage,verified_utc,note
QA_SPEC.json,local preexecution specification,b6107d196ebc8f1624f78a15356db196ff8539097a92c9ff3b3270ef3cba272b,962,repository text,2026-10-01T11:57:13.458113+00:00,verified input bytes
source_links.json,https://www.census.gov/data/datasets/time-series/demo/cps/cps-supp_cps-repwgt/cps-civic.2013.html,9ca3865671b80219dc7db108d56bf6b4244f6e1b4a8725874d06bd5bac2a3bed,1179,repository text,2026-10-01T11:57:13.458113+00:00,verified input bytes
external_benchmark_source.json,https://ncoc.org/wp-content/uploads/2015/04/2015NorthCarolinaCHI.pdf,ca7350095853a9d7979d386e3762353e11a8fb472a52e70bad9d71a058352711,1009,repository text,2026-10-01T11:57:13.458113+00:00,"Paraphrased facts from accessibleweb PDF extraction;PDF download403;hashisJSONevidencebytes,notPDFhash"
nov13pub.dat.gz,https://www2.census.gov/programs-surveys/cps/datasets/2013/supp/nov13pub.dat.gz,10f89ef543f5444f4e3b738425d27b7398a9894faecc4bff893a30749b3abf4f,13720354,official source download manifest,2026-10-01T11:57:13.458113+00:00,verified input bytes
nov13nrrep.dat.gz,https://www2.census.gov/programs-surveys/cps/datasets/2013/supp/nov13nrrep.dat.gz,d59a9d23ff6ad8bf9b5fe68c4a09c3a3617e4e27d494b3d7bcadd4c992be07c1,30972712,official source download manifest,2026-10-01T11:57:13.458113+00:00,verified input bytes
cpsnov13.pdf,https://www2.census.gov/programs-surveys/cps/techdocs/cpsnov13.pdf,e177c2f16ea469a96cfc91e0e5eb6a31087bfbc5aa6e2ae8f5d406f784d51a13,539727,official source download manifest,2026-10-01T11:57:13.458113+00:00,verified input bytes
nrrep.sas,https://www2.census.gov/programs-surveys/cps/datasets/2013/supp/cps_civeng_nrrepwgt_nov13.sas,0178f1b7db06f5f3902e55601021be856bbd77a76ec4e56b9d127c8ac0884219,9309,repository text,2026-10-01T11:57:13.458113+00:00,verified input bytes
person_replicate_instructions.doc,https://www2.census.gov/programs-surveys/cps/datasets/2018/supp/PERSON-level_Use_of_the_Public_Use_Replicate_Weight_File.doc,3277daf7eb877606ac66e92e66e1083e433b0d1e2eefbaf21ae42ee59b8aa374,286208,official source download manifest,2026-10-01T11:57:13.458113+00:00,Census2013 page linkedpersoninstructions redownloaded;URL2018hostingdirectory; documentMarch7 2012
person_replicate_instructions.txt,https://www2.census.gov/programs-surveys/cps/datasets/2018/supp/PERSON-level_Use_of_the_Public_Use_Replicate_Weight_File.doc,1aa415e0e877af3ae3e1fe217b0c094206acff599aeed35c38c2962d902c98bf,27905,repository text,2026-10-01T11:57:13.458113+00:00,Census2013 page linkedpersoninstructions redownloaded;URL2018hostingdirectory; documentMarch7 2012
variables.json,https://api.census.gov/data/2013/cps/civic/nov/variables.json,19275237f00fb95c4724e2f3a8dba9d4671f6502e1d4d4679289a9aa9f9fcac2,405021,official source download manifest,2026-10-01T11:57:13.458113+00:00,verified input bytes
verified_variables.json,https://api.census.gov/data/2013/cps/civic/nov/variables.json,d193b9213c33a287c3c27373c61bf1ca012fcb90c1b01315e152c06735d6e4f0,4749,repository text,2026-10-01T11:57:13.458113+00:00,verified input bytes
2011_comparison_cpsnov11.pdf,https://www2.census.gov/programs-surveys/cps/techdocs/cpsnov11.pdf,132a41e75ca0e7e3830057a213173076089cec3509add835d6083da628566f20,512055,source comparisonmanifest;2011 originalPDF locallyavailable,2026-10-01T12:02:44.711255+00:00,continuitycomparison only;no2011 estimates regenerated
API_QA_attempt_PES5A,"https://api.census.gov/data/2013/cps/civic/nov?tabulate=weight(PWNRWGT)&row+for&col+PES5A&PES5A=1,2&PRTAGE=18:90&PRSUPINT=1&PRPERTYP=2&for=state:*",c2f4687e09b80676de7f68dec92ebea395209616dbc6f895520e547c5f68c0f5,8531,requestmetadata inrunlog;nonJSONresponse notpreserved asdata,2026-10-01T11:57:33.885663+00:00,UNAVAILABLE_AUTH_REQUIRED;actual weighted comparison NOT COMPLETED;keyunavailable
API_QA_attempt_PES5B,"https://api.census.gov/data/2013/cps/civic/nov?tabulate=weight(PWNRWGT)&row+for&col+PES5B&PES5B=1,2&PRTAGE=18:90&PRSUPINT=1&PRPERTYP=2&for=state:*",c2f4687e09b80676de7f68dec92ebea395209616dbc6f895520e547c5f68c0f5,8531,requestmetadata inrunlog;nonJSONresponse notpreserved asdata,2026-10-01T11:57:33.978323+00:00,UNAVAILABLE_AUTH_REQUIRED;actual weighted comparison NOT COMPLETED;keyunavailable
API_QA_attempt_PES5C,"https://api.census.gov/data/2013/cps/civic/nov?tabulate=weight(PWNRWGT)&row+for&col+PES5C&PES5C=1,2&PRTAGE=18:90&PRSUPINT=1&PRPERTYP=2&for=state:*",c2f4687e09b80676de7f68dec92ebea395209616dbc6f895520e547c5f68c0f5,8531,requestmetadata inrunlog;nonJSONresponse notpreserved asdata,2026-10-01T11:57:33.822149+00:00,UNAVAILABLE_AUTH_REQUIRED;actual weighted comparison NOT COMPLETED;keyunavailable
API_QA_attempt_PES5D,"https://api.census.gov/data/2013/cps/civic/nov?tabulate=weight(PWNRWGT)&row+for&col+PES5D&PES5D=1,2&PRTAGE=18:90&PRSUPINT=1&PRPERTYP=2&for=state:*",c2f4687e09b80676de7f68dec92ebea395209616dbc6f895520e547c5f68c0f5,8531,requestmetadata inrunlog;nonJSONresponse notpreserved asdata,2026-10-01T11:57:47.252566+00:00,UNAVAILABLE_AUTH_REQUIRED;actual weighted comparison NOT COMPLETED;keyunavailable
API_QA_attempt_PES5E,"https://api.census.gov/data/2013/cps/civic/nov?tabulate=weight(PWNRWGT)&row+for&col+PES5E&PES5E=1,2&PRTAGE=18:90&PRSUPINT=1&PRPERTYP=2&for=state:*",c2f4687e09b80676de7f68dec92ebea395209616dbc6f895520e547c5f68c0f5,8531,requestmetadata inrunlog;nonJSONresponse notpreserved asdata,2026-10-01T11:57:47.227914+00:00,UNAVAILABLE_AUTH_REQUIRED;actual weighted comparison NOT COMPLETED;keyunavailable
