state,state_fips,year,observation_type,run_id,source,input_sha256,weight,universe,missing_rule,se_method,replicate_source,replicate_sha256,code_sha256,output_sha256
AL,01,2011,DIRECT,S2_2011_20261001T104023Z,https://www2.census.gov/programs-surveys/cps/datasets/2011/supp/nov11pub.dat.gz,ac45a6dc7c2ebba2c0b3be722284bc2490dc8c3f20f12cd64dfdd3b4429183ed,PWNRWGT,civilian noninstitutional household age18+;PRSUPINT1;PWNRWGT>0;self/proxy;observed MIS1-8;documentation outgoing-only conflict disclosed,any Yes1;allfiveNo0;otherwise excluded,CENSUS_NR_160_REPLICATES_FACTOR_4_OVER_160,https://www2.census.gov/programs-surveys/cps/datasets/2011/supp/nov11nrrep.dat.gz,1accb8eacadf4bbc616577196a45ea2936c8d45594e5b9cc506870e1c592c736,aee4bb47b051f7557ba3355daa82827cf53fb301c5e7e98e51bde70f30181113,9dd051273ee3a2389a31024a57dd14c5fc5864980b889c65509b65af79b05a9f
AK,02,2011,DIRECT,S2_2011_20261001T104023Z,https://www2.census.gov/programs-surveys/cps/datasets/2011/supp/nov11pub.dat.gz,ac45a6dc7c2ebba2c0b3be722284bc2490dc8c3f20f12cd64dfdd3b4429183ed,PWNRWGT,civilian noninstitutional household age18+;PRSUPINT1;PWNRWGT>0;self/proxy;observed MIS1-8;documentation outgoing-only conflict disclosed,any Yes1;allfiveNo0;otherwise excluded,CENSUS_NR_160_REPLICATES_FACTOR_4_OVER_160,https://www2.census.gov/programs-surveys/cps/datasets/2011/supp/nov11nrrep.dat.gz,1accb8eacadf4bbc616577196a45ea2936c8d45594e5b9cc506870e1c592c736,aee4bb47b051f7557ba3355daa82827cf53fb301c5e7e98e51bde70f30181113,9dd051273ee3a2389a31024a57dd14c5fc5864980b889c65509b65af79b05a9f
AZ,04,2011,DIRECT,S2_2011_20261001T104023Z,https://www2.census.gov/programs-surveys/cps/datasets/2011/supp/nov11pub.dat.gz,ac45a6dc7c2ebba2c0b3be722284bc2490dc8c3f20f12cd64dfdd3b4429183ed,PWNRWGT,civilian noninstitutional household age18+;PRSUPINT1;PWNRWGT>0;self/proxy;observed MIS1-8;documentation outgoing-only conflict disclosed,any Yes1;allfiveNo0;otherwise excluded,CENSUS_NR_160_REPLICATES_FACTOR_4_OVER_160,https://www2.census.gov/programs-surveys/cps/datasets/2011/supp/nov11nrrep.dat.gz,1accb8eacadf4bbc616577196a45ea2936c8d45594e5b9cc506870e1c592c736,aee4bb47b051f7557ba3355daa82827cf53fb301c5e7e98e51bde70f30181113,9dd051273ee3a2389a31024a57dd14c5fc5864980b889c65509b65af79b05a9f
AR,05,2011,DIRECT,S2_2011_20261001T104023Z,https://www2.census.gov/programs-surveys/cps/datasets/2011/supp/nov11pub.dat.gz,ac45a6dc7c2ebba2c0b3be722284bc2490dc8c3f20f12cd64dfdd3b4429183ed,PWNRWGT,civilian noninstitutional household age18+;PRSUPINT1;PWNRWGT>0;self/proxy;observed MIS1-8;documentation outgoing-only conflict disclosed,any Yes1;allfiveNo0;otherwise excluded,CENSUS_NR_160_REPLICATES_FACTOR_4_OVER_160,https://www2.census.gov/programs-surveys/cps/datasets/2011/supp/nov11nrrep.dat.gz,1accb8eacadf4bbc616577196a45ea2936c8d45594e5b9cc506870e1c592c736,aee4bb47b051f7557ba3355daa82827cf53fb301c5e7e98e51bde70f30181113,9dd051273ee3a2389a31024a57dd14c5fc5864980b889c65509b65af79b05a9f
CA,06,2011,DIRECT,S2_2011_20261001T104023Z,https://www2.census.gov/programs-surveys/cps/datasets/2011/supp/nov11pub.dat.gz,ac45a6dc7c2ebba2c0b3be722284bc2490dc8c3f20f12cd64dfdd3b4429183ed,PWNRWGT,civilian noninstitutional household age18+;PRSUPINT1;PWNRWGT>0;self/proxy;observed MIS1-8;documentation outgoing-only conflict disclosed,any Yes1;allfiveNo0;otherwise excluded,CENSUS_NR_160_REPLICATES_FACTOR_4_OVER_160,https://www2.census.gov/programs-surveys/cps/datasets/2011/supp/nov11nrrep.dat.gz,1accb8eacadf4bbc616577196a45ea2936c8d45594e5b9cc506870e1c592c736,aee4bb47b051f7557ba3355daa82827cf53fb301c5e7e98e51bde70f30181113,9dd051273ee3a2389a31024a57dd14c5fc5864980b889c65509b65af79b05a9f
CO,08,2011,DIRECT,S2_2011_20261001T104023Z,https://www2.census.gov/programs-surveys/cps/datasets/2011/supp/nov11pub.dat.gz,ac45a6dc7c2ebba2c0b3be722284bc2490dc8c3f20f12cd64dfdd3b4429183ed,PWNRWGT,civilian noninstitutional household age18+;PRSUPINT1;PWNRWGT>0;self/proxy;observed MIS1-8;documentation outgoing-only conflict disclosed,any Yes1;allfiveNo0;otherwise excluded,CENSUS_NR_160_REPLICATES_FACTOR_4_OVER_160,https://www2.census.gov/programs-surveys/cps/datasets/2011/supp/nov11nrrep.dat.gz,1accb8eacadf4bbc616577196a45ea2936c8d45594e5b9cc506870e1c592c736,aee4bb47b051f7557ba3355daa82827cf53fb301c5e7e98e51bde70f30181113,9dd051273ee3a2389a31024a57dd14c5fc5864980b889c65509b65af79b05a9f
CT,09,2011,DIRECT,S2_2011_20261001T104023Z,https://www2.census.gov/programs-surveys/cps/datasets/2011/supp/nov11pub.dat.gz,ac45a6dc7c2ebba2c0b3be722284bc2490dc8c3f20f12cd64dfdd3b4429183ed,PWNRWGT,civilian noninstitutional household age18+;PRSUPINT1;PWNRWGT>0;self/proxy;observed MIS1-8;documentation outgoing-only conflict disclosed,any Yes1;allfiveNo0;otherwise excluded,CENSUS_NR_160_REPLICATES_FACTOR_4_OVER_160,https://www2.census.gov/programs-surveys/cps/datasets/2011/supp/nov11nrrep.dat.gz,1accb8eacadf4bbc616577196a45ea2936c8d45594e5b9cc506870e1c592c736,aee4bb47b051f7557ba3355daa82827cf53fb301c5e7e98e51bde70f30181113,9dd051273ee3a2389a31024a57dd14c5fc5864980b889c65509b65af79b05a9f
DE,10,2011,DIRECT,S2_2011_20261001T104023Z,https://www2.census.gov/programs-surveys/cps/datasets/2011/supp/nov11pub.dat.gz,ac45a6dc7c2ebba2c0b3be722284bc2490dc8c3f20f12cd64dfdd3b4429183ed,PWNRWGT,civilian noninstitutional household age18+;PRSUPINT1;PWNRWGT>0;self/proxy;observed MIS1-8;documentation outgoing-only conflict disclosed,any Yes1;allfiveNo0;otherwise excluded,CENSUS_NR_160_REPLICATES_FACTOR_4_OVER_160,https://www2.census.gov/programs-surveys/cps/datasets/2011/supp/nov11nrrep.dat.gz,1accb8eacadf4bbc616577196a45ea2936c8d45594e5b9cc506870e1c592c736,aee4bb47b051f7557ba3355daa82827cf53fb301c5e7e98e51bde70f30181113,9dd051273ee3a2389a31024a57dd14c5fc5864980b889c65509b65af79b05a9f
FL,12,2011,DIRECT,S2_2011_20261001T104023Z,https://www2.census.gov/programs-surveys/cps/datasets/2011/supp/nov11pub.dat.gz,ac45a6dc7c2ebba2c0b3be722284bc2490dc8c3f20f12cd64dfdd3b4429183ed,PWNRWGT,civilian noninstitutional household age18+;PRSUPINT1;PWNRWGT>0;self/proxy;observed MIS1-8;documentation outgoing-only conflict disclosed,any Yes1;allfiveNo0;otherwise excluded,CENSUS_NR_160_REPLICATES_FACTOR_4_OVER_160,https://www2.census.gov/programs-surveys/cps/datasets/2011/supp/nov11nrrep.dat.gz,1accb8eacadf4bbc616577196a45ea2936c8d45594e5b9cc506870e1c592c736,aee4bb47b051f7557ba3355daa82827cf53fb301c5e7e98e51bde70f30181113,9dd051273ee3a2389a31024a57dd14c5fc5864980b889c65509b65af79b05a9f
GA,13,2011,DIRECT,S2_2011_20261001T104023Z,https://www2.census.gov/programs-surveys/cps/datasets/2011/supp/nov11pub.dat.gz,ac45a6dc7c2ebba2c0b3be722284bc2490dc8c3f20f12cd64dfdd3b4429183ed,PWNRWGT,civilian noninstitutional household age18+;PRSUPINT1;PWNRWGT>0;self/proxy;observed MIS1-8;documentation outgoing-only conflict disclosed,any Yes1;allfiveNo0;otherwise excluded,CENSUS_NR_160_REPLICATES_FACTOR_4_OVER_160,https://www2.census.gov/programs-surveys/cps/datasets/2011/supp/nov11nrrep.dat.gz,1accb8eacadf4bbc616577196a45ea2936c8d45594e5b9cc506870e1c592c736,aee4bb47b051f7557ba3355daa82827cf53fb301c5e7e98e51bde70f30181113,9dd051273ee3a2389a31024a57dd14c5fc5864980b889c65509b65af79b05a9f
HI,15,2011,DIRECT,S2_2011_20261001T104023Z,https://www2.census.gov/programs-surveys/cps/datasets/2011/supp/nov11pub.dat.gz,ac45a6dc7c2ebba2c0b3be722284bc2490dc8c3f20f12cd64dfdd3b4429183ed,PWNRWGT,civilian noninstitutional household age18+;PRSUPINT1;PWNRWGT>0;self/proxy;observed MIS1-8;documentation outgoing-only conflict disclosed,any Yes1;allfiveNo0;otherwise excluded,CENSUS_NR_160_REPLICATES_FACTOR_4_OVER_160,https://www2.census.gov/programs-surveys/cps/datasets/2011/supp/nov11nrrep.dat.gz,1accb8eacadf4bbc616577196a45ea2936c8d45594e5b9cc506870e1c592c736,aee4bb47b051f7557ba3355daa82827cf53fb301c5e7e98e51bde70f30181113,9dd051273ee3a2389a31024a57dd14c5fc5864980b889c65509b65af79b05a9f
ID,16,2011,DIRECT,S2_2011_20261001T104023Z,https://www2.census.gov/programs-surveys/cps/datasets/2011/supp/nov11pub.dat.gz,ac45a6dc7c2ebba2c0b3be722284bc2490dc8c3f20f12cd64dfdd3b4429183ed,PWNRWGT,civilian noninstitutional household age18+;PRSUPINT1;PWNRWGT>0;self/proxy;observed MIS1-8;documentation outgoing-only conflict disclosed,any Yes1;allfiveNo0;otherwise excluded,CENSUS_NR_160_REPLICATES_FACTOR_4_OVER_160,https://www2.census.gov/programs-surveys/cps/datasets/2011/supp/nov11nrrep.dat.gz,1accb8eacadf4bbc616577196a45ea2936c8d45594e5b9cc506870e1c592c736,aee4bb47b051f7557ba3355daa82827cf53fb301c5e7e98e51bde70f30181113,9dd051273ee3a2389a31024a57dd14c5fc5864980b889c65509b65af79b05a9f
IL,17,2011,DIRECT,S2_2011_20261001T104023Z,https://www2.census.gov/programs-surveys/cps/datasets/2011/supp/nov11pub.dat.gz,ac45a6dc7c2ebba2c0b3be722284bc2490dc8c3f20f12cd64dfdd3b4429183ed,PWNRWGT,civilian noninstitutional household age18+;PRSUPINT1;PWNRWGT>0;self/proxy;observed MIS1-8;documentation outgoing-only conflict disclosed,any Yes1;allfiveNo0;otherwise excluded,CENSUS_NR_160_REPLICATES_FACTOR_4_OVER_160,https://www2.census.gov/programs-surveys/cps/datasets/2011/supp/nov11nrrep.dat.gz,1accb8eacadf4bbc616577196a45ea2936c8d45594e5b9cc506870e1c592c736,aee4bb47b051f7557ba3355daa82827cf53fb301c5e7e98e51bde70f30181113,9dd051273ee3a2389a31024a57dd14c5fc5864980b889c65509b65af79b05a9f
IN,18,2011,DIRECT,S2_2011_20261001T104023Z,https://www2.census.gov/programs-surveys/cps/datasets/2011/supp/nov11pub.dat.gz,ac45a6dc7c2ebba2c0b3be722284bc2490dc8c3f20f12cd64dfdd3b4429183ed,PWNRWGT,civilian noninstitutional household age18+;PRSUPINT1;PWNRWGT>0;self/proxy;observed MIS1-8;documentation outgoing-only conflict disclosed,any Yes1;allfiveNo0;otherwise excluded,CENSUS_NR_160_REPLICATES_FACTOR_4_OVER_160,https://www2.census.gov/programs-surveys/cps/datasets/2011/supp/nov11nrrep.dat.gz,1accb8eacadf4bbc616577196a45ea2936c8d45594e5b9cc506870e1c592c736,aee4bb47b051f7557ba3355daa82827cf53fb301c5e7e98e51bde70f30181113,9dd051273ee3a2389a31024a57dd14c5fc5864980b889c65509b65af79b05a9f
IA,19,2011,DIRECT,S2_2011_20261001T104023Z,https://www2.census.gov/programs-surveys/cps/datasets/2011/supp/nov11pub.dat.gz,ac45a6dc7c2ebba2c0b3be722284bc2490dc8c3f20f12cd64dfdd3b4429183ed,PWNRWGT,civilian noninstitutional household age18+;PRSUPINT1;PWNRWGT>0;self/proxy;observed MIS1-8;documentation outgoing-only conflict disclosed,any Yes1;allfiveNo0;otherwise excluded,CENSUS_NR_160_REPLICATES_FACTOR_4_OVER_160,https://www2.census.gov/programs-surveys/cps/datasets/2011/supp/nov11nrrep.dat.gz,1accb8eacadf4bbc616577196a45ea2936c8d45594e5b9cc506870e1c592c736,aee4bb47b051f7557ba3355daa82827cf53fb301c5e7e98e51bde70f30181113,9dd051273ee3a2389a31024a57dd14c5fc5864980b889c65509b65af79b05a9f
KS,20,2011,DIRECT,S2_2011_20261001T104023Z,https://www2.census.gov/programs-surveys/cps/datasets/2011/supp/nov11pub.dat.gz,ac45a6dc7c2ebba2c0b3be722284bc2490dc8c3f20f12cd64dfdd3b4429183ed,PWNRWGT,civilian noninstitutional household age18+;PRSUPINT1;PWNRWGT>0;self/proxy;observed MIS1-8;documentation outgoing-only conflict disclosed,any Yes1;allfiveNo0;otherwise excluded,CENSUS_NR_160_REPLICATES_FACTOR_4_OVER_160,https://www2.census.gov/programs-surveys/cps/datasets/2011/supp/nov11nrrep.dat.gz,1accb8eacadf4bbc616577196a45ea2936c8d45594e5b9cc506870e1c592c736,aee4bb47b051f7557ba3355daa82827cf53fb301c5e7e98e51bde70f30181113,9dd051273ee3a2389a31024a57dd14c5fc5864980b889c65509b65af79b05a9f
KY,21,2011,DIRECT,S2_2011_20261001T104023Z,https://www2.census.gov/programs-surveys/cps/datasets/2011/supp/nov11pub.dat.gz,ac45a6dc7c2ebba2c0b3be722284bc2490dc8c3f20f12cd64dfdd3b4429183ed,PWNRWGT,civilian noninstitutional household age18+;PRSUPINT1;PWNRWGT>0;self/proxy;observed MIS1-8;documentation outgoing-only conflict disclosed,any Yes1;allfiveNo0;otherwise excluded,CENSUS_NR_160_REPLICATES_FACTOR_4_OVER_160,https://www2.census.gov/programs-surveys/cps/datasets/2011/supp/nov11nrrep.dat.gz,1accb8eacadf4bbc616577196a45ea2936c8d45594e5b9cc506870e1c592c736,aee4bb47b051f7557ba3355daa82827cf53fb301c5e7e98e51bde70f30181113,9dd051273ee3a2389a31024a57dd14c5fc5864980b889c65509b65af79b05a9f
LA,22,2011,DIRECT,S2_2011_20261001T104023Z,https://www2.census.gov/programs-surveys/cps/datasets/2011/supp/nov11pub.dat.gz,ac45a6dc7c2ebba2c0b3be722284bc2490dc8c3f20f12cd64dfdd3b4429183ed,PWNRWGT,civilian noninstitutional household age18+;PRSUPINT1;PWNRWGT>0;self/proxy;observed MIS1-8;documentation outgoing-only conflict disclosed,any Yes1;allfiveNo0;otherwise excluded,CENSUS_NR_160_REPLICATES_FACTOR_4_OVER_160,https://www2.census.gov/programs-surveys/cps/datasets/2011/supp/nov11nrrep.dat.gz,1accb8eacadf4bbc616577196a45ea2936c8d45594e5b9cc506870e1c592c736,aee4bb47b051f7557ba3355daa82827cf53fb301c5e7e98e51bde70f30181113,9dd051273ee3a2389a31024a57dd14c5fc5864980b889c65509b65af79b05a9f
ME,23,2011,DIRECT,S2_2011_20261001T104023Z,https://www2.census.gov/programs-surveys/cps/datasets/2011/supp/nov11pub.dat.gz,ac45a6dc7c2ebba2c0b3be722284bc2490dc8c3f20f12cd64dfdd3b4429183ed,PWNRWGT,civilian noninstitutional household age18+;PRSUPINT1;PWNRWGT>0;self/proxy;observed MIS1-8;documentation outgoing-only conflict disclosed,any Yes1;allfiveNo0;otherwise excluded,CENSUS_NR_160_REPLICATES_FACTOR_4_OVER_160,https://www2.census.gov/programs-surveys/cps/datasets/2011/supp/nov11nrrep.dat.gz,1accb8eacadf4bbc616577196a45ea2936c8d45594e5b9cc506870e1c592c736,aee4bb47b051f7557ba3355daa82827cf53fb301c5e7e98e51bde70f30181113,9dd051273ee3a2389a31024a57dd14c5fc5864980b889c65509b65af79b05a9f
MD,24,2011,DIRECT,S2_2011_20261001T104023Z,https://www2.census.gov/programs-surveys/cps/datasets/2011/supp/nov11pub.dat.gz,ac45a6dc7c2ebba2c0b3be722284bc2490dc8c3f20f12cd64dfdd3b4429183ed,PWNRWGT,civilian noninstitutional household age18+;PRSUPINT1;PWNRWGT>0;self/proxy;observed MIS1-8;documentation outgoing-only conflict disclosed,any Yes1;allfiveNo0;otherwise excluded,CENSUS_NR_160_REPLICATES_FACTOR_4_OVER_160,https://www2.census.gov/programs-surveys/cps/datasets/2011/supp/nov11nrrep.dat.gz,1accb8eacadf4bbc616577196a45ea2936c8d45594e5b9cc506870e1c592c736,aee4bb47b051f7557ba3355daa82827cf53fb301c5e7e98e51bde70f30181113,9dd051273ee3a2389a31024a57dd14c5fc5864980b889c65509b65af79b05a9f
MA,25,2011,DIRECT,S2_2011_20261001T104023Z,https://www2.census.gov/programs-surveys/cps/datasets/2011/supp/nov11pub.dat.gz,ac45a6dc7c2ebba2c0b3be722284bc2490dc8c3f20f12cd64dfdd3b4429183ed,PWNRWGT,civilian noninstitutional household age18+;PRSUPINT1;PWNRWGT>0;self/proxy;observed MIS1-8;documentation outgoing-only conflict disclosed,any Yes1;allfiveNo0;otherwise excluded,CENSUS_NR_160_REPLICATES_FACTOR_4_OVER_160,https://www2.census.gov/programs-surveys/cps/datasets/2011/supp/nov11nrrep.dat.gz,1accb8eacadf4bbc616577196a45ea2936c8d45594e5b9cc506870e1c592c736,aee4bb47b051f7557ba3355daa82827cf53fb301c5e7e98e51bde70f30181113,9dd051273ee3a2389a31024a57dd14c5fc5864980b889c65509b65af79b05a9f
MI,26,2011,DIRECT,S2_2011_20261001T104023Z,https://www2.census.gov/programs-surveys/cps/datasets/2011/supp/nov11pub.dat.gz,ac45a6dc7c2ebba2c0b3be722284bc2490dc8c3f20f12cd64dfdd3b4429183ed,PWNRWGT,civilian noninstitutional household age18+;PRSUPINT1;PWNRWGT>0;self/proxy;observed MIS1-8;documentation outgoing-only conflict disclosed,any Yes1;allfiveNo0;otherwise excluded,CENSUS_NR_160_REPLICATES_FACTOR_4_OVER_160,https://www2.census.gov/programs-surveys/cps/datasets/2011/supp/nov11nrrep.dat.gz,1accb8eacadf4bbc616577196a45ea2936c8d45594e5b9cc506870e1c592c736,aee4bb47b051f7557ba3355daa82827cf53fb301c5e7e98e51bde70f30181113,9dd051273ee3a2389a31024a57dd14c5fc5864980b889c65509b65af79b05a9f
MN,27,2011,DIRECT,S2_2011_20261001T104023Z,https://www2.census.gov/programs-surveys/cps/datasets/2011/supp/nov11pub.dat.gz,ac45a6dc7c2ebba2c0b3be722284bc2490dc8c3f20f12cd64dfdd3b4429183ed,PWNRWGT,civilian noninstitutional household age18+;PRSUPINT1;PWNRWGT>0;self/proxy;observed MIS1-8;documentation outgoing-only conflict disclosed,any Yes1;allfiveNo0;otherwise excluded,CENSUS_NR_160_REPLICATES_FACTOR_4_OVER_160,https://www2.census.gov/programs-surveys/cps/datasets/2011/supp/nov11nrrep.dat.gz,1accb8eacadf4bbc616577196a45ea2936c8d45594e5b9cc506870e1c592c736,aee4bb47b051f7557ba3355daa82827cf53fb301c5e7e98e51bde70f30181113,9dd051273ee3a2389a31024a57dd14c5fc5864980b889c65509b65af79b05a9f
MS,28,2011,DIRECT,S2_2011_20261001T104023Z,https://www2.census.gov/programs-surveys/cps/datasets/2011/supp/nov11pub.dat.gz,ac45a6dc7c2ebba2c0b3be722284bc2490dc8c3f20f12cd64dfdd3b4429183ed,PWNRWGT,civilian noninstitutional household age18+;PRSUPINT1;PWNRWGT>0;self/proxy;observed MIS1-8;documentation outgoing-only conflict disclosed,any Yes1;allfiveNo0;otherwise excluded,CENSUS_NR_160_REPLICATES_FACTOR_4_OVER_160,https://www2.census.gov/programs-surveys/cps/datasets/2011/supp/nov11nrrep.dat.gz,1accb8eacadf4bbc616577196a45ea2936c8d45594e5b9cc506870e1c592c736,aee4bb47b051f7557ba3355daa82827cf53fb301c5e7e98e51bde70f30181113,9dd051273ee3a2389a31024a57dd14c5fc5864980b889c65509b65af79b05a9f
MO,29,2011,DIRECT,S2_2011_20261001T104023Z,https://www2.census.gov/programs-surveys/cps/datasets/2011/supp/nov11pub.dat.gz,ac45a6dc7c2ebba2c0b3be722284bc2490dc8c3f20f12cd64dfdd3b4429183ed,PWNRWGT,civilian noninstitutional household age18+;PRSUPINT1;PWNRWGT>0;self/proxy;observed MIS1-8;documentation outgoing-only conflict disclosed,any Yes1;allfiveNo0;otherwise excluded,CENSUS_NR_160_REPLICATES_FACTOR_4_OVER_160,https://www2.census.gov/programs-surveys/cps/datasets/2011/supp/nov11nrrep.dat.gz,1accb8eacadf4bbc616577196a45ea2936c8d45594e5b9cc506870e1c592c736,aee4bb47b051f7557ba3355daa82827cf53fb301c5e7e98e51bde70f30181113,9dd051273ee3a2389a31024a57dd14c5fc5864980b889c65509b65af79b05a9f
MT,30,2011,DIRECT,S2_2011_20261001T104023Z,https://www2.census.gov/programs-surveys/cps/datasets/2011/supp/nov11pub.dat.gz,ac45a6dc7c2ebba2c0b3be722284bc2490dc8c3f20f12cd64dfdd3b4429183ed,PWNRWGT,civilian noninstitutional household age18+;PRSUPINT1;PWNRWGT>0;self/proxy;observed MIS1-8;documentation outgoing-only conflict disclosed,any Yes1;allfiveNo0;otherwise excluded,CENSUS_NR_160_REPLICATES_FACTOR_4_OVER_160,https://www2.census.gov/programs-surveys/cps/datasets/2011/supp/nov11nrrep.dat.gz,1accb8eacadf4bbc616577196a45ea2936c8d45594e5b9cc506870e1c592c736,aee4bb47b051f7557ba3355daa82827cf53fb301c5e7e98e51bde70f30181113,9dd051273ee3a2389a31024a57dd14c5fc5864980b889c65509b65af79b05a9f
NE,31,2011,DIRECT,S2_2011_20261001T104023Z,https://www2.census.gov/programs-surveys/cps/datasets/2011/supp/nov11pub.dat.gz,ac45a6dc7c2ebba2c0b3be722284bc2490dc8c3f20f12cd64dfdd3b4429183ed,PWNRWGT,civilian noninstitutional household age18+;PRSUPINT1;PWNRWGT>0;self/proxy;observed MIS1-8;documentation outgoing-only conflict disclosed,any Yes1;allfiveNo0;otherwise excluded,CENSUS_NR_160_REPLICATES_FACTOR_4_OVER_160,https://www2.census.gov/programs-surveys/cps/datasets/2011/supp/nov11nrrep.dat.gz,1accb8eacadf4bbc616577196a45ea2936c8d45594e5b9cc506870e1c592c736,aee4bb47b051f7557ba3355daa82827cf53fb301c5e7e98e51bde70f30181113,9dd051273ee3a2389a31024a57dd14c5fc5864980b889c65509b65af79b05a9f
NV,32,2011,DIRECT,S2_2011_20261001T104023Z,https://www2.census.gov/programs-surveys/cps/datasets/2011/supp/nov11pub.dat.gz,ac45a6dc7c2ebba2c0b3be722284bc2490dc8c3f20f12cd64dfdd3b4429183ed,PWNRWGT,civilian noninstitutional household age18+;PRSUPINT1;PWNRWGT>0;self/proxy;observed MIS1-8;documentation outgoing-only conflict disclosed,any Yes1;allfiveNo0;otherwise excluded,CENSUS_NR_160_REPLICATES_FACTOR_4_OVER_160,https://www2.census.gov/programs-surveys/cps/datasets/2011/supp/nov11nrrep.dat.gz,1accb8eacadf4bbc616577196a45ea2936c8d45594e5b9cc506870e1c592c736,aee4bb47b051f7557ba3355daa82827cf53fb301c5e7e98e51bde70f30181113,9dd051273ee3a2389a31024a57dd14c5fc5864980b889c65509b65af79b05a9f
NH,33,2011,DIRECT,S2_2011_20261001T104023Z,https://www2.census.gov/programs-surveys/cps/datasets/2011/supp/nov11pub.dat.gz,ac45a6dc7c2ebba2c0b3be722284bc2490dc8c3f20f12cd64dfdd3b4429183ed,PWNRWGT,civilian noninstitutional household age18+;PRSUPINT1;PWNRWGT>0;self/proxy;observed MIS1-8;documentation outgoing-only conflict disclosed,any Yes1;allfiveNo0;otherwise excluded,CENSUS_NR_160_REPLICATES_FACTOR_4_OVER_160,https://www2.census.gov/programs-surveys/cps/datasets/2011/supp/nov11nrrep.dat.gz,1accb8eacadf4bbc616577196a45ea2936c8d45594e5b9cc506870e1c592c736,aee4bb47b051f7557ba3355daa82827cf53fb301c5e7e98e51bde70f30181113,9dd051273ee3a2389a31024a57dd14c5fc5864980b889c65509b65af79b05a9f
NJ,34,2011,DIRECT,S2_2011_20261001T104023Z,https://www2.census.gov/programs-surveys/cps/datasets/2011/supp/nov11pub.dat.gz,ac45a6dc7c2ebba2c0b3be722284bc2490dc8c3f20f12cd64dfdd3b4429183ed,PWNRWGT,civilian noninstitutional household age18+;PRSUPINT1;PWNRWGT>0;self/proxy;observed MIS1-8;documentation outgoing-only conflict disclosed,any Yes1;allfiveNo0;otherwise excluded,CENSUS_NR_160_REPLICATES_FACTOR_4_OVER_160,https://www2.census.gov/programs-surveys/cps/datasets/2011/supp/nov11nrrep.dat.gz,1accb8eacadf4bbc616577196a45ea2936c8d45594e5b9cc506870e1c592c736,aee4bb47b051f7557ba3355daa82827cf53fb301c5e7e98e51bde70f30181113,9dd051273ee3a2389a31024a57dd14c5fc5864980b889c65509b65af79b05a9f
NM,35,2011,DIRECT,S2_2011_20261001T104023Z,https://www2.census.gov/programs-surveys/cps/datasets/2011/supp/nov11pub.dat.gz,ac45a6dc7c2ebba2c0b3be722284bc2490dc8c3f20f12cd64dfdd3b4429183ed,PWNRWGT,civilian noninstitutional household age18+;PRSUPINT1;PWNRWGT>0;self/proxy;observed MIS1-8;documentation outgoing-only conflict disclosed,any Yes1;allfiveNo0;otherwise excluded,CENSUS_NR_160_REPLICATES_FACTOR_4_OVER_160,https://www2.census.gov/programs-surveys/cps/datasets/2011/supp/nov11nrrep.dat.gz,1accb8eacadf4bbc616577196a45ea2936c8d45594e5b9cc506870e1c592c736,aee4bb47b051f7557ba3355daa82827cf53fb301c5e7e98e51bde70f30181113,9dd051273ee3a2389a31024a57dd14c5fc5864980b889c65509b65af79b05a9f
NY,36,2011,DIRECT,S2_2011_20261001T104023Z,https://www2.census.gov/programs-surveys/cps/datasets/2011/supp/nov11pub.dat.gz,ac45a6dc7c2ebba2c0b3be722284bc2490dc8c3f20f12cd64dfdd3b4429183ed,PWNRWGT,civilian noninstitutional household age18+;PRSUPINT1;PWNRWGT>0;self/proxy;observed MIS1-8;documentation outgoing-only conflict disclosed,any Yes1;allfiveNo0;otherwise excluded,CENSUS_NR_160_REPLICATES_FACTOR_4_OVER_160,https://www2.census.gov/programs-surveys/cps/datasets/2011/supp/nov11nrrep.dat.gz,1accb8eacadf4bbc616577196a45ea2936c8d45594e5b9cc506870e1c592c736,aee4bb47b051f7557ba3355daa82827cf53fb301c5e7e98e51bde70f30181113,9dd051273ee3a2389a31024a57dd14c5fc5864980b889c65509b65af79b05a9f
NC,37,2011,DIRECT,S2_2011_20261001T104023Z,https://www2.census.gov/programs-surveys/cps/datasets/2011/supp/nov11pub.dat.gz,ac45a6dc7c2ebba2c0b3be722284bc2490dc8c3f20f12cd64dfdd3b4429183ed,PWNRWGT,civilian noninstitutional household age18+;PRSUPINT1;PWNRWGT>0;self/proxy;observed MIS1-8;documentation outgoing-only conflict disclosed,any Yes1;allfiveNo0;otherwise excluded,CENSUS_NR_160_REPLICATES_FACTOR_4_OVER_160,https://www2.census.gov/programs-surveys/cps/datasets/2011/supp/nov11nrrep.dat.gz,1accb8eacadf4bbc616577196a45ea2936c8d45594e5b9cc506870e1c592c736,aee4bb47b051f7557ba3355daa82827cf53fb301c5e7e98e51bde70f30181113,9dd051273ee3a2389a31024a57dd14c5fc5864980b889c65509b65af79b05a9f
ND,38,2011,DIRECT,S2_2011_20261001T104023Z,https://www2.census.gov/programs-surveys/cps/datasets/2011/supp/nov11pub.dat.gz,ac45a6dc7c2ebba2c0b3be722284bc2490dc8c3f20f12cd64dfdd3b4429183ed,PWNRWGT,civilian noninstitutional household age18+;PRSUPINT1;PWNRWGT>0;self/proxy;observed MIS1-8;documentation outgoing-only conflict disclosed,any Yes1;allfiveNo0;otherwise excluded,CENSUS_NR_160_REPLICATES_FACTOR_4_OVER_160,https://www2.census.gov/programs-surveys/cps/datasets/2011/supp/nov11nrrep.dat.gz,1accb8eacadf4bbc616577196a45ea2936c8d45594e5b9cc506870e1c592c736,aee4bb47b051f7557ba3355daa82827cf53fb301c5e7e98e51bde70f30181113,9dd051273ee3a2389a31024a57dd14c5fc5864980b889c65509b65af79b05a9f
OH,39,2011,DIRECT,S2_2011_20261001T104023Z,https://www2.census.gov/programs-surveys/cps/datasets/2011/supp/nov11pub.dat.gz,ac45a6dc7c2ebba2c0b3be722284bc2490dc8c3f20f12cd64dfdd3b4429183ed,PWNRWGT,civilian noninstitutional household age18+;PRSUPINT1;PWNRWGT>0;self/proxy;observed MIS1-8;documentation outgoing-only conflict disclosed,any Yes1;allfiveNo0;otherwise excluded,CENSUS_NR_160_REPLICATES_FACTOR_4_OVER_160,https://www2.census.gov/programs-surveys/cps/datasets/2011/supp/nov11nrrep.dat.gz,1accb8eacadf4bbc616577196a45ea2936c8d45594e5b9cc506870e1c592c736,aee4bb47b051f7557ba3355daa82827cf53fb301c5e7e98e51bde70f30181113,9dd051273ee3a2389a31024a57dd14c5fc5864980b889c65509b65af79b05a9f
OK,40,2011,DIRECT,S2_2011_20261001T104023Z,https://www2.census.gov/programs-surveys/cps/datasets/2011/supp/nov11pub.dat.gz,ac45a6dc7c2ebba2c0b3be722284bc2490dc8c3f20f12cd64dfdd3b4429183ed,PWNRWGT,civilian noninstitutional household age18+;PRSUPINT1;PWNRWGT>0;self/proxy;observed MIS1-8;documentation outgoing-only conflict disclosed,any Yes1;allfiveNo0;otherwise excluded,CENSUS_NR_160_REPLICATES_FACTOR_4_OVER_160,https://www2.census.gov/programs-surveys/cps/datasets/2011/supp/nov11nrrep.dat.gz,1accb8eacadf4bbc616577196a45ea2936c8d45594e5b9cc506870e1c592c736,aee4bb47b051f7557ba3355daa82827cf53fb301c5e7e98e51bde70f30181113,9dd051273ee3a2389a31024a57dd14c5fc5864980b889c65509b65af79b05a9f
OR,41,2011,DIRECT,S2_2011_20261001T104023Z,https://www2.census.gov/programs-surveys/cps/datasets/2011/supp/nov11pub.dat.gz,ac45a6dc7c2ebba2c0b3be722284bc2490dc8c3f20f12cd64dfdd3b4429183ed,PWNRWGT,civilian noninstitutional household age18+;PRSUPINT1;PWNRWGT>0;self/proxy;observed MIS1-8;documentation outgoing-only conflict disclosed,any Yes1;allfiveNo0;otherwise excluded,CENSUS_NR_160_REPLICATES_FACTOR_4_OVER_160,https://www2.census.gov/programs-surveys/cps/datasets/2011/supp/nov11nrrep.dat.gz,1accb8eacadf4bbc616577196a45ea2936c8d45594e5b9cc506870e1c592c736,aee4bb47b051f7557ba3355daa82827cf53fb301c5e7e98e51bde70f30181113,9dd051273ee3a2389a31024a57dd14c5fc5864980b889c65509b65af79b05a9f
PA,42,2011,DIRECT,S2_2011_20261001T104023Z,https://www2.census.gov/programs-surveys/cps/datasets/2011/supp/nov11pub.dat.gz,ac45a6dc7c2ebba2c0b3be722284bc2490dc8c3f20f12cd64dfdd3b4429183ed,PWNRWGT,civilian noninstitutional household age18+;PRSUPINT1;PWNRWGT>0;self/proxy;observed MIS1-8;documentation outgoing-only conflict disclosed,any Yes1;allfiveNo0;otherwise excluded,CENSUS_NR_160_REPLICATES_FACTOR_4_OVER_160,https://www2.census.gov/programs-surveys/cps/datasets/2011/supp/nov11nrrep.dat.gz,1accb8eacadf4bbc616577196a45ea2936c8d45594e5b9cc506870e1c592c736,aee4bb47b051f7557ba3355daa82827cf53fb301c5e7e98e51bde70f30181113,9dd051273ee3a2389a31024a57dd14c5fc5864980b889c65509b65af79b05a9f
RI,44,2011,DIRECT,S2_2011_20261001T104023Z,https://www2.census.gov/programs-surveys/cps/datasets/2011/supp/nov11pub.dat.gz,ac45a6dc7c2ebba2c0b3be722284bc2490dc8c3f20f12cd64dfdd3b4429183ed,PWNRWGT,civilian noninstitutional household age18+;PRSUPINT1;PWNRWGT>0;self/proxy;observed MIS1-8;documentation outgoing-only conflict disclosed,any Yes1;allfiveNo0;otherwise excluded,CENSUS_NR_160_REPLICATES_FACTOR_4_OVER_160,https://www2.census.gov/programs-surveys/cps/datasets/2011/supp/nov11nrrep.dat.gz,1accb8eacadf4bbc616577196a45ea2936c8d45594e5b9cc506870e1c592c736,aee4bb47b051f7557ba3355daa82827cf53fb301c5e7e98e51bde70f30181113,9dd051273ee3a2389a31024a57dd14c5fc5864980b889c65509b65af79b05a9f
SC,45,2011,DIRECT,S2_2011_20261001T104023Z,https://www2.census.gov/programs-surveys/cps/datasets/2011/supp/nov11pub.dat.gz,ac45a6dc7c2ebba2c0b3be722284bc2490dc8c3f20f12cd64dfdd3b4429183ed,PWNRWGT,civilian noninstitutional household age18+;PRSUPINT1;PWNRWGT>0;self/proxy;observed MIS1-8;documentation outgoing-only conflict disclosed,any Yes1;allfiveNo0;otherwise excluded,CENSUS_NR_160_REPLICATES_FACTOR_4_OVER_160,https://www2.census.gov/programs-surveys/cps/datasets/2011/supp/nov11nrrep.dat.gz,1accb8eacadf4bbc616577196a45ea2936c8d45594e5b9cc506870e1c592c736,aee4bb47b051f7557ba3355daa82827cf53fb301c5e7e98e51bde70f30181113,9dd051273ee3a2389a31024a57dd14c5fc5864980b889c65509b65af79b05a9f
SD,46,2011,DIRECT,S2_2011_20261001T104023Z,https://www2.census.gov/programs-surveys/cps/datasets/2011/supp/nov11pub.dat.gz,ac45a6dc7c2ebba2c0b3be722284bc2490dc8c3f20f12cd64dfdd3b4429183ed,PWNRWGT,civilian noninstitutional household age18+;PRSUPINT1;PWNRWGT>0;self/proxy;observed MIS1-8;documentation outgoing-only conflict disclosed,any Yes1;allfiveNo0;otherwise excluded,CENSUS_NR_160_REPLICATES_FACTOR_4_OVER_160,https://www2.census.gov/programs-surveys/cps/datasets/2011/supp/nov11nrrep.dat.gz,1accb8eacadf4bbc616577196a45ea2936c8d45594e5b9cc506870e1c592c736,aee4bb47b051f7557ba3355daa82827cf53fb301c5e7e98e51bde70f30181113,9dd051273ee3a2389a31024a57dd14c5fc5864980b889c65509b65af79b05a9f
TN,47,2011,DIRECT,S2_2011_20261001T104023Z,https://www2.census.gov/programs-surveys/cps/datasets/2011/supp/nov11pub.dat.gz,ac45a6dc7c2ebba2c0b3be722284bc2490dc8c3f20f12cd64dfdd3b4429183ed,PWNRWGT,civilian noninstitutional household age18+;PRSUPINT1;PWNRWGT>0;self/proxy;observed MIS1-8;documentation outgoing-only conflict disclosed,any Yes1;allfiveNo0;otherwise excluded,CENSUS_NR_160_REPLICATES_FACTOR_4_OVER_160,https://www2.census.gov/programs-surveys/cps/datasets/2011/supp/nov11nrrep.dat.gz,1accb8eacadf4bbc616577196a45ea2936c8d45594e5b9cc506870e1c592c736,aee4bb47b051f7557ba3355daa82827cf53fb301c5e7e98e51bde70f30181113,9dd051273ee3a2389a31024a57dd14c5fc5864980b889c65509b65af79b05a9f
TX,48,2011,DIRECT,S2_2011_20261001T104023Z,https://www2.census.gov/programs-surveys/cps/datasets/2011/supp/nov11pub.dat.gz,ac45a6dc7c2ebba2c0b3be722284bc2490dc8c3f20f12cd64dfdd3b4429183ed,PWNRWGT,civilian noninstitutional household age18+;PRSUPINT1;PWNRWGT>0;self/proxy;observed MIS1-8;documentation outgoing-only conflict disclosed,any Yes1;allfiveNo0;otherwise excluded,CENSUS_NR_160_REPLICATES_FACTOR_4_OVER_160,https://www2.census.gov/programs-surveys/cps/datasets/2011/supp/nov11nrrep.dat.gz,1accb8eacadf4bbc616577196a45ea2936c8d45594e5b9cc506870e1c592c736,aee4bb47b051f7557ba3355daa82827cf53fb301c5e7e98e51bde70f30181113,9dd051273ee3a2389a31024a57dd14c5fc5864980b889c65509b65af79b05a9f
UT,49,2011,DIRECT,S2_2011_20261001T104023Z,https://www2.census.gov/programs-surveys/cps/datasets/2011/supp/nov11pub.dat.gz,ac45a6dc7c2ebba2c0b3be722284bc2490dc8c3f20f12cd64dfdd3b4429183ed,PWNRWGT,civilian noninstitutional household age18+;PRSUPINT1;PWNRWGT>0;self/proxy;observed MIS1-8;documentation outgoing-only conflict disclosed,any Yes1;allfiveNo0;otherwise excluded,CENSUS_NR_160_REPLICATES_FACTOR_4_OVER_160,https://www2.census.gov/programs-surveys/cps/datasets/2011/supp/nov11nrrep.dat.gz,1accb8eacadf4bbc616577196a45ea2936c8d45594e5b9cc506870e1c592c736,aee4bb47b051f7557ba3355daa82827cf53fb301c5e7e98e51bde70f30181113,9dd051273ee3a2389a31024a57dd14c5fc5864980b889c65509b65af79b05a9f
VT,50,2011,DIRECT,S2_2011_20261001T104023Z,https://www2.census.gov/programs-surveys/cps/datasets/2011/supp/nov11pub.dat.gz,ac45a6dc7c2ebba2c0b3be722284bc2490dc8c3f20f12cd64dfdd3b4429183ed,PWNRWGT,civilian noninstitutional household age18+;PRSUPINT1;PWNRWGT>0;self/proxy;observed MIS1-8;documentation outgoing-only conflict disclosed,any Yes1;allfiveNo0;otherwise excluded,CENSUS_NR_160_REPLICATES_FACTOR_4_OVER_160,https://www2.census.gov/programs-surveys/cps/datasets/2011/supp/nov11nrrep.dat.gz,1accb8eacadf4bbc616577196a45ea2936c8d45594e5b9cc506870e1c592c736,aee4bb47b051f7557ba3355daa82827cf53fb301c5e7e98e51bde70f30181113,9dd051273ee3a2389a31024a57dd14c5fc5864980b889c65509b65af79b05a9f
VA,51,2011,DIRECT,S2_2011_20261001T104023Z,https://www2.census.gov/programs-surveys/cps/datasets/2011/supp/nov11pub.dat.gz,ac45a6dc7c2ebba2c0b3be722284bc2490dc8c3f20f12cd64dfdd3b4429183ed,PWNRWGT,civilian noninstitutional household age18+;PRSUPINT1;PWNRWGT>0;self/proxy;observed MIS1-8;documentation outgoing-only conflict disclosed,any Yes1;allfiveNo0;otherwise excluded,CENSUS_NR_160_REPLICATES_FACTOR_4_OVER_160,https://www2.census.gov/programs-surveys/cps/datasets/2011/supp/nov11nrrep.dat.gz,1accb8eacadf4bbc616577196a45ea2936c8d45594e5b9cc506870e1c592c736,aee4bb47b051f7557ba3355daa82827cf53fb301c5e7e98e51bde70f30181113,9dd051273ee3a2389a31024a57dd14c5fc5864980b889c65509b65af79b05a9f
WA,53,2011,DIRECT,S2_2011_20261001T104023Z,https://www2.census.gov/programs-surveys/cps/datasets/2011/supp/nov11pub.dat.gz,ac45a6dc7c2ebba2c0b3be722284bc2490dc8c3f20f12cd64dfdd3b4429183ed,PWNRWGT,civilian noninstitutional household age18+;PRSUPINT1;PWNRWGT>0;self/proxy;observed MIS1-8;documentation outgoing-only conflict disclosed,any Yes1;allfiveNo0;otherwise excluded,CENSUS_NR_160_REPLICATES_FACTOR_4_OVER_160,https://www2.census.gov/programs-surveys/cps/datasets/2011/supp/nov11nrrep.dat.gz,1accb8eacadf4bbc616577196a45ea2936c8d45594e5b9cc506870e1c592c736,aee4bb47b051f7557ba3355daa82827cf53fb301c5e7e98e51bde70f30181113,9dd051273ee3a2389a31024a57dd14c5fc5864980b889c65509b65af79b05a9f
WV,54,2011,DIRECT,S2_2011_20261001T104023Z,https://www2.census.gov/programs-surveys/cps/datasets/2011/supp/nov11pub.dat.gz,ac45a6dc7c2ebba2c0b3be722284bc2490dc8c3f20f12cd64dfdd3b4429183ed,PWNRWGT,civilian noninstitutional household age18+;PRSUPINT1;PWNRWGT>0;self/proxy;observed MIS1-8;documentation outgoing-only conflict disclosed,any Yes1;allfiveNo0;otherwise excluded,CENSUS_NR_160_REPLICATES_FACTOR_4_OVER_160,https://www2.census.gov/programs-surveys/cps/datasets/2011/supp/nov11nrrep.dat.gz,1accb8eacadf4bbc616577196a45ea2936c8d45594e5b9cc506870e1c592c736,aee4bb47b051f7557ba3355daa82827cf53fb301c5e7e98e51bde70f30181113,9dd051273ee3a2389a31024a57dd14c5fc5864980b889c65509b65af79b05a9f
WI,55,2011,DIRECT,S2_2011_20261001T104023Z,https://www2.census.gov/programs-surveys/cps/datasets/2011/supp/nov11pub.dat.gz,ac45a6dc7c2ebba2c0b3be722284bc2490dc8c3f20f12cd64dfdd3b4429183ed,PWNRWGT,civilian noninstitutional household age18+;PRSUPINT1;PWNRWGT>0;self/proxy;observed MIS1-8;documentation outgoing-only conflict disclosed,any Yes1;allfiveNo0;otherwise excluded,CENSUS_NR_160_REPLICATES_FACTOR_4_OVER_160,https://www2.census.gov/programs-surveys/cps/datasets/2011/supp/nov11nrrep.dat.gz,1accb8eacadf4bbc616577196a45ea2936c8d45594e5b9cc506870e1c592c736,aee4bb47b051f7557ba3355daa82827cf53fb301c5e7e98e51bde70f30181113,9dd051273ee3a2389a31024a57dd14c5fc5864980b889c65509b65af79b05a9f
WY,56,2011,DIRECT,S2_2011_20261001T104023Z,https://www2.census.gov/programs-surveys/cps/datasets/2011/supp/nov11pub.dat.gz,ac45a6dc7c2ebba2c0b3be722284bc2490dc8c3f20f12cd64dfdd3b4429183ed,PWNRWGT,civilian noninstitutional household age18+;PRSUPINT1;PWNRWGT>0;self/proxy;observed MIS1-8;documentation outgoing-only conflict disclosed,any Yes1;allfiveNo0;otherwise excluded,CENSUS_NR_160_REPLICATES_FACTOR_4_OVER_160,https://www2.census.gov/programs-surveys/cps/datasets/2011/supp/nov11nrrep.dat.gz,1accb8eacadf4bbc616577196a45ea2936c8d45594e5b9cc506870e1c592c736,aee4bb47b051f7557ba3355daa82827cf53fb301c5e7e98e51bde70f30181113,9dd051273ee3a2389a31024a57dd14c5fc5864980b889c65509b65af79b05a9f
