state,state_abbr,year,resident_population,real_gdp_millions_chained_2017_dollars,real_gdp_per_capita_chained_2017_dollars,gini_index,activity_rate_percent,land_area_sqmi_2020,population_density_per_sqmi
Alabama,AL,2000,4452173,168695.3,37890.553669,,63.6,50647.128506695175,87.90573387416141
Alabama,AL,2001,4467634,168448.3,37704.140491,,62.7,50647.128506695175,88.21100290827765
Alabama,AL,2002,4480089,172430.4,38488.163963,,62.1,50647.128506695175,88.45692010767729
Alabama,AL,2003,4503491,178040.0,39533.775020,,62.2,50647.128506695175,88.9189798668383
Alabama,AL,2004,4530729,189913.7,41916.808531,,62.1,50647.128506695175,89.45677935919055
Alabama,AL,2005,4569805,197246.5,43163.001485,,61.5,50647.128506695175,90.22831372159442
Alabama,AL,2006,4628981,199923.9,43189.613438,0.472,61.5,50647.128506695175,91.3967116494686
Alabama,AL,2007,4672840,202025.5,43233.986184,0.471,61.2,50647.128506695175,92.2626837448896
Alabama,AL,2008,4718206,200967.4,42594.028323,0.467,60.5,50647.128506695175,93.1584107354929
Alabama,AL,2009,4757938,194192.1,40814.340162,0.471,59.1,50647.128506695175,93.94289746102854
Alabama,AL,2010,4788095,199455.0,41656.441654,0.472,59.8,50647.128506695175,94.53833102042596
Alabama,AL,2011,4812576,201372.8,41843.037907,0.4735,59.4,50647.128506695175,95.021695047604
Alabama,AL,2012,4839947,203675.5,42082.175693,0.4726,58.3,50647.128506695175,95.5621205526034
Alabama,AL,2013,4865253,206962.9,42538.979987,0.4752,57.7,50647.128506695175,96.0617737559761
Alabama,AL,2014,4887757,206070.0,42160.442919,0.4758,56.9,50647.128506695175,96.5061029936549
Alabama,AL,2015,4909177,208950.3,42563.203568,0.4811,56.7,50647.128506695175,96.9290292410367
Alabama,AL,2016,4931579,212862.8,43163.214054,0.4847,57.0,50647.128506695175,97.37134454420416
Alabama,AL,2017,4953096,216615.5,43733.353846,0.4768,56.9,50647.128506695175,97.79618600381733
Alabama,AL,2018,4977088,220808.8,44365.058444,0.4859,57.3,50647.128506695175,98.26989499201451
Alabama,AL,2019,5003778,225272.8,45020.542478,0.4741,57.7,50647.128506695175,98.79687452248233
Alabama,AL,2020,5031864,222288.8,44176.233698,,57.2,50647.128506695175,99.35141731351708
Alabama,AL,2021,5050380,233726.6,46279.012668,0.4823,56.4,50647.128506695175,99.71700566069362
Alabama,AL,2022,5073903,238556.5,47016.369844,0.4851,56.7,50647.128506695175,100.18145449902984
Alabama,AL,2023,5108468,245354.7,48029.017702,0.4771,57.1,50647.128506695175,100.86392162044682
Alaska,AK,2000,627963,38428.1,61194.847467,,73.3,571022.3549042225,1.0997170156417573
Alaska,AK,2001,633714,40014.4,63142.679505,,72.6,571022.3549042225,1.109788425194479
Alaska,AK,2002,642337,41904.7,65237.873577,,72.4,571022.3549042225,1.1248894101663307
Alaska,AK,2003,648414,41235.0,63593.629996,,72.3,571022.3549042225,1.1355317255639814
Alaska,AK,2004,659286,42880.1,65040.210167,,71.6,571022.3549042225,1.1545712603678746
Alaska,AK,2005,666946,44406.8,66582.302015,,71.6,571022.3549042225,1.1679857964787854
Alaska,AK,2006,675302,47546.2,70407.314061,0.417,71.1,571022.3549042225,1.1826191990561703
Alaska,AK,2007,680300,50126.7,73683.227988,0.409,70.6,571022.3549042225,1.1913719211818012
Alaska,AK,2008,687455,49926.6,72625.262744,0.403,70.8,571022.3549042225,1.2039020786065489
Alaska,AK,2009,698895,54951.9,78626.832357,0.402,70.1,571022.3549042225,1.2239363205267604
Alaska,AK,2010,714015,53652.0,75141.278545,0.422,69.6,571022.3549042225,1.2504151437639628
Alaska,AK,2011,722513,54045.5,74802.114287,0.4099,68.8,571022.3549042225,1.2652972231204276
Alaska,AK,2012,731106,57087.4,78083.615782,0.4232,68.0,571022.3549042225,1.2803456707445864
Alaska,AK,2013,738054,54627.6,74015.722427,0.4083,67.5,571022.3549042225,1.292513320470253
Alaska,AK,2014,737634,53303.3,72262.531282,0.4175,67.4,571022.3549042225,1.291777797602553
Alaska,AK,2015,739120,53681.1,72628.395930,0.4322,66.7,571022.3549042225,1.2943801475582728
Alaska,AK,2016,743397,53463.9,71918.369324,0.4081,66.2,571022.3549042225,1.301870222094352
Alaska,AK,2017,741937,53550.9,72177.152508,0.4241,66.0,571022.3549042225,1.2993134045066326
Alaska,AK,2018,737710,52479.6,71138.523268,0.4322,65.0,571022.3549042225,1.2919108922167084
Alaska,AK,2019,734820,52377.5,71279.360932,0.4376,64.6,571022.3549042225,1.2868497943889623
Alaska,AK,2020,732964,50332.8,68670.221184,,63.5,571022.3549042225,1.2835994838116975
Alaska,AK,2021,734923,51454.1,70012.912917,0.4392,64.3,571022.3549042225,1.2870301726160414
Alaska,AK,2022,733276,50767.1,69233.276420,0.4278,64.8,571022.3549042225,1.2841458722277033
Alaska,AK,2023,733406,54059.7,73710.468690,0.4492,65.0,571022.3549042225,1.2843735340677056
Arizona,AZ,2000,5160586,224729.3,43547.244441,,65.3,113653.41412197155,45.40634383813334
Arizona,AZ,2001,5273477,230885.6,43782.422868,,65.7,113653.41412197155,46.39963560039264
Arizona,AZ,2002,5396255,238257.1,44152.305627,,66.1,113653.41412197155,47.47991990991841
Arizona,AZ,2003,5510364,253743.1,46048.337279,,65.5,113653.41412197155,48.48392846418445
Arizona,AZ,2004,5652404,264990.0,46880.937739,,65.0,113653.41412197155,49.73369294418119
Arizona,AZ,2005,5839077,283806.2,48604.633917,,64.4,113653.41412197155,51.37616890006989
Arizona,AZ,2006,6029141,296424.4,49165.279100,0.454,64.4,113653.41412197155,53.04848117918916
Arizona,AZ,2007,6167681,306611.6,49712.622945,0.448,63.7,113653.41412197155,54.26745027985621
Arizona,AZ,2008,6280362,302277.9,48130.649157,0.453,63.9,113653.41412197155,55.25889431935574
Arizona,AZ,2009,6343154,277412.4,43734.142353,0.451,63.8,113653.41412197155,55.81138102188992
Arizona,AZ,2010,6401304,282252.5,44092.969183,0.455,62.8,113653.41412197155,56.323024252753136
Arizona,AZ,2011,6443158,290411.3,45072.819881,0.46,61.5,113653.41412197155,56.69128419745733
Arizona,AZ,2012,6501800,297077.3,45691.546956,0.4608,60.6,113653.41412197155,57.20725637878631
Arizona,AZ,2013,6555926,298859.9,45586.222297,0.4681,59.9,113653.41412197155,57.68349372210019
Arizona,AZ,2014,6629890,301721.2,45509.231677,0.4676,59.9,113653.41412197155,58.33427927545473
Arizona,AZ,2015,6705607,308582.8,46018.622923,0.4702,60.1,113653.41412197155,59.00048891451354
Arizona,AZ,2016,6793278,319008.4,46959.420769,0.4713,60.2,113653.41412197155,59.77187797200294
Arizona,AZ,2017,6872380,333099.0,48469.234821,0.4668,60.6,113653.41412197155,60.467871142213454
Arizona,AZ,2018,6964300,346398.3,49739.141048,0.4613,61.2,113653.41412197155,61.276645790209095
Arizona,AZ,2019,7067695,359576.7,50876.091852,0.4591,62.0,113653.41412197155,62.18638528900706
Arizona,AZ,2020,7186683,365027.7,50792.236140,,61.4,113653.41412197155,63.23332260205868
Arizona,AZ,2021,7272487,395035.9,54319.230822,0.4629,61.3,113653.41412197155,63.98828452434565
Arizona,AZ,2022,7365684,410228.4,55694.542421,0.4665,61.5,113653.41412197155,64.80829508645671
Arizona,AZ,2023,7431344,422399.6,56840.270078,0.465,62.0,113653.41412197155,65.38601640268162
Arkansas,AR,2000,2678588,95509.8,35656.771403,,62.2,51992.8450495977,51.51839637636306
Arkansas,AR,2001,2691571,95528.7,35491.800142,,61.9,51992.8450495977,51.76810381183067
Arkansas,AR,2002,2705927,98556.6,36422.490333,,62.2,51992.8450495977,52.04421872699458
Arkansas,AR,2003,2724816,102948.0,37781.633696,,62.0,51992.8450495977,52.40751871532915
Arkansas,AR,2004,2749686,108581.8,39488.799812,,62.4,51992.8450495977,52.88585376270491
Arkansas,AR,2005,2781097,112451.1,40434.080509,,63.1,51992.8450495977,53.48999458188948
Arkansas,AR,2006,2821761,114890.4,40715.850846,0.46,62.7,51992.8450495977,54.27210219614312
Arkansas,AR,2007,2848650,114026.7,40028.329209,0.462,62.3,51992.8450495977,54.78926950972924
Arkansas,AR,2008,2874554,113628.0,39528.914746,0.459,62.0,51992.8450495977,55.28749190889376
Arkansas,AR,2009,2896843,109833.1,37914.757548,0.461,61.4,51992.8450495977,55.71618551046024
Arkansas,AR,2010,2921546,113000.9,38678.459966,0.458,60.6,51992.8450495977,56.19130857742138
Arkansas,AR,2011,2938773,115241.8,39214.257107,0.4684,60.3,51992.8450495977,56.52264262893494
Arkansas,AR,2012,2948793,116616.2,39547.096049,0.4632,59.6,51992.8450495977,56.71536145381251
Arkansas,AR,2013,2954563,119842.8,40561.937586,0.4685,58.6,51992.8450495977,56.82633826215019
Arkansas,AR,2014,2961050,121409.4,41002.144510,0.4714,58.1,51992.8450495977,56.95110542951355
Arkansas,AR,2015,2970210,121532.5,40917.140539,0.4773,58.3,51992.8450495977,57.12728351692657
Arkansas,AR,2016,2980475,123034.9,41280.299281,0.4719,58.1,51992.8450495977,57.324714528639966
Arkansas,AR,2017,2990702,123882.6,41422.582390,0.4725,58.0,51992.8450495977,57.52141467055842
Arkansas,AR,2018,2997195,126371.2,42163.155884,0.4845,57.9,51992.8450495977,57.64629723841571
Arkansas,AR,2019,3004206,127220.0,42347.295758,0.475,58.1,51992.8450495977,57.78114271558304
Arkansas,AR,2020,3014348,128340.9,42576.669980,,57.4,51992.8450495977,57.9762080171707
Arkansas,AR,2021,3028443,137463.6,45390.849357,0.4751,56.5,51992.8450495977,58.24730301084828
Arkansas,AR,2022,3046404,139560.7,45811.619207,0.4799,57.4,51992.8450495977,58.59275438945367
Arkansas,AR,2023,3067732,142860.6,46568.800664,0.474,57.8,51992.8450495977,59.0029646785743
California,CA,2000,33987977,1784320.6,52498.582072,,67.1,155858.32013168262,218.06969927100465
California,CA,2001,34479458,1784567.7,51757.417416,,67.1,155858.32013168262,221.22308241785723
California,CA,2002,34871843,1821509.5,52234.391512,,66.7,155858.32013168262,223.74065735173616
California,CA,2003,35253159,1895287.6,53762.206105,,65.9,155858.32013168262,226.18721265707904
California,CA,2004,35574576,1956745.5,55004.042775,,65.5,155858.32013168262,228.2494509753699
California,CA,2005,35827943,2042141.0,56998.555569,,65.5,155858.32013168262,229.8750748097981
California,CA,2006,36021202,2120435.4,58866.314345,0.466,65.4,155858.32013168262,231.11504069571757
California,CA,2007,36250311,2168940.4,59832.325301,0.469,65.7,155858.32013168262,232.5850231760011
California,CA,2008,36604337,2192331.8,59892.678837,0.473,65.9,155858.32013168262,234.8564835619522
California,CA,2009,36961229,2110679.4,57105.227751,0.467,65.3,155858.32013168262,237.14633244328536
California,CA,2010,37322523,2153852.8,57709.196133,0.471,64.2,155858.32013168262,239.4644249242947
California,CA,2011,37651212,2192887.2,58242.141050,0.4812,63.4,155858.32013168262,241.57332100197792
California,CA,2012,37971412,2255437.3,59398.299436,0.4822,63.1,155858.32013168262,243.62775094661907
California,CA,2013,38292557,2340335.3,61117.237483,0.4903,62.7,155858.32013168262,245.6882440901912
California,CA,2014,38637421,2428675.7,62858.121405,0.489,62.4,155858.32013168262,247.90092031888807
California,CA,2015,38966939,2545979.5,65336.912915,0.4876,62.2,155858.32013168262,250.01513532981332
California,CA,2016,39223789,2623711.7,66890.827401,0.4899,62.2,155858.32013168262,251.6631063831584
California,CA,2017,39424315,2740550.3,69514.214768,0.4866,62.3,155858.32013168262,252.94969794805257
California,CA,2018,39535920,2850970.3,72110.888023,0.4912,62.3,155858.32013168262,253.66576494983795
California,CA,2019,39547995,2969609.0,75088.737115,0.4866,62.4,155858.32013168262,253.74323915839992
California,CA,2020,39503200,2933320.2,74255.255270,,60.9,155858.32013168262,253.45583069690647
California,CA,2021,39145060,3154188.6,80576.925926,0.4924,61.1,155858.32013168262,251.1579745433344
California,CA,2022,39040616,3184007.8,81556.289993,0.4953,61.7,155858.32013168262,250.48785311567008
California,CA,2023,38965193,3248656.6,83373.296778,0.487,62.2,155858.32013168262,250.00393284797903
Colorado,CO,2000,4326921,238739.3,55175.331373,,72.1,103637.05759605898,41.75071253821992
Colorado,CO,2001,4425687,242650.1,54827.668563,,71.6,103637.05759605898,42.70371141999979
Colorado,CO,2002,4490406,243701.9,54271.685010,,71.9,103637.05759605898,43.32818881738261
Colorado,CO,2003,4528732,246017.4,54323.682656,,72.1,103637.05759605898,43.69799862180008
Colorado,CO,2004,4575013,250069.3,54659.800967,,72.7,103637.05759605898,44.144566684166215
Colorado,CO,2005,4631888,261992.9,56562.874577,,72.4,103637.05759605898,44.6933568690601
Colorado,CO,2006,4720423,268190.8,56814.993063,0.45,72.8,103637.05759605898,45.54763623643734
Colorado,CO,2007,4803868,278733.8,58022.784972,0.452,72.6,103637.05759605898,46.35280189759727
Colorado,CO,2008,4889730,281803.3,57631.668824,0.457,72.4,103637.05759605898,47.181289332416775
Colorado,CO,2009,4972195,275659.1,55440.122521,0.453,71.3,103637.05759605898,47.97699891654468
Colorado,CO,2010,5046928,279385.6,55357.556121,0.457,70.2,103637.05759605898,48.6981019827016
Colorado,CO,2011,5118837,283963.8,55474.280584,0.4588,69.7,103637.05759605898,49.391956108513206
Colorado,CO,2012,5188139,289339.5,55769.419439,0.4579,69.0,103637.05759605898,50.060655139608
Colorado,CO,2013,5262801,301484.1,57285.863554,0.4614,68.1,103637.05759605898,50.78107312263301
Colorado,CO,2014,5342212,315399.0,59039.027279,0.4584,67.7,103637.05759605898,51.547314483030526
Colorado,CO,2015,5441452,330526.1,60742.261441,0.458,66.8,103637.05759605898,52.50488701839527
Colorado,CO,2016,5528510,337685.2,61080.689010,0.4586,67.0,103637.05759605898,53.34491472681712
Colorado,CO,2017,5599635,350209.1,62541.415646,0.4553,67.8,103637.05759605898,54.0312039910031
Colorado,CO,2018,5676918,365204.5,64331.473521,0.4561,68.6,103637.05759605898,54.776912155559664
Colorado,CO,2019,5735797,383725.6,66900.136110,0.4548,68.6,103637.05759605898,55.34503905307821
Colorado,CO,2020,5785219,380188.8,65717.270167,,67.2,103637.05759605898,55.82191480723779
Colorado,CO,2021,5811596,406451.9,69938.085855,0.4604,68.0,103637.05759605898,56.07642801527201
Colorado,CO,2022,5841039,418818.8,71702.791233,0.4566,68.1,103637.05759605898,56.36052523573496
Colorado,CO,2023,5877610,437056.0,74359.476046,0.4575,68.1,103637.05759605898,56.71340094301856
Connecticut,CT,2000,3411777,233874.2,68549.087470,,68.0,4842.373007794604,704.5671604620665
Connecticut,CT,2001,3432835,236338.1,68846.332550,,67.0,4842.373007794604,708.9158547832399
Connecticut,CT,2002,3458749,234307.3,67743.366171,,67.4,4842.373007794604,714.267363218936
Connecticut,CT,2003,3484336,236719.1,67938.080598,,67.3,4842.373007794604,719.5513427799516
Connecticut,CT,2004,3496094,252680.8,72275.173379,,66.7,4842.373007794604,721.9794911239708
Connecticut,CT,2005,3506956,258203.7,73626.158982,,67.0,4842.373007794604,724.2226062211589
Connecticut,CT,2006,3517460,269478.6,76611.702763,0.48,68.0,4842.373007794604,726.3917906237425
Connecticut,CT,2007,3527270,278485.4,78952.107437,0.481,68.6,4842.373007794604,728.41765686416
Connecticut,CT,2008,3545579,277793.2,78349.177948,0.486,68.8,4842.373007794604,732.1986543153123
Connecticut,CT,2009,3561807,265530.8,74549.463236,0.48,68.6,4842.373007794604,735.5499037902863
Connecticut,CT,2010,3580281,266773.4,74511.860941,0.486,68.3,4842.373007794604,739.364975444259
Connecticut,CT,2011,3594181,261555.8,72772.016768,0.4859,67.8,4842.373007794604,742.2354688939841
Connecticut,CT,2012,3605215,263649.9,73130.146191,0.4915,66.4,4842.373007794604,744.5141037662336
Connecticut,CT,2013,3610238,258911.0,71715.770539,0.4994,65.4,4842.373007794604,745.5514051042169
Connecticut,CT,2014,3614584,260605.8,72098.421284,0.5005,65.9,4842.373007794604,746.4488989554762
Connecticut,CT,2015,3611891,268869.8,74440.175520,0.4916,65.9,4842.373007794604,745.8927666633821
Connecticut,CT,2016,3607614,268196.2,74341.711724,0.4945,65.9,4842.373007794604,745.0095220242113
Connecticut,CT,2017,3607550,273875.1,75917.201425,0.4943,66.1,4842.373007794604,744.9963053637233
Connecticut,CT,2018,3611229,274582.8,76035.831569,0.5014,66.0,4842.373007794604,745.7560568314599
Connecticut,CT,2019,3607133,275225.4,76300.319395,0.5024,66.3,4842.373007794604,744.9101905602315
Connecticut,CT,2020,3577586,260765.2,72888.590239,,64.6,4842.373007794604,738.8084301315246
Connecticut,CT,2021,3603691,269838.7,74878.423261,0.4985,63.2,4842.373007794604,744.1993820383644
Connecticut,CT,2022,3608706,278975.9,77306.353025,0.5008,65.3,4842.373007794604,745.2350312937867
Connecticut,CT,2023,3617176,286628.4,79240.932706,0.4954,64.3,4842.373007794604,746.9841737052379
Delaware,DE,2000,786373,63388.8,80609.074828,,69.0,1948.5539481280807,403.5674766692735
Delaware,DE,2001,795699,65724.8,82600.078673,,69.6,1948.5539481280807,408.3535899862588
Delaware,DE,2002,806169,63702.5,79018.791345,,67.9,1948.5539481280807,413.72680534427246
Delaware,DE,2003,818003,64316.8,78626.606504,,66.7,1948.5539481280807,419.8000269819739
Delaware,DE,2004,830803,67735.5,81530.158172,,66.3,1948.5539481280807,426.3690008676066
Delaware,DE,2005,845150,66381.2,78543.690469,,66.9,1948.5539481280807,433.7318968314483
Delaware,DE,2006,859268,68411.8,79616.371144,0.434,67.2,1948.5539481280807,440.97726974686736
Delaware,DE,2007,871749,68132.4,78155.982972,0.435,66.6,1948.5539481280807,447.3825324864441
Delaware,DE,2008,883874,65771.3,74412.529388,0.447,66.3,1948.5539481280807,453.60509563982674
Delaware,DE,2009,891730,69186.2,77586.489184,0.434,63.9,1948.5539481280807,457.6368033621338
Delaware,DE,2010,899773,68291.9,75899.032311,0.44,62.0,1948.5539481280807,461.7644796873014
Delaware,DE,2011,908220,71103.5,78288.850719,0.4404,62.2,1948.5539481280807,466.09948925073417
Delaware,DE,2012,916654,70562.4,76978.227336,0.4356,61.9,1948.5539481280807,470.4278272000644
Delaware,DE,2013,925704,68656.8,74167.120375,0.4513,60.9,1948.5539481280807,475.0722970176407
Delaware,DE,2014,935278,73961.7,79079.909931,0.4494,61.4,1948.5539481280807,479.98568420366007
Delaware,DE,2015,944716,76211.2,80671.016475,0.4523,61.9,1948.5539481280807,484.8292760421446
Delaware,DE,2016,953146,71941.4,75477.838652,0.4522,62.0,1948.5539481280807,489.1555611871356
Delaware,DE,2017,961604,69555.6,72332.893790,0.4811,62.2,1948.5539481280807,493.49621596250137
Delaware,DE,2018,971152,70856.4,72961.184243,0.4587,62.2,1948.5539481280807,498.3962599203156
Delaware,DE,2019,981340,74627.8,76046.833921,0.4509,62.0,1948.5539481280807,503.6247525724114
Delaware,DE,2020,991862,72506.8,73101.701648,,61.4,1948.5539481280807,509.0246543868354
Delaware,DE,2021,1004881,74657.1,74294.468698,0.4547,61.4,1948.5539481280807,515.7060193100427
Delaware,DE,2022,1019459,77149.2,75676.608868,0.4407,60.9,1948.5539481280807,523.1874647244766
Delaware,DE,2023,1031890,78014.4,75603.407340,0.4557,60.9,1948.5539481280807,529.5670674098127
Florida,FL,2000,16047515,693837.3,43236.432557,,63.3,53652.17074335251,299.1028094047487
Florida,FL,2001,16356966,714638.0,43690.131776,,63.4,53652.17074335251,304.8705350291279
Florida,FL,2002,16689370,746252.8,44714.258237,,62.5,53652.17074335251,311.0660718619257
Florida,FL,2003,17004085,781834.2,45979.198528,,62.0,53652.17074335251,316.93191094428926
Florida,FL,2004,17415318,833946.8,47885.820977,,62.2,53652.17074335251,324.5967079935485
Florida,FL,2005,17842038,883164.5,49499.081887,,62.8,53652.17074335251,332.5501606514332
Florida,FL,2006,18166990,909298.9,50052.259620,0.467,63.4,53652.17074335251,338.60680282448567
Florida,FL,2007,18367842,922288.3,50212.120727,0.469,63.9,53652.17074335251,342.350397859266
Florida,FL,2008,18527305,891766.9,48132.575137,0.471,63.4,53652.17074335251,345.322560919784
Florida,FL,2009,18652644,840480.6,45059.595841,0.469,62.1,53652.17074335251,347.6587012522892
Florida,FL,2010,18842405,851956.4,45214.843859,0.474,61.6,53652.17074335251,351.1955758534629
Florida,FL,2011,19036879,849395.3,44618.411453,0.4811,61.1,53652.17074335251,354.8202940578814
Florida,FL,2012,19268256,857861.3,44522.000330,0.4828,60.5,53652.17074335251,359.13283158980727
Florida,FL,2013,19502928,880183.5,45130.838816,0.4843,60.1,53652.17074335251,363.5067832258475
Florida,FL,2014,19790139,905648.5,45762.614401,0.4834,59.9,53652.17074335251,368.8599869456725
Florida,FL,2015,20140379,945929.0,46966.792432,0.4872,59.3,53652.17074335251,375.3879613994069
Florida,FL,2016,20533473,978989.7,47677.745504,0.4852,59.3,53652.17074335251,382.7146733395516
Florida,FL,2017,20868335,1014866.9,48631.905708,0.4859,59.3,53652.17074335251,388.9560237893186
Florida,FL,2018,21131181,1050433.8,49710.132150,0.4887,59.3,53652.17074335251,393.8550986330436
Florida,FL,2019,21353320,1084913.9,50807.738562,0.4808,59.5,53652.17074335251,397.9954530105508
Florida,FL,2020,21591299,1069758.8,49545.828623,,57.5,53652.17074335251,402.4310424136037
Florida,FL,2021,21830708,1170526.3,53618.338901,0.4869,58.0,53652.17074335251,406.893284978685
Florida,FL,2022,22245521,1239883.6,55736.325528,0.4902,58.8,53652.17074335251,414.6248081258896
Florida,FL,2023,22610726,1292787.6,57175.855388,0.4829,59.0,53652.17074335251,421.4317088521803
Georgia,GA,2000,8227303,417713.5,50771.619813,,68.9,57716.95797576735,142.5456796155865
Georgia,GA,2001,8377038,422731.6,50463.135060,,68.2,57716.95797576735,145.13997781236367
Georgia,GA,2002,8508256,427329.7,50225.298816,,68.1,57716.95797576735,147.41345175489357
Georgia,GA,2003,8622793,439074.6,50920.229675,,68.0,57716.95797576735,149.39791185149272
Georgia,GA,2004,8769252,461245.4,52598.032307,,67.5,57716.95797576735,151.93545030009722
Georgia,GA,2005,8925922,480838.3,53869.874731,,67.9,57716.95797576735,154.64990382458438
Georgia,GA,2006,9155813,487524.9,53247.581618,0.461,68.1,57716.95797576735,158.63297930296497
Georgia,GA,2007,9349988,492238.7,52645.917834,0.464,68.0,57716.95797576735,161.9972418491914
Georgia,GA,2008,9504843,481860.3,50696.292406,0.467,67.6,57716.95797576735,164.68024880990157
Georgia,GA,2009,9620846,464016.8,48230.353131,0.469,65.4,57716.95797576735,166.6901087205487
Georgia,GA,2010,9712616,471588.2,48554.189726,0.468,64.2,57716.95797576735,168.280109358464
Georgia,GA,2011,9805666,481215.4,49075.238745,0.477,64.1,57716.95797576735,169.8922871873625
Georgia,GA,2012,9907250,489027.3,49360.549093,0.4809,63.8,57716.95797576735,171.6523245067696
Georgia,GA,2013,9980892,499900.2,50085.723801,0.4837,62.9,57716.95797576735,172.9282406773848
Georgia,GA,2014,10078133,517511.9,51349.977223,0.4801,62.1,57716.95797576735,174.61303148082297
Georgia,GA,2015,10191912,540108.5,52993.834719,0.4801,61.1,57716.95797576735,176.5843585221367
Georgia,GA,2016,10318636,561718.3,54437.262832,0.4813,62.4,57716.95797576735,178.7799697331989
Georgia,GA,2017,10428854,583543.3,55954.690707,0.483,63.8,57716.95797576735,180.6895991361601
Georgia,GA,2018,10532841,600934.7,57053.429364,0.4822,63.2,57716.95797576735,182.4912706664521
Georgia,GA,2019,10643103,620744.9,58323.676845,0.4795,62.8,57716.95797576735,184.4016624103533
Georgia,GA,2020,10732390,604745.9,56347.738015,,61.4,57716.95797576735,185.94864276294723
Georgia,GA,2021,10790385,643013.8,59591.367685,0.4787,61.8,57716.95797576735,186.95346009972283
Georgia,GA,2022,10913150,665678.1,60997.796237,0.4736,61.9,57716.95797576735,189.08047795211107
Georgia,GA,2023,11029227,678201.2,61491.272235,0.4787,62.0,57716.95797576735,191.09161998161196
Hawaii,HI,2000,1213519,60745.7,50057.477468,,67.3,6422.480126305308,188.94865786032523
Hawaii,HI,2001,1225948,60446.4,49305.843315,,67.1,6422.480126305308,190.88389156374973
Hawaii,HI,2002,1239613,62355.2,50302.150752,,65.9,6422.480126305308,193.0115742861969
Hawaii,HI,2003,1251154,65623.7,52450.537664,,65.5,6422.480126305308,194.8085436458575
Hawaii,HI,2004,1273569,69332.0,54439.139144,,65.0,6422.480126305308,198.29862840426603
Hawaii,HI,2005,1292729,72941.9,56424.741767,,65.7,6422.480126305308,201.28189960529696
Hawaii,HI,2006,1309731,74892.9,57181.894603,0.438,65.9,6422.480126305308,203.92916353848736
Hawaii,HI,2007,1315675,76434.1,58094.970262,0.422,65.4,6422.480126305308,204.85466270440216
Hawaii,HI,2008,1332213,76830.2,57671.108149,0.428,65.4,6422.480126305308,207.4296804039141
Hawaii,HI,2009,1346717,74118.5,55036.433044,0.425,64.0,6422.480126305308,209.68799801872373
Hawaii,HI,2010,1365117,76130.2,55768.260156,0.433,63.3,6422.480126305308,212.5529348714883
Hawaii,HI,2011,1385141,77174.2,55715.771896,0.4301,62.9,6422.480126305308,215.6707335421273
Hawaii,HI,2012,1405255,78694.0,55999.800748,0.4257,61.3,6422.480126305308,218.80254549085043
Hawaii,HI,2013,1423345,80534.9,56581.433173,0.44,60.8,6422.480126305308,221.6192143857695
Hawaii,HI,2014,1434323,81304.9,56685.209677,0.4325,61.6,6422.480126305308,223.32852290585916
Hawaii,HI,2015,1446452,83857.6,57974.685645,0.4346,61.7,6422.480126305308,225.2170456823364
Hawaii,HI,2016,1456816,85670.4,58806.602893,0.442,62.1,6422.480126305308,226.830752505274
Hawaii,HI,2017,1458161,87436.4,59963.474541,0.4455,62.0,6422.480126305308,227.04017316108747
Hawaii,HI,2018,1459965,88836.4,60848.308007,0.445,61.5,6422.480126305308,227.32106153513027
Hawaii,HI,2019,1456943,88855.2,60987.423667,0.4397,61.1,6422.480126305308,226.85052679768165
Hawaii,HI,2020,1451181,79840.1,55017.327267,,59.1,6422.480126305308,225.95336559411484
Hawaii,HI,2021,1446745,84408.5,58343.730236,0.4552,59.5,6422.480126305308,225.26266668765484
Hawaii,HI,2022,1439399,86887.8,60363.943563,0.4574,59.9,6422.480126305308,224.11887178980655
Hawaii,HI,2023,1435138,88614.3,61746.187475,0.4512,60.2,6422.480126305308,223.45542092406583
Idaho,ID,2000,1299430,49793.0,38319.109148,,69.6,82645.137497651,15.72300608776812
Idaho,ID,2001,1319962,48695.4,36891.516574,,70.0,82645.137497651,15.971441756479829
Idaho,ID,2002,1340372,49840.5,37184.080240,,69.4,82645.137497651,16.218401234290365
Idaho,ID,2003,1363380,51542.6,37805.014009,,68.7,82645.137497651,16.49679631834058
Idaho,ID,2004,1391802,55137.1,39615.620613,,68.3,82645.137497651,16.84070039861158
Idaho,ID,2005,1428241,59331.9,41541.938650,,68.9,82645.137497651,17.28160958097014
Idaho,ID,2006,1468669,60738.6,41356.221177,0.421,68.4,82645.137497651,17.7707853658268
Idaho,ID,2007,1505105,61812.1,41068.297561,0.436,67.8,82645.137497651,18.2116582484091
Idaho,ID,2008,1534320,63878.2,41632.905782,0.419,67.0,82645.137497651,18.565157569537707
Idaho,ID,2009,1554439,61276.1,39420.073737,0.421,66.7,82645.137497651,18.80859596905119
Idaho,ID,2010,1571339,62626.4,39855.435396,0.433,65.6,82645.137497651,19.013084708639536
Idaho,ID,2011,1586880,62704.0,39514.014922,0.432,65.0,82645.137497651,19.201129649582874
Idaho,ID,2012,1600611,62007.3,38739.768751,0.4302,64.9,82645.137497651,19.367273725517048
Idaho,ID,2013,1618841,64769.8,40009.982450,0.4376,64.5,82645.137497651,19.58785536591323
Idaho,ID,2014,1641124,66784.9,40694.609304,0.4541,63.5,82645.137497651,19.85747800403436
Idaho,ID,2015,1663458,67790.5,40752.757208,0.4525,63.8,82645.137497651,20.12771773835188
Idaho,ID,2016,1697093,70442.5,41507.742946,0.4503,63.9,82645.137497651,20.53469872983436
Idaho,ID,2017,1734888,72935.1,42040.235450,0.4478,64.0,82645.137497651,20.992015411061665
Idaho,ID,2018,1769305,77652.1,43888.475984,0.4454,64.1,82645.137497651,21.40845854422214
Idaho,ID,2019,1808378,81144.3,44871.315621,0.4337,64.4,82645.137497651,21.881238930135478
Idaho,ID,2020,1849339,82717.4,44728.089334,,63.5,82645.137497651,22.37686397524069
Idaho,ID,2021,1904537,88969.6,46714.555821,0.4577,63.2,82645.137497651,23.04475565854231
Idaho,ID,2022,1938996,92903.7,47913.301523,0.4434,63.4,82645.137497651,23.4617069885704
Idaho,ID,2023,1964726,95897.9,48809.808594,0.4404,63.6,82645.137497651,23.773038069612294
Illinois,IL,2000,12434161,687111.4,55259.972909,,69.4,55513.17416447428,223.98576891244053
Illinois,IL,2001,12488445,688404.3,55123.299979,,68.6,55513.17416447428,224.9636268861022
Illinois,IL,2002,12525556,692398.1,55278.831535,,67.0,55513.17416447428,225.63213486746977
Illinois,IL,2003,12556006,703548.8,56032.849937,,66.4,55513.17416447428,226.1806533130154
Illinois,IL,2004,12589773,726139.0,57676.893777,,66.4,55513.17416447428,226.78892334095423
Illinois,IL,2005,12609903,741248.6,58783.053288,,66.7,55513.17416447428,227.1515399685021
Illinois,IL,2006,12643955,759825.7,60093.989578,0.462,67.3,55513.17416447428,227.7649439129264
Illinois,IL,2007,12695866,769571.6,60615.920174,0.466,68.1,55513.17416447428,228.70005527669383
Illinois,IL,2008,12747038,759095.3,59550.720724,0.467,67.7,55513.17416447428,229.62185448508333
Illinois,IL,2009,12796778,740794.3,57889.126466,0.469,66.8,55513.17416447428,230.5178580148514
Illinois,IL,2010,12845460,755391.4,58806.099587,0.465,66.7,55513.17416447428,231.39480300552637
Illinois,IL,2011,12892409,772225.6,59897.696389,0.4718,66.0,55513.17416447428,232.2405301812216
Illinois,IL,2012,12927420,790723.3,61166.365756,0.4716,65.9,55513.17416447428,232.8712093042757
Illinois,IL,2013,12959880,795435.2,61376.741143,0.4824,65.4,55513.17416447428,233.45593537134997
Illinois,IL,2014,12968905,811490.1,62571.982754,0.4765,64.8,55513.17416447428,233.61850939338763
Illinois,IL,2015,12963110,825424.9,63674.912887,0.4817,64.8,55513.17416447428,233.51411975818448
Illinois,IL,2016,12944999,826404.7,63839.688207,0.481,65.3,55513.17416447428,233.1878728758437
Illinois,IL,2017,12922894,832826.8,64445.843168,0.4818,64.6,55513.17416447428,232.7896791077391
Illinois,IL,2018,12887397,851517.2,66073.637679,0.4852,64.7,55513.17416447428,232.15024530604677
Illinois,IL,2019,12849440,858018.3,66774.762169,0.48,64.6,55513.17416447428,231.46649769890143
Illinois,IL,2020,12790357,810200.9,63344.666611,,62.6,55513.17416447428,230.4021917771224
Illinois,IL,2021,12690341,855888.1,67444.058438,0.4824,63.0,55513.17416447428,228.60052935184524
Illinois,IL,2022,12582515,876536.0,69663.020469,0.4837,64.3,55513.17416447428,226.658179601126
Illinois,IL,2023,12549689,885651.3,70571.573527,0.481,64.4,55513.17416447428,226.06686050446
Indiana,IN,2000,6091866,278990.4,45797.199085,,67.9,35826.03250366367,170.04020747698002
Indiana,IN,2001,6127760,273884.4,44695.679987,,67.9,35826.03250366367,171.0421046308535
Indiana,IN,2002,6155967,280723.0,45601.771420,,67.9,35826.03250366367,171.82943713821712
Indiana,IN,2003,6196638,293045.2,47290.998764,,67.8,35826.03250366367,172.9646730869882
Indiana,IN,2004,6233007,303819.8,48743.696261,,67.1,35826.03250366367,173.97982875615924
Indiana,IN,2005,6278616,306344.6,48791.740090,,67.4,35826.03250366367,175.25289743869715
Indiana,IN,2006,6332669,312525.5,49351.308271,0.432,67.4,35826.03250366367,176.76166065422967
Indiana,IN,2007,6379599,322661.7,50577.113076,0.429,66.2,35826.03250366367,178.07160196562666
Indiana,IN,2008,6424806,322384.3,50178.059851,0.437,66.5,35826.03250366367,179.33344975732328
Indiana,IN,2009,6459325,299789.0,46411.815476,0.434,65.3,35826.03250366367,180.2969669984934
Indiana,IN,2010,6491385,320731.8,49408.839562,0.44,64.0,35826.03250366367,181.1918469994179
Indiana,IN,2011,6521409,321532.8,49304.191778,0.4461,63.8,35826.03250366367,182.0298968168776
Indiana,IN,2012,6546485,323876.2,49473.297502,0.4417,63.1,35826.03250366367,182.72983477393257
Indiana,IN,2013,6581401,333207.4,50628.642746,0.4554,63.1,35826.03250366367,183.704433342625
Indiana,IN,2014,6610174,343827.8,52014.939395,0.4455,63.4,35826.03250366367,184.50756441769053
Indiana,IN,2015,6628925,341205.2,51472.176861,0.4519,63.8,35826.03250366367,185.03095477630987
Indiana,IN,2016,6658719,348439.2,52328.263139,0.4527,64.7,35826.03250366367,185.86258468109915
Indiana,IN,2017,6686218,357535.8,53473.548125,0.4497,64.3,35826.03250366367,186.6301550225035
Indiana,IN,2018,6725960,368762.9,54826.805393,0.4511,64.9,35826.03250366367,187.73946010661896
Indiana,IN,2019,6761818,370507.2,54794.021371,0.4584,64.6,35826.03250366367,188.74035240459625
Indiana,IN,2020,6789098,359787.3,52994.860289,,63.0,35826.03250366367,189.5018098726318
Indiana,IN,2021,6813798,387122.0,56814.422735,0.448,62.8,35826.03250366367,190.19125266810389
Indiana,IN,2022,6832274,399280.8,58440.396272,0.4561,63.3,35826.03250366367,190.70696704418253
Indiana,IN,2023,6862199,404290.3,58915.560449,0.4536,63.4,35826.03250366367,191.5422535079276
Iowa,IA,2000,2929067,129323.4,44151.738420,,71.5,55853.41811829138,52.44203665022898
Iowa,IA,2001,2931997,128077.5,43682.684532,,72.0,55853.41811829138,52.494495391317926
Iowa,IA,2002,2934234,131035.2,44657.379064,,72.6,55853.41811829138,52.534546655418936
Iowa,IA,2003,2941999,137476.9,46729.077746,,71.4,55853.41811829138,52.67357127130824
Iowa,IA,2004,2953635,149063.2,50467.711820,,71.0,55853.41811829138,52.88190229905942
Iowa,IA,2005,2964454,153626.8,51822.966388,,71.6,55853.41811829138,53.075605752930166
Iowa,IA,2006,2982644,155704.5,52203.514734,0.424,72.3,55853.41811829138,53.401279643854366
Iowa,IA,2007,2999212,162838.1,54293.627793,0.426,72.1,55853.41811829138,53.69791323510407
Iowa,IA,2008,3016734,160469.1,53192.989505,0.428,72.5,55853.41811829138,54.01162724922027
Iowa,IA,2009,3032870,156737.2,51679.498297,0.431,71.9,55853.41811829138,54.30052630936061
Iowa,IA,2010,3051473,161593.1,52955.769230,0.427,71.0,55853.41811829138,54.63359455525742
Iowa,IA,2011,3070048,164559.3,53601.539780,0.434,70.3,55853.41811829138,54.966161488952686
Iowa,IA,2012,3082748,170923.7,55445.239118,0.4328,69.5,55853.41811829138,55.1935423803621
Iowa,IA,2013,3102460,171069.1,55139.824526,0.4429,69.7,55853.41811829138,55.54646617024104
Iowa,IA,2014,3121790,180309.9,57758.497529,0.4433,70.2,55853.41811829138,55.89255062937049
Iowa,IA,2015,3136310,185989.2,59301.918497,0.4393,69.9,55853.41811829138,56.15251681387952
Iowa,IA,2016,3149607,186729.9,59286.730059,0.4451,69.8,55853.41811829138,56.39058639758591
Iowa,IA,2017,3162752,187125.0,59165.245963,0.4381,68.8,55853.41811829138,56.62593457219825
Iowa,IA,2018,3171540,189245.1,59669.781873,0.4413,69.1,55853.41811829138,56.78327498745069
Iowa,IA,2019,3183858,188471.4,59195.918913,0.4422,69.9,55853.41811829138,57.00381654811062
Iowa,IA,2020,3190904,186328.2,58393.546155,,66.8,55853.41811829138,57.12996818282485
Iowa,IA,2021,3197944,201147.1,62898.881281,0.4489,66.9,55853.41811829138,57.2560123934959
Iowa,IA,2022,3199693,201580.4,62999.919055,0.4514,67.6,55853.41811829138,57.28732650208449
Iowa,IA,2023,3207004,202051.4,63003.164324,0.4464,67.5,55853.41811829138,57.41822269870609
Kansas,KS,2000,2693681,118840.9,44118.401548,,70.1,81758.590716669,32.94676408176897
Kansas,KS,2001,2702162,119474.1,44214.262505,,69.5,81758.590716669,33.0504963003121
Kansas,KS,2002,2713535,121050.5,44609.890788,,70.1,81758.590716669,33.1896009485247
Kansas,KS,2003,2723004,123486.7,45349.437606,,70.7,81758.590716669,33.30541752409184
Kansas,KS,2004,2734373,124793.2,45638.689381,,71.2,81758.590716669,33.44447324778207
Kansas,KS,2005,2745299,129588.2,47203.674354,,70.7,81758.590716669,33.57811058062045
Kansas,KS,2006,2762931,136135.8,49272.240241,0.441,70.5,81758.590716669,33.79376987520275
Kansas,KS,2007,2783785,143586.6,51579.629892,0.444,70.6,81758.590716669,34.04883787254958
Kansas,KS,2008,2808076,147265.0,52443.381162,0.442,70.5,81758.590716669,34.34594426573803
Kansas,KS,2009,2832704,141902.5,50094.362136,0.444,71.1,81758.590716669,34.647172549935675
Kansas,KS,2010,2858835,143870.1,50324.730179,0.445,69.8,81758.590716669,34.96678422341175
Kansas,KS,2011,2872529,147836.8,51465.729328,0.4442,69.3,81758.590716669,35.134277325726295
Kansas,KS,2012,2891164,150077.1,51908.885141,0.4496,68.5,81758.590716669,35.36220444429147
Kansas,KS,2013,2901727,150702.9,51935.588703,0.4589,68.2,81758.590716669,35.49140187672528
Kansas,KS,2014,2911564,154110.1,52930.349462,0.4597,68.1,81758.590716669,35.61171950834994
Kansas,KS,2015,2922703,158602.6,54265.725939,0.4596,67.8,81758.590716669,35.74796207200422
Kansas,KS,2016,2927251,164643.7,56245.159708,0.455,67.5,81758.590716669,35.80358925393255
Kansas,KS,2017,2927448,166273.6,56798.139540,0.4539,67.0,81758.590716669,35.805998786659
Kansas,KS,2018,2931587,169796.9,57919.788838,0.4633,66.9,81758.590716669,35.85662343617557
Kansas,KS,2019,2933756,169562.3,57797.001523,0.45,67.2,81758.590716669,35.88315275842767
Kansas,KS,2020,2938124,168056.8,57198.675073,,66.9,81758.590716669,35.9365783368496
Kansas,KS,2021,2937946,172782.4,58810.611223,0.4599,66.6,81758.590716669,35.93440119560438
Kansas,KS,2022,2936716,177470.1,60431.481968,0.4632,66.8,81758.590716669,35.91935690497733
Kansas,KS,2023,2940546,183795.6,62503.902337,0.4518,67.0,81758.590716669,35.966202135141245
Kentucky,KY,2000,4049021,161101.0,39787.642494,,63.3,39491.608348244816,102.52864264972274
Kentucky,KY,2001,4068132,161316.4,39653.678888,,62.8,39491.608348244816,103.01256824301524
Kentucky,KY,2002,4089875,165435.3,40449.964852,,62.1,39491.608348244816,103.56314090666233
Kentucky,KY,2003,4117170,170481.9,41407.544503,,62.3,39491.608348244816,104.25430039956794
Kentucky,KY,2004,4146101,175344.6,42291.444420,,62.1,39491.608348244816,104.98688641492798
Kentucky,KY,2005,4182742,182017.9,43516.406223,,62.0,39491.608348244816,105.91470377999684
Kentucky,KY,2006,4219239,186332.6,44162.608470,0.46,62.4,39491.608348244816,106.838874800791
Kentucky,KY,2007,4256672,185790.0,43646.773818,0.465,62.2,39491.608348244816,107.7867470593708
Kentucky,KY,2008,4289878,186515.9,43478.136208,0.467,61.7,39491.608348244816,108.6275839203865
Kentucky,KY,2009,4317074,178112.8,41257.759306,0.464,62.0,39491.608348244816,109.31623655160324
Kentucky,KY,2010,4349159,186720.6,42932.576160,0.466,61.7,39491.608348244816,110.1286876353137
Kentucky,KY,2011,4374302,188389.8,43067.396810,0.4709,61.2,39491.608348244816,110.76535453878049
Kentucky,KY,2012,4394147,192060.1,43708.164520,0.4667,60.8,39491.608348244816,111.26786635913996
Kentucky,KY,2013,4415978,196698.0,44542.341470,0.4721,60.4,39491.608348244816,111.82066734428824
Kentucky,KY,2014,4428854,196795.8,44434.926055,0.4704,58.6,39491.608348244816,112.14671129485257
Kentucky,KY,2015,4443778,199487.1,44891.328955,0.4781,57.5,39491.608348244816,112.5246143639906
Kentucky,KY,2016,4457755,201007.2,45091.576365,0.4813,58.1,39491.608348244816,112.87853765515536
Kentucky,KY,2017,4475829,203564.0,45480.736641,0.4784,58.7,39491.608348244816,113.33620450530286
Kentucky,KY,2018,4487302,205940.1,45893.969249,0.4787,58.6,39491.608348244816,113.62672192102391
Kentucky,KY,2019,4498163,211783.1,47082.131083,0.4764,58.9,39491.608348244816,113.9017423735774
Kentucky,KY,2020,4508155,206049.6,45705.970624,,57.1,39491.608348244816,114.1547581513064
Kentucky,KY,2021,4507600,215133.2,47726.772562,0.4757,57.4,39491.608348244816,114.1407045327476
Kentucky,KY,2022,4511563,219755.6,48709.416227,0.4845,57.8,39491.608348244816,114.24105496580805
Kentucky,KY,2023,4526154,224418.0,49582.493216,0.4759,57.7,39491.608348244816,114.61052586381082
Louisiana,LA,2000,4471885,206556.1,46189.940036,,61.6,43210.22748265874,103.49135518424823
Louisiana,LA,2001,4477875,210534.7,47016.654105,,61.5,43210.22748265874,103.62997977266087
Louisiana,LA,2002,4497267,214856.1,47774.815238,,60.9,43210.22748265874,104.07876241347854
Louisiana,LA,2003,4521042,223576.0,49452.316523,,60.9,43210.22748265874,104.62897937333004
Louisiana,LA,2004,4552238,234620.8,51539.660273,,60.8,43210.22748265874,105.3509380811966
Louisiana,LA,2005,4576628,249560.9,54529.426469,,63.2,43210.22748265874,105.9153877825963
Louisiana,LA,2006,4302665,247139.7,57438.750170,0.475,62.7,43210.22748265874,99.57515270491828
Louisiana,LA,2007,4375581,234216.4,53528.068615,0.478,61.7,43210.22748265874,101.26262357114464
Louisiana,LA,2008,4435586,237061.6,53445.384668,0.477,61.6,43210.22748265874,102.65129943553532
Louisiana,LA,2009,4491648,241868.8,53848.565159,0.473,61.0,43210.22748265874,103.9487237553332
Louisiana,LA,2010,4544804,253466.9,55770.699903,0.475,60.7,43210.22748265874,105.17889547848216
Louisiana,LA,2011,4577089,241235.9,52705.092691,0.4836,59.9,43210.22748265874,105.92605655309016
Louisiana,LA,2012,4603590,242416.8,52658.208051,0.4859,59.7,43210.22748265874,106.53936042913745
Louisiana,LA,2013,4628239,236482.3,51095.524669,0.4914,59.6,43210.22748265874,107.10980408185584
Louisiana,LA,2014,4648813,243042.9,52280.635939,0.4902,60.3,43210.22748265874,107.58594135764908
Louisiana,LA,2015,4670550,239584.1,51296.763764,0.4909,60.2,43210.22748265874,108.08899355770345
Louisiana,LA,2016,4685576,235554.2,50272.197058,0.499,59.2,43210.22748265874,108.4367353048634
Louisiana,LA,2017,4678580,239830.7,51261.429750,0.4935,58.7,43210.22748265874,108.27482919125158
Louisiana,LA,2018,4670033,245220.3,52509.329163,0.4936,58.7,43210.22748265874,108.07702879773528
Louisiana,LA,2019,4664544,246674.4,52882.854144,0.4978,58.6,43210.22748265874,107.94999868658384
Louisiana,LA,2020,4652022,228951.3,49215.437932,,57.3,43210.22748265874,107.6602061830608
Louisiana,LA,2021,4627047,237839.2,51401.941670,0.4988,57.6,43210.22748265874,107.0822180201884
Louisiana,LA,2022,4588023,236854.1,51624.436059,0.4915,58.1,43210.22748265874,106.17909849794889
Louisiana,LA,2023,4573749,248615.5,54357.049326,0.4967,58.3,43210.22748265874,105.84876003801531
Maine,ME,2000,1277072,52958.5,41468.687748,,68.2,30845.09486865407,41.40275805401422
Maine,ME,2001,1285692,54066.2,42052.217794,,67.2,30845.09486865407,41.68221901974333
Maine,ME,2002,1295960,55406.5,42753.248557,,66.8,30845.09486865407,42.0151082536304
Maine,ME,2003,1306513,56882.4,43537.569087,,66.7,30845.09486865407,42.35723720622195
Maine,ME,2004,1313688,58934.8,44862.098154,,66.2,30845.09486865407,42.58985117711596
Maine,ME,2005,1318787,59589.7,45185.234613,,66.6,30845.09486865407,42.755161091762446
Maine,ME,2006,1323619,59986.0,45319.687916,0.428,66.7,30845.09486865407,42.911814848885776
Maine,ME,2007,1327040,60032.6,45237.973234,0.44,66.2,30845.09486865407,43.02272389340541
Maine,ME,2008,1330509,59845.1,44979.101983,0.436,66.0,30845.09486865407,43.13518910107528
Maine,ME,2009,1329590,58771.8,44202.949782,0.432,65.4,30845.09486865407,43.10539506076147
Maine,ME,2010,1327967,59958.5,45150.594857,0.437,65.0,30845.09486865407,43.05277729424426
Maine,ME,2011,1330060,59429.7,44681.969234,0.4509,64.8,30845.09486865407,43.12063249160749
Maine,ME,2012,1330954,59181.7,44465.623906,0.445,64.8,30845.09486865407,43.14961603028056
Maine,ME,2013,1332673,59013.9,44282.355837,0.4532,64.9,30845.09486865407,43.205346123098224
Maine,ME,2014,1336617,59589.8,44582.554314,0.4593,64.1,30845.09486865407,43.33321086194226
Maine,ME,2015,1335768,60563.0,45339.460146,0.4523,63.0,30845.09486865407,43.30568622622254
Maine,ME,2016,1340292,62037.1,46286.257025,0.4519,63.3,30845.09486865407,43.45235460313187
Maine,ME,2017,1344956,63000.6,46842.127177,0.4526,63.5,30845.09486865407,43.60356178922939
Maine,ME,2018,1350606,64806.3,47983.127574,0.4516,63.0,30845.09486865407,43.78673516003791
Maine,ME,2019,1357523,66758.4,49176.625368,0.449,62.4,30845.09486865407,44.01098475399942
Maine,ME,2020,1364517,67410.9,49402.755700,,59.6,30845.09486865407,44.23773069301443
Maine,ME,2021,1378787,71142.4,51597.817502,0.4663,60.4,30845.09486865407,44.70036502955206
Maine,ME,2022,1389338,73036.2,52569.065267,0.4601,59.3,30845.09486865407,45.04242914201236
Maine,ME,2023,1395722,75195.4,53875.628528,0.4509,59.5,30845.09486865407,45.24939884099318
Maryland,MD,2000,5311034,269301.2,50705.983053,,70.2,9711.2012463011,546.8977385287859
Maryland,MD,2001,5374691,281053.6,52292.048045,,70.1,9711.2012463011,553.4527463373458
Maryland,MD,2002,5440389,290400.3,53378.591126,,69.7,9711.2012463011,560.2179238198971
Maryland,MD,2003,5496269,297690.6,54162.305375,,69.0,9711.2012463011,565.9721038211903
Maryland,MD,2004,5546935,311504.8,56158.004375,,68.3,9711.2012463011,571.1893780507094
Maryland,MD,2005,5592379,325644.5,58230.048428,,68.7,9711.2012463011,575.8689227174733
Maryland,MD,2006,5627367,329874.0,58619.599539,0.433,69.3,9711.2012463011,579.4717725722559
Maryland,MD,2007,5653408,331763.5,58683.806299,0.442,69.0,9711.2012463011,582.1533151888214
Maryland,MD,2008,5684965,338165.4,59484.165690,0.438,69.4,9711.2012463011,585.4028616866884
Maryland,MD,2009,5730388,336285.8,58684.647532,0.448,69.1,9711.2012463011,590.0802439021277
Maryland,MD,2010,5791715,352622.9,60884.021400,0.443,68.5,9711.2012463011,596.3953225875126
Maryland,MD,2011,5854930,360155.9,61513.271721,0.4466,67.9,9711.2012463011,602.9048159443801
Maryland,MD,2012,5914854,361561.8,61127.764100,0.4473,67.8,9711.2012463011,609.0754222864971
Maryland,MD,2013,5963434,364633.2,61144.837018,0.4555,67.4,9711.2012463011,614.0778930177573
Maryland,MD,2014,6010059,370343.9,61620.676270,0.4491,66.9,9711.2012463011,618.8790498280705
Maryland,MD,2015,6050280,378745.9,62599.730922,0.4524,66.8,9711.2012463011,623.0207619582068
Maryland,MD,2016,6080556,391950.9,64459.713881,0.4499,66.9,9711.2012463011,626.138398925264
Maryland,MD,2017,6113486,399714.5,65382.418476,0.453,67.7,9711.2012463011,629.5293285502208
Maryland,MD,2018,6139211,402480.9,65559.059625,0.4543,67.8,9711.2012463011,632.1783314230424
Maryland,MD,2019,6163769,402506.2,65301.960537,0.4558,68.8,9711.2012463011,634.7071637865313
Maryland,MD,2020,6173689,388782.8,62974.147224,,66.6,9711.2012463011,635.7286646027952
Maryland,MD,2021,6175045,406953.1,65902.855769,0.4631,64.9,9711.2012463011,635.8682971740507
Maryland,MD,2022,6163981,416406.2,67554.750737,0.4589,64.7,9711.2012463011,634.728994247524
Maryland,MD,2023,6180253,422866.3,68422.166536,0.4561,64.8,9711.2012463011,636.4045851025892
Massachusetts,MA,2000,6361104,382599.6,60146.729247,,67.7,7800.961254366097,815.4256626309704
Massachusetts,MA,2001,6397634,388180.8,60675.681041,,68.1,7800.961254366097,820.108418872011
Massachusetts,MA,2002,6417206,388451.6,60532.823787,,68.7,7800.961254366097,822.617340447419
Massachusetts,MA,2003,6422565,397069.9,61824.193293,,68.0,7800.961254366097,823.3043070692569
Massachusetts,MA,2004,6412281,407886.0,63610.125632,,67.4,7800.961254366097,821.9860079949929
Massachusetts,MA,2005,6403290,417075.6,65134.579255,,66.8,7800.961254366097,820.8334577249902
Massachusetts,MA,2006,6410084,426926.1,66602.262934,0.461,67.0,7800.961254366097,821.7043760360121
Massachusetts,MA,2007,6431559,440373.8,68470.770462,0.467,66.9,7800.961254366097,824.4572419072508
Massachusetts,MA,2008,6468967,447526.8,69180.566233,0.471,66.9,7800.961254366097,829.2525483804195
Massachusetts,MA,2009,6517613,441307.6,67710.003647,0.468,66.4,7800.961254366097,835.4884465490937
Massachusetts,MA,2010,6569724,462330.8,70372.941086,0.475,66.2,7800.961254366097,842.168520747749
Massachusetts,MA,2011,6630673,472664.3,71284.513653,0.4771,65.7,7800.961254366097,849.9815322488492
Massachusetts,MA,2012,6693932,483286.3,72197.670965,0.4813,65.4,7800.961254366097,858.0906611032702
Massachusetts,MA,2013,6757991,486991.8,72061.623047,0.4837,64.9,7800.961254366097,866.3023414220446
Massachusetts,MA,2014,6820869,496250.9,72754.791215,0.4863,65.3,7800.961254366097,874.3626301415673
Massachusetts,MA,2015,6866661,514398.7,74912.493860,0.4848,65.2,7800.961254366097,880.2326759611605
Massachusetts,MA,2016,6909664,521662.8,75497.563992,0.4786,65.2,7800.961254366097,885.7452017381513
Massachusetts,MA,2017,6959114,530129.4,76177.714577,0.4851,66.0,7800.961254366097,892.0841641285007
Massachusetts,MA,2018,6994446,549262.1,78528.320899,0.4875,67.2,7800.961254366097,896.6133495516722
Massachusetts,MA,2019,7016781,566326.8,80710.342820,0.4803,67.2,7800.961254366097,899.4764582470908
Massachusetts,MA,2020,6997713,559765.0,79992.563285,,65.3,7800.961254366097,897.0321440942257
Massachusetts,MA,2021,6991951,595911.8,85228.257463,0.4893,65.1,7800.961254366097,896.2935171722197
Massachusetts,MA,2022,6982740,608052.9,87079.412953,0.4976,65.3,7800.961254366097,895.1127652495198
Massachusetts,MA,2023,7001399,615504.5,87911.644516,0.4879,65.5,7800.961254366097,897.5046499662343
Michigan,MI,2000,9952450,467654.4,46988.872087,,68.6,56608.2151836518,175.812820943244
Michigan,MI,2001,9991120,453301.5,45370.438950,,67.8,56608.2151836518,176.49593734029952
Michigan,MI,2002,10015710,465788.4,46505.779421,,66.0,56608.2151836518,176.93032658787115
Michigan,MI,2003,10041152,477085.4,47513.014443,,65.6,56608.2151836518,177.37976665443145
Michigan,MI,2004,10055315,485082.7,48241.422571,,65.6,56608.2151836518,177.62996002219708
Michigan,MI,2005,10051137,493796.3,49128.402090,,65.5,56608.2151836518,177.55615448025506
Michigan,MI,2006,10036081,483763.6,48202.440773,0.444,65.1,56608.2151836518,177.29018601700014
Michigan,MI,2007,10001284,482935.1,48287.309909,0.448,64.3,56608.2151836518,176.67548725133318
Michigan,MI,2008,9946889,455256.7,45768.752421,0.451,63.3,56608.2151836518,175.71458431836615
Michigan,MI,2009,9901591,416297.1,42043.455441,0.453,62.9,56608.2151836518,174.91438244213597
Michigan,MI,2010,9880111,441271.5,44662.605511,0.451,61.7,56608.2151836518,174.53493221692904
Michigan,MI,2011,9895652,453989.1,45877.633935,0.4612,60.2,56608.2151836518,174.80946834122796
Michigan,MI,2012,9921001,463302.6,46699.178843,0.4624,60.1,56608.2151836518,175.25726553670148
Michigan,MI,2013,9947598,472779.9,47527.041201,0.4641,60.5,56608.2151836518,175.72710900224286
Michigan,MI,2014,9974914,479534.9,48074.088659,0.4598,60.5,56608.2151836518,176.209653804466
Michigan,MI,2015,9987448,490618.7,49123.529855,0.4667,60.4,56608.2151836518,176.43107043029207
Michigan,MI,2016,10017194,500159.5,49930.100186,0.4695,61.3,56608.2151836518,176.9565418641378
Michigan,MI,2017,10049914,505101.5,50259.285801,0.4671,61.4,56608.2151836518,177.53454984219977
Michigan,MI,2018,10070532,516843.0,51322.313459,0.4679,61.6,56608.2151836518,177.89877259561302
Michigan,MI,2019,10078126,521085.1,51704.562932,0.4634,61.9,56608.2151836518,178.0329227357537
Michigan,MI,2020,10070627,501893.8,49837.393441,,60.4,56608.2151836518,177.90045079726082
Michigan,MI,2021,10038117,530380.9,52836.692380,0.4659,59.2,56608.2151836518,177.3261525281045
Michigan,MI,2022,10033281,543720.9,54191.734488,0.4685,60.2,56608.2151836518,177.2407232315914
Michigan,MI,2023,10037261,554256.2,55219.865260,0.4658,61.6,56608.2151836518,177.31103104799382
Minnesota,MN,2000,4933692,263345.6,53376.984214,,75.1,79626.68119864281,61.96028674976463
Minnesota,MN,2001,4982796,263518.7,52885.709148,,75.4,79626.68119864281,62.57696446709284
Minnesota,MN,2002,5018935,268982.8,53593.601033,,75.1,79626.68119864281,63.03081987656098
Minnesota,MN,2003,5053572,280796.9,55564.044601,,74.9,79626.68119864281,63.465812262010175
Minnesota,MN,2004,5087713,293753.9,57737.906993,,74.4,79626.68119864281,63.89457557960757
Minnesota,MN,2005,5119598,301761.2,58942.362271,,73.3,79626.68119864281,64.2950066853629
Minnesota,MN,2006,5163555,302272.7,58539.649524,0.43,72.7,79626.68119864281,64.84704526512415
Minnesota,MN,2007,5207203,304208.0,58420.614675,0.436,72.2,79626.68119864281,65.39520323608255
Minnesota,MN,2008,5247018,309290.4,58945.938436,0.445,72.0,79626.68119864281,65.89522407583945
Minnesota,MN,2009,5281203,296875.2,56213.555889,0.439,71.7,79626.68119864281,66.3245399720366
Minnesota,MN,2010,5312197,308091.9,57997.077292,0.44,71.5,79626.68119864281,66.71378136114687
Minnesota,MN,2011,5352946,315213.3,58885.948037,0.4436,71.2,79626.68119864281,67.22553193754405
Minnesota,MN,2012,5388902,321053.9,59576.867421,0.4441,70.5,79626.68119864281,67.67708912238139
Minnesota,MN,2013,5431187,329774.5,60718.678992,0.4462,70.2,79626.68119864281,68.20812971535189
Minnesota,MN,2014,5474193,338623.9,61858.231889,0.4539,70.1,79626.68119864281,68.74822506219567
Minnesota,MN,2015,5510593,345456.2,62689.478247,0.4492,70.2,79626.68119864281,69.20535826744874
Minnesota,MN,2016,5557028,350603.6,63091.926116,0.4496,70.0,79626.68119864281,69.7885170692599
Minnesota,MN,2017,5606013,354721.9,63275.254624,0.4516,70.1,79626.68119864281,70.40370031264786
Minnesota,MN,2018,5650556,364799.7,64559.965426,0.4536,69.6,79626.68119864281,70.96309823466949
Minnesota,MN,2019,5686910,369617.4,64994.417003,0.4434,69.8,79626.68119864281,71.41965374411373
Minnesota,MN,2020,5710578,357475.6,62598.847262,,69.7,79626.68119864281,71.71689079636454
Minnesota,MN,2021,5717968,377947.0,66098.131364,0.4493,67.7,79626.68119864281,71.80969888391455
Minnesota,MN,2022,5714300,384727.7,67327.179182,0.456,67.9,79626.68119864281,71.76363392246212
Minnesota,MN,2023,5737915,390907.9,68127.168144,0.4541,68.2,79626.68119864281,72.06020536867233
Mississippi,MS,2000,2848353,93957.0,32986.431106,,62.4,46923.95587454397,60.70146787315556
Mississippi,MS,2001,2852994,93515.5,32778.021966,,61.4,46923.95587454397,60.80037257787415
Mississippi,MS,2002,2858681,94561.5,33078.717073,,61.0,46923.95587454397,60.92156866831471
Mississippi,MS,2003,2868312,98762.1,34432.132906,,61.5,46923.95587454397,61.126815643351286
Mississippi,MS,2004,2889010,101369.5,35087.971312,,61.5,46923.95587454397,61.56791229887066
Mississippi,MS,2005,2905943,103691.8,35682.668242,,61.4,46923.95587454397,61.928772752436686
Mississippi,MS,2006,2904978,105879.9,36447.745904,0.471,59.5,46923.95587454397,61.90820756388822
Mississippi,MS,2007,2928350,107713.9,36783.137262,0.48,59.5,46923.95587454397,62.40629003720925
Mississippi,MS,2008,2947806,109434.0,37123.881287,0.478,59.1,46923.95587454397,62.82091833606832
Mississippi,MS,2009,2958774,105360.0,35609.343600,0.47,57.5,46923.95587454397,63.05465822000573
Mississippi,MS,2010,2970367,106711.8,35925.459716,0.468,58.8,46923.95587454397,63.30171752657815
Mississippi,MS,2011,2977902,106491.1,35760.444770,0.4735,60.0,46923.95587454397,63.462296485865934
Mississippi,MS,2012,2982356,108646.5,36429.755536,0.487,59.1,46923.95587454397,63.55721601933213
Mississippi,MS,2013,2986599,109032.7,36507.311494,0.4791,56.4,46923.95587454397,63.64763891571674
Mississippi,MS,2014,2987656,109299.6,36583.729854,0.476,55.0,46923.95587454397,63.67016472327708
Mississippi,MS,2015,2985000,109401.7,36650.485762,0.4759,55.4,46923.95587454397,63.61356250484731
Mississippi,MS,2016,2984364,109911.0,36828.952500,0.4828,55.7,46923.95587454397,63.60000866037392
Mississippi,MS,2017,2983448,110281.4,36964.411647,0.479,55.7,46923.95587454397,63.58048771456003
Mississippi,MS,2018,2974657,110174.8,37037.816461,0.4828,55.6,46923.95587454397,63.39314204354492
Mississippi,MS,2019,2969008,111207.8,37456.214332,0.4896,56.2,46923.95587454397,63.27275577400057
Mississippi,MS,2020,2958409,110322.8,37291.260269,,54.8,46923.95587454397,63.04687967718687
Mississippi,MS,2021,2949582,115675.1,39217.455219,0.4808,55.2,46923.95587454397,62.85876680742798
Mississippi,MS,2022,2938928,116557.1,39659.733073,0.4806,55.1,46923.95587454397,62.631718601422406
Mississippi,MS,2023,2939690,119548.4,40667.009106,0.4843,54.5,46923.95587454397,62.64795764149903
Missouri,MO,2000,5607285,262665.4,46843.597213,,70.0,68746.47916893379,81.56468618881512
Missouri,MO,2001,5641142,260381.1,46157.515624,,69.8,68746.47916893379,82.05717686483653
Missouri,MO,2002,5674825,264997.7,46697.069954,,69.1,68746.47916893379,82.54713650214725
Missouri,MO,2003,5709403,271970.5,47635.540879,,68.6,68746.47916893379,83.05011498799858
Missouri,MO,2004,5747741,279128.2,48563.113752,,68.3,68746.47916893379,83.60778718391992
Missouri,MO,2005,5790300,285341.7,49279.260142,,67.9,68746.47916893379,84.22685888787464
Missouri,MO,2006,5842704,286558.3,49045.493320,0.449,67.7,68746.47916893379,84.98913792577599
Missouri,MO,2007,5887612,288320.8,48970.754187,0.45,67.5,68746.47916893379,85.642378652325
Missouri,MO,2008,5923916,297881.8,50284.609032,0.448,67.0,68746.47916893379,86.17046387849038
Missouri,MO,2009,5961088,289566.8,48576.165962,0.45,66.6,68746.47916893379,86.71117520581022
Missouri,MO,2010,5996167,295986.4,49362.601142,0.455,65.6,68746.47916893379,87.22144133760439
Missouri,MO,2011,6011574,292984.2,48736.686931,0.4611,65.1,68746.47916893379,87.44555463309607
Missouri,MO,2012,6026733,296514.3,49199.840112,0.4608,64.2,68746.47916893379,87.66606047111505
Missouri,MO,2013,6044008,302025.7,49971.095339,0.4605,64.1,68746.47916893379,87.91734606724789
Missouri,MO,2014,6060462,303617.8,50098.127832,0.4628,64.4,68746.47916893379,88.15668923360215
Missouri,MO,2015,6077056,308009.9,50684.064784,0.4634,64.5,68746.47916893379,88.39806886788456
Missouri,MO,2016,6093343,308423.3,50616.435018,0.4646,64.6,68746.47916893379,88.63498281892454
Missouri,MO,2017,6113654,311273.8,50914.526730,0.4618,64.0,68746.47916893379,88.93043067669903
Missouri,MO,2018,6128572,314182.4,51265.188693,0.4657,63.6,68746.47916893379,89.1474308806417
Missouri,MO,2019,6143374,321329.1,52304.987455,0.4633,63.9,68746.47916893379,89.36274372544393
Missouri,MO,2020,6154426,315332.6,51236.719720,,62.7,68746.47916893379,89.52350832217101
Missouri,MO,2021,6170393,331580.9,53737.403760,0.4706,62.6,68746.47916893379,89.75576748937524
Missouri,MO,2022,6177168,339652.4,54985.132345,0.4687,62.6,68746.47916893379,89.85431799089768
Missouri,MO,2023,6196156,348487.4,56242.515521,0.4608,63.3,68746.47916893379,90.13052122675126
Montana,MT,2000,903773,32513.7,35975.515976,,68.5,145550.34920453557,6.209349582047152
Montana,MT,2001,906961,32689.6,36043.005157,,67.1,145550.34920453557,6.231252655570666
Montana,MT,2002,911667,33663.8,36925.544086,,66.6,145550.34920453557,6.263585109774447
Montana,MT,2003,919630,35249.5,38330.089275,,66.3,145550.34920453557,6.318294700259935
Montana,MT,2004,930009,36949.9,39730.690778,,66.5,145550.34920453557,6.38960335775697
Montana,MT,2005,940102,38849.0,41324.239285,,66.6,145550.34920453557,6.458947059473664
Montana,MT,2006,952692,40055.0,42044.018424,0.426,67.0,145550.34920453557,6.545446336657176
Montana,MT,2007,964706,42057.7,43596.391025,0.443,67.3,145550.34920453557,6.627988220380981
Montana,MT,2008,976415,42049.3,43064.987736,0.449,67.3,145550.34920453557,6.708434609304073
Montana,MT,2009,983982,40938.4,41604.826105,0.431,65.2,145550.34920453557,6.760423491786014
Montana,MT,2010,990874,42469.8,42860.949021,0.435,64.4,145550.34920453557,6.807774803807361
Montana,MT,2011,998243,43532.2,43608.820698,0.4351,64.0,145550.34920453557,6.858403332287527
Montana,MT,2012,1005475,44329.1,44087.719734,0.4502,64.2,145550.34920453557,6.908090605726063
Montana,MT,2013,1016046,45114.7,44402.221947,0.462,64.1,145550.34920453557,6.980718394376332
Montana,MT,2014,1025126,46166.7,45035.146899,0.4544,63.8,145550.34920453557,7.043102305164759
Montana,MT,2015,1034544,47765.6,46170.680029,0.4623,63.8,145550.34920453557,7.107808436420859
Montana,MT,2016,1045768,47189.6,45124.348804,0.4667,63.6,145550.34920453557,7.184922645087081
Montana,MT,2017,1058073,48470.5,45810.166217,0.4539,63.4,145550.34920453557,7.269463836965008
Montana,MT,2018,1066610,49455.0,46366.525722,0.4535,63.3,145550.34920453557,7.32811707996069
Montana,MT,2019,1075495,50263.5,46735.224246,0.4597,63.7,145550.34920453557,7.389161248171612
Montana,MT,2020,1087211,49981.4,45972.125006,,62.9,145550.34920453557,7.469655730417999
Montana,MT,2021,1106366,53303.7,48179.083594,0.4693,62.1,145550.34920453557,7.601259674377504
Montana,MT,2022,1122878,55193.9,49153.959736,0.4652,62.7,145550.34920453557,7.714704953555752
Montana,MT,2023,1132812,57373.3,50646.797527,0.4601,63.1,145550.34920453557,7.782956249786173
Nebraska,NE,2000,1713820,80268.2,46835.840403,,73.3,76817.87137825477,22.310173000773094
Nebraska,NE,2001,1719836,82268.1,47834.851695,,73.3,76817.87137825477,22.38848811016186
Nebraska,NE,2002,1728292,83433.2,48274.944280,,73.4,76817.87137825477,22.49856666152346
Nebraska,NE,2003,1738643,88310.7,50792.888477,,74.0,76817.87137825477,22.63331395163036
Nebraska,NE,2004,1749370,90607.6,51794.417419,,74.1,76817.87137825477,22.77295593607405
Nebraska,NE,2005,1761497,94556.0,53679.342060,,73.4,76817.87137825477,22.930822846239867
Nebraska,NE,2006,1772693,97322.8,54901.102447,0.43,72.8,76817.87137825477,23.07657018080047
Nebraska,NE,2007,1783440,99780.7,55948.447943,0.429,72.9,76817.87137825477,23.216472521325908
Nebraska,NE,2008,1796378,99860.1,55589.692147,0.427,73.0,76817.87137825477,23.384896870606465
Nebraska,NE,2009,1812683,99986.4,55159.341153,0.44,72.2,76817.87137825477,23.59715216624872
Nebraska,NE,2010,1830194,103940.8,56792.230769,0.432,71.5,76817.87137825477,23.82510693362017
Nebraska,NE,2011,1843937,109734.2,59510.818428,0.4467,71.8,76817.87137825477,24.004010615190943
Nebraska,NE,2012,1859140,109686.3,58998.407866,0.4339,71.9,76817.87137825477,24.20192029072907
Nebraska,NE,2013,1873681,111382.2,59445.658039,0.4445,71.6,76817.87137825477,24.391212179961453
Nebraska,NE,2014,1890242,115651.9,61183.647385,0.4352,70.7,76817.87137825477,24.606800033450035
Nebraska,NE,2015,1904766,119640.8,62811.284956,0.4473,70.1,76817.87137825477,24.79587062001293
Nebraska,NE,2016,1921616,121303.1,63125.567231,0.4477,69.9,76817.87137825477,25.01522061888273
Nebraska,NE,2017,1934551,123219.9,63694.314598,0.4391,69.4,76817.87137825477,25.18360591475102
Nebraska,NE,2018,1945483,125543.4,64530.710369,0.4488,69.8,76817.87137825477,25.3259165490326
Nebraska,NE,2019,1954962,127568.9,65253.902633,0.44,70.3,76817.87137825477,25.449312313975437
Nebraska,NE,2020,1963273,126734.9,64552.866565,,69.6,76817.87137825477,25.557503283744385
Nebraska,NE,2021,1964253,134939.9,68697.820495,0.456,69.3,76817.87137825477,25.570260731749865
Nebraska,NE,2022,1968060,139440.9,70851.955733,0.461,69.5,76817.87137825477,25.619819511909945
Nebraska,NE,2023,1978379,145019.6,73302.233798,0.4634,69.3,76817.87137825477,25.75415023228605
Nevada,NV,2000,2018741,114810.2,56872.179244,,70.3,109860.4519103707,18.375502420534215
Nevada,NV,2001,2098399,116267.3,55407.622669,,70.4,109860.4519103707,19.10058591158875
Nevada,NV,2002,2173791,120180.1,55285.949753,,69.3,109860.4519103707,19.78683832261568
Nevada,NV,2003,2248850,125905.4,55986.570914,,67.9,109860.4519103707,20.470059615581384
Nevada,NV,2004,2346222,139373.0,59403.159633,,67.0,109860.4519103707,21.356384023562526
Nevada,NV,2005,2432143,150680.9,61953.964056,,67.4,109860.4519103707,22.13847620055537
Nevada,NV,2006,2522658,156297.9,61957.625647,0.434,68.6,109860.4519103707,22.96238506335385
Nevada,NV,2007,2601072,157734.3,60642.035284,0.437,69.5,109860.4519103707,23.676145098347824
Nevada,NV,2008,2653630,152745.6,57561.001345,0.431,69.4,109860.4519103707,24.15455201444971
Nevada,NV,2009,2684665,140304.3,52261.380843,0.433,67.5,109860.4519103707,24.437046756282008
Nevada,NV,2010,2701888,142614.2,52783.164957,0.448,65.7,109860.4519103707,24.593818366998224
Nevada,NV,2011,2710129,144341.2,53259.900174,0.4526,65.0,109860.4519103707,24.66883171217109
Nevada,NV,2012,2739290,142986.1,52198.233849,0.4516,64.5,109860.4519103707,24.934268450259435
Nevada,NV,2013,2769188,144549.3,52199.164520,0.4543,63.8,109860.4519103707,25.20641369889169
Nevada,NV,2014,2808779,145303.6,51731.944735,0.4427,63.2,109860.4519103707,25.56678905973856
Nevada,NV,2015,2855986,151055.9,52890.980558,0.4548,62.7,109860.4519103707,25.996488730358102
Nevada,NV,2016,2904614,156007.4,53710.200392,0.4577,62.2,109860.4519103707,26.43912299186353
Nevada,NV,2017,2954768,163199.1,55232.458183,0.4606,62.6,109860.4519103707,26.895647602202093
Nevada,NV,2018,3011007,168638.5,56007.342394,0.469,63.4,109860.4519103707,27.407560661196992
Nevada,NV,2019,3068665,176029.7,57363.609257,0.471,64.2,109860.4519103707,27.932390106164505
Nevada,NV,2020,3115840,166077.0,53300.875526,,61.3,109860.4519103707,28.36179849817156
Nevada,NV,2021,3146632,182474.1,57990.289300,0.4726,60.1,109860.4519103707,28.642081343040257
Nevada,NV,2022,3177421,190463.3,59942.733431,0.4685,61.7,109860.4519103707,28.92233688053904
Nevada,NV,2023,3194176,195405.6,61175.589573,0.4632,62.6,109860.4519103707,29.074848541547585
New Hampshire,NH,2000,1239882,60742.5,48990.549101,,72.3,8953.753063751145,138.47623350476405
New Hampshire,NH,2001,1255517,61719.4,49158.553807,,71.7,8953.753063751145,140.2224286353063
New Hampshire,NH,2002,1269089,63474.2,50015.562344,,71.4,8953.753063751145,141.73821759032512
New Hampshire,NH,2003,1279840,66119.4,51662.239030,,71.3,8953.753063751145,142.9389431322797
New Hampshire,NH,2004,1290121,68428.1,53040.063684,,71.0,8953.753063751145,144.08717671955856
New Hampshire,NH,2005,1298492,69556.1,53566.829830,,71.3,8953.753063751145,145.02209193783608
New Hampshire,NH,2006,1308389,71424.5,54589.651854,0.417,71.0,8953.753063751145,146.12743848129475
New Hampshire,NH,2007,1312540,71943.5,54812.424764,0.417,70.8,8953.753063751145,146.59104295759033
New Hampshire,NH,2008,1315906,71195.6,54103.864562,0.419,70.8,8953.753063751145,146.96697470107642
New Hampshire,NH,2009,1316102,70498.6,53566.212953,0.431,70.0,8953.753063751145,146.9888649630263
New Hampshire,NH,2010,1317105,72950.4,55386.928149,0.425,69.9,8953.753063751145,147.10088502800448
New Hampshire,NH,2011,1321939,73465.0,55573.668679,0.4347,69.4,8953.753063751145,147.64077036609476
New Hampshire,NH,2012,1327372,74082.8,55811.633815,0.4298,69.3,8953.753063751145,148.24755502514407
New Hampshire,NH,2013,1331163,75503.4,56719.875778,0.4387,69.1,8953.753063751145,148.6709528978582
New Hampshire,NH,2014,1339344,76836.2,57368.532655,0.441,68.6,8953.753063751145,149.58464796424556
New Hampshire,NH,2015,1343764,79319.3,59027.701293,0.4347,68.5,8953.753063751145,150.0782957082172
New Hampshire,NH,2016,1351178,80736.1,59752.379035,0.4304,68.6,8953.753063751145,150.90632837197418
New Hampshire,NH,2017,1359076,81179.6,59731.464613,0.4386,68.2,8953.753063751145,151.78841658054614
New Hampshire,NH,2018,1364941,82269.5,60273.301190,0.453,68.6,8953.753063751145,152.44344916389312
New Hampshire,NH,2019,1371857,84438.2,61550.292778,0.4406,68.9,8953.753063751145,153.21586269269582
New Hampshire,NH,2020,1378702,83152.6,60312.235712,,66.8,8953.753063751145,153.9803465857922
New Hampshire,NH,2021,1387494,89949.3,64828.604664,0.4348,65.5,8953.753063751145,154.96228119325798
New Hampshire,NH,2022,1399003,91416.1,65343.748369,0.4466,65.6,8953.753063751145,156.2476639727534
New Hampshire,NH,2023,1402054,93466.7,66664.122780,0.4446,65.3,8953.753063751145,156.58841493810576
New Jersey,NJ,2000,8430621,503901.5,59770.389394,,66.5,7354.758726104268,1146.2811104975028
New Jersey,NJ,2001,8492671,509631.5,60008.388409,,66.1,7354.758726104268,1154.7178250534496
New Jersey,NJ,2002,8552643,517752.2,60537.099467,,66.5,7354.758726104268,1162.872001449086
New Jersey,NJ,2003,8601402,529815.9,61596.458345,,66.1,7354.758726104268,1169.501586703452
New Jersey,NJ,2004,8634561,536174.0,62096.266388,,65.9,7354.758726104268,1174.0100962596266
New Jersey,NJ,2005,8651974,546357.8,63148.340483,,66.1,7354.758726104268,1176.377679024537
New Jersey,NJ,2006,8661679,555211.0,64099.697068,0.458,66.6,7354.758726104268,1177.6972328483157
New Jersey,NJ,2007,8677885,560823.8,64626.784061,0.464,66.2,7354.758726104268,1179.9007041793982
New Jersey,NJ,2008,8711090,573202.7,65801.489825,0.462,66.7,7354.758726104268,1184.4154681895548
New Jersey,NJ,2009,8755602,546362.2,62401.443099,0.465,67.0,7354.758726104268,1190.4676041817272
New Jersey,NJ,2010,8809368,554764.4,62974.370012,0.464,66.6,7354.758726104268,1197.777973155378
New Jersey,NJ,2011,8878245,548479.3,61777.896420,0.4694,66.1,7354.758726104268,1207.1429302620652
New Jersey,NJ,2012,8935248,560729.7,62754.799867,0.4718,66.0,7354.758726104268,1214.893422443091
New Jersey,NJ,2013,8987175,570952.4,63529.685357,0.48,65.0,7354.758726104268,1221.9537492238585
New Jersey,NJ,2014,9036406,570696.4,63155.241143,0.4757,64.2,7354.758726104268,1228.6475106147338
New Jersey,NJ,2015,9079218,581414.9,64037.993140,0.4832,64.1,7354.758726104268,1234.46850374236
New Jersey,NJ,2016,9122374,587049.7,64352.733181,0.4813,63.9,7354.758726104268,1240.336269308459
New Jersey,NJ,2017,9176713,590086.7,64302.621211,0.4794,63.4,7354.758726104268,1247.7245470241007
New Jersey,NJ,2018,9220072,606892.2,65822.935005,0.4836,63.0,7354.758726104268,1253.6199137675542
New Jersey,NJ,2019,9259376,618691.0,66817.785561,0.4782,63.8,7354.758726104268,1258.9639367958691
New Jersey,NJ,2020,9272392,597221.4,64408.558223,,62.9,7354.758726104268,1260.7336753399495
New Jersey,NJ,2021,9269175,632463.3,68232.965717,0.4853,62.9,7354.758726104268,1260.2962714603932
New Jersey,NJ,2022,9260817,650235.8,70213.653936,0.4815,63.8,7354.758726104268,1259.1598643651698
New Jersey,NJ,2023,9290841,663888.5,71456.233079,0.4794,64.5,7354.758726104268,1263.2421192858426
New Mexico,NM,2000,1821204,72733.8,39937.206376,,63.2,121312.7425879337,15.012470752442992
New Mexico,NM,2001,1831690,72996.4,39851.940012,,63.3,121312.7425879337,15.098908498192571
New Mexico,NM,2002,1855309,75345.9,40610.971003,,63.2,121312.7425879337,15.293603626636148
New Mexico,NM,2003,1877574,78766.8,41951.369160,,63.2,121312.7425879337,15.477137520314802
New Mexico,NM,2004,1903808,85751.0,45041.831949,,62.9,121312.7425879337,15.693388504674374
New Mexico,NM,2005,1932274,86295.9,44660.281099,,62.9,121312.7425879337,15.92803821576607
New Mexico,NM,2006,1962137,88554.5,45131.660022,0.457,62.4,121312.7425879337,16.17420361737962
New Mexico,NM,2007,1990070,89392.3,44919.173697,0.459,61.9,121312.7425879337,16.404459725716737
New Mexico,NM,2008,2010662,89012.9,44270.444262,0.46,62.0,121312.7425879337,16.574202817503437
New Mexico,NM,2009,2036802,90829.2,44594.025340,0.453,60.6,121312.7425879337,16.789678945092035
New Mexico,NM,2010,2064898,90721.0,43934.857799,0.464,59.6,121312.7425879337,17.021278688042653
New Mexico,NM,2011,2082130,90552.3,43490.223953,0.4821,58.7,121312.7425879337,17.16332477184551
New Mexico,NM,2012,2090282,90762.4,43421.126910,0.4713,58.5,121312.7425879337,17.23052298883488
New Mexico,NM,2013,2096538,90104.0,42977.518175,0.4759,58.1,121312.7425879337,17.282092179890515
New Mexico,NM,2014,2095081,92621.1,44208.839658,0.477,58.1,121312.7425879337,17.27008189994038
New Mexico,NM,2015,2096056,93503.9,44609.447458,0.4795,58.2,121312.7425879337,17.278118978149976
New Mexico,NM,2016,2099682,93043.5,44313.138847,0.4769,58.2,121312.7425879337,17.30800866593254
New Mexico,NM,2017,2101111,93210.1,44362.292140,0.4776,58.0,121312.7425879337,17.319788137482814
New Mexico,NM,2018,2103161,96077.0,45682.189809,0.4891,57.7,121312.7425879337,17.336686609615814
New Mexico,NM,2019,2110180,100342.2,47551.488499,0.4768,58.0,121312.7425879337,17.394545329567777
New Mexico,NM,2020,2118488,97622.4,46081.167323,,55.9,121312.7425879337,17.463029479070688
New Mexico,NM,2021,2116950,100917.6,47671.225112,0.4861,56.3,121312.7425879337,17.450351503392366
New Mexico,NM,2022,2113476,103301.6,48877.583658,0.4796,56.5,121312.7425879337,17.421714775494785
New Mexico,NM,2023,2114371,110323.7,52178.023630,0.4771,57.3,121312.7425879337,17.42909240113334
New York,NY,2000,19001780,1217036.4,64048.547031,,62.8,47123.58345350337,403.2329166721578
New York,NY,2001,19082838,1240755.2,65019.427404,,62.3,47123.58345350337,404.9530320381715
New York,NY,2002,19137800,1228580.8,64196.553418,,63.1,47123.58345350337,406.11936948477575
New York,NY,2003,19175939,1236563.1,64485.139424,,62.6,47123.58345350337,406.9287094628704
New York,NY,2004,19171567,1269433.1,66214.363176,,62.8,47123.58345350337,406.8359321382361
New York,NY,2005,19132610,1301438.0,68021.979228,,63.0,47123.58345350337,406.0092335481672
New York,NY,2006,19104631,1339568.5,70117.475705,0.495,63.1,47123.58345350337,405.415496867942
New York,NY,2007,19132335,1353798.9,70759.732150,0.5,62.6,47123.58345350337,406.0033978289828
New York,NY,2008,19212436,1328095.7,69126.876987,0.503,63.2,47123.58345350337,407.70320489223457
New York,NY,2009,19307066,1379504.6,71450.763156,0.502,63.1,47123.58345350337,409.71132891559904
New York,NY,2010,19420354,1431624.0,73717.708750,0.499,62.6,47123.58345350337,412.1153905700312
New York,NY,2011,19602134,1440346.8,73479.081410,0.5033,61.6,47123.58345350337,415.9729070549428
New York,NY,2012,19758616,1496280.1,75727.981150,0.5009,61.7,47123.58345350337,419.2935798164785
New York,NY,2013,19892558,1501818.0,75496.474611,0.5098,61.6,47123.58345350337,422.1359358128589
New York,NY,2014,20001317,1535375.9,76763.740108,0.5111,60.7,47123.58345350337,424.4438884775223
New York,NY,2015,20087023,1565835.2,77952.576646,0.5138,60.7,47123.58345350337,426.2626381081519
New York,NY,2016,20148134,1590567.8,78943.677861,0.5129,60.6,47123.58345350337,427.55946223572056
New York,NY,2017,20187407,1624800.7,80485.854374,0.5157,60.8,47123.58345350337,428.3928665976522
New York,NY,2018,20219472,1665186.8,82355.602560,0.513,60.6,47123.58345350337,429.0733114545599
New York,NY,2019,20220321,1704364.3,84289.675718,0.5149,60.7,47123.58345350337,429.09132791124216
New York,NY,2020,20104710,1656784.8,82407.793995,,59.1,47123.58345350337,426.6379703452991
New York,NY,2021,19854526,1736222.3,87447.179550,0.514,59.5,47123.58345350337,421.3288664600469
New York,NY,2022,19673200,1765102.1,89721.148568,0.5208,60.3,47123.58345350337,417.4809842169889
New York,NY,2023,19571216,1791210.7,91522.708655,0.5157,61.0,47123.58345350337,415.3168024522335
North Carolina,NC,2000,8081614,384115.3,47529.528136,,67.5,48623.013077331336,166.20965029762317
North Carolina,NC,2001,8210122,387433.9,47189.785974,,67.5,48623.013077331336,168.8525963403873
North Carolina,NC,2002,8326201,393685.9,47282.776383,,66.6,48623.013077331336,171.23992268347888
North Carolina,NC,2003,8422501,404582.5,48035.909999,,67.0,48623.013077331336,173.22046633771194
North Carolina,NC,2004,8553152,420579.4,49172.445433,,66.2,48623.013077331336,175.9074861608605
North Carolina,NC,2005,8705407,442305.6,50808.147166,,65.9,48623.013077331336,179.03882234025048
North Carolina,NC,2006,8917270,470663.9,52781.165088,0.458,66.1,48623.013077331336,183.39608007874247
North Carolina,NC,2007,9118037,477920.8,52414.878334,0.465,65.6,48623.013077331336,187.52513311954635
North Carolina,NC,2008,9309449,492688.8,52923.518889,0.463,65.1,48623.013077331336,191.4617875530257
North Carolina,NC,2009,9449566,473610.5,50119.815026,0.464,64.6,48623.013077331336,194.3434888531313
North Carolina,NC,2010,9571037,482030.4,50363.445466,0.464,63.5,48623.013077331336,196.8417091877455
North Carolina,NC,2011,9641131,484200.3,50222.354618,0.4716,62.8,48623.013077331336,198.28328994475288
North Carolina,NC,2012,9719755,488126.5,50220.041555,0.4691,62.9,48623.013077331336,199.9003020347884
North Carolina,NC,2013,9800429,497456.6,50758.655565,0.4765,61.9,48623.013077331336,201.5594752306513
North Carolina,NC,2014,9876774,509782.4,51614.261904,0.4748,61.1,48623.013077331336,203.12961651084265
North Carolina,NC,2015,9962464,525229.1,52720.802805,0.4776,61.1,48623.013077331336,204.8919507344276
North Carolina,NC,2016,10072775,536308.5,53243.371365,0.478,61.2,48623.013077331336,207.16065012219605
North Carolina,NC,2017,10172498,546810.1,53753.768248,0.4763,61.4,48623.013077331336,209.21159253996436
North Carolina,NC,2018,10273864,556573.7,54173.746119,0.4782,61.2,48623.013077331336,211.29632554157376
North Carolina,NC,2019,10369657,567975.0,54772.785638,0.4743,61.5,48623.013077331336,213.26644203451195
North Carolina,NC,2020,10453812,564504.4,53999.861486,,59.0,48623.013077331336,214.9972068447091
North Carolina,NC,2021,10567100,600217.3,56800.569693,0.4801,59.5,48623.013077331336,217.32713238469617
North Carolina,NC,2022,10695965,619537.2,57922.515640,0.4768,61.4,48623.013077331336,219.97742062979216
North Carolina,NC,2023,10835491,638067.3,58886.791563,0.4732,61.2,48623.013077331336,222.84696719158367
North Dakota,ND,2000,642023,24990.2,38924.150692,,70.8,68995.85995621323,9.305239479694093
North Dakota,ND,2001,639062,25329.8,39635.903872,,70.9,68995.85995621323,9.26232386125149
North Dakota,ND,2002,638168,26592.1,41669.435008,,70.9,68995.85995621323,9.249366562066186
North Dakota,ND,2003,638817,28326.7,44342.432966,,71.6,68995.85995621323,9.258772923555291
North Dakota,ND,2004,644705,28636.2,44417.524294,,72.3,68995.85995621323,9.344111377250004
North Dakota,ND,2005,646089,29629.0,45859.007041,,72.5,68995.85995621323,9.3641705518277
North Dakota,ND,2006,649422,30911.4,47598.325896,0.434,73.3,68995.85995621323,9.41247779811922
North Dakota,ND,2007,652822,32529.0,49828.283973,0.44,73.9,68995.85995621323,9.461756117168475
North Dakota,ND,2008,657569,35030.4,53272.584322,0.451,74.2,68995.85995621323,9.530557346735186
North Dakota,ND,2009,664968,35971.3,54094.783508,0.45,73.1,68995.85995621323,9.637795665160317
North Dakota,ND,2010,675097,38697.4,57321.244206,0.433,73.0,68995.85995621323,9.784601575057346
North Dakota,ND,2011,687257,43300.4,63004.669287,0.4448,72.9,68995.85995621323,9.96084403377468
North Dakota,ND,2012,705347,53326.8,75603.639060,0.4597,72.8,68995.85995621323,10.22303367836322
North Dakota,ND,2013,727655,54690.9,75160.481272,0.455,71.9,68995.85995621323,10.54635742581933
North Dakota,ND,2014,744628,60193.0,80836.337070,0.4664,71.8,68995.85995621323,10.792357693237864
North Dakota,ND,2015,762814,58694.5,76944.707360,0.4664,70.7,68995.85995621323,11.055938725658375
North Dakota,ND,2016,764781,54756.0,71596.966975,0.4533,70.7,68995.85995621323,11.084447682590698
North Dakota,ND,2017,766807,56530.2,73721.549229,0.4546,70.6,68995.85995621323,11.113811763294754
North Dakota,ND,2018,771499,58516.4,75847.667981,0.4427,70.0,68995.85995621323,11.181815843582726
North Dakota,ND,2019,776548,59408.5,76503.319821,0.4558,70.0,68995.85995621323,11.25499414737087
North Dakota,ND,2020,779563,55850.6,71643.472048,,69.0,68995.85995621323,11.298692421468958
North Dakota,ND,2021,777982,56419.2,72519.929767,0.4531,68.4,68995.85995621323,11.275778003111055
North Dakota,ND,2022,778912,55988.0,71879.750216,0.4678,68.8,68995.85995621323,11.289257072733353
North Dakota,ND,2023,783926,60348.6,76982.521309,0.4451,69.0,68995.85995621323,11.361928099707752
Ohio,OH,2000,11363543,541005.9,47608.910355,,67.0,40858.75903510285,278.11767337909794
Ohio,OH,2001,11387404,534612.4,46947.697649,,67.2,40858.75903510285,278.7016607679342
Ohio,OH,2002,11407889,546688.2,47921.942438,,67.0,40858.75903510285,279.2030220545656
Ohio,OH,2003,11434788,557024.5,48713.146234,,67.0,40858.75903510285,279.8613631455637
Ohio,OH,2004,11452251,572308.5,49973.450634,,66.6,40858.75903510285,280.28876232293464
Ohio,OH,2005,11463320,584867.7,51020.795023,,66.7,40858.75903510285,280.5596711870656
Ohio,OH,2006,11481213,582637.6,50747.042146,0.449,67.3,40858.75903510285,280.99759442366286
Ohio,OH,2007,11500468,585403.0,50902.537184,0.448,67.6,40858.75903510285,281.46885200599564
Ohio,OH,2008,11515391,580389.0,50401.154420,0.45,67.2,40858.75903510285,281.83408581026214
Ohio,OH,2009,11528896,550982.4,47791.427731,0.453,66.0,40858.75903510285,282.1646146936381
Ohio,OH,2010,11541932,563816.3,48849.386740,0.452,65.2,40858.75903510285,282.4836650100905
Ohio,OH,2011,11558178,580251.4,50202.670352,0.4594,64.1,40858.75903510285,282.8812786523952
Ohio,OH,2012,11573400,586540.9,50680.085368,0.4615,63.3,40858.75903510285,283.2538303490075
Ohio,OH,2013,11612081,603057.4,51933.619822,0.4652,62.9,40858.75903510285,284.20053066280724
Ohio,OH,2014,11648921,624973.4,53650.754435,0.4637,62.8,40858.75903510285,285.1021733183845
Ohio,OH,2015,11674622,633274.8,54243.709133,0.4637,62.6,40858.75903510285,285.7311938908869
Ohio,OH,2016,11702354,638157.5,54532.404335,0.468,62.8,40858.75903510285,286.40992228731653
Ohio,OH,2017,11737959,652187.5,55562.257459,0.4642,63.0,40858.75903510285,287.2813388658135
Ohio,OH,2018,11763104,656212.0,55785.615769,0.4667,62.8,40858.75903510285,287.89675158499074
Ohio,OH,2019,11788679,674063.9,57178.917163,0.4651,63.2,40858.75903510285,288.5226883633943
Ohio,OH,2020,11798292,655243.3,55537.131985,,61.6,40858.75903510285,288.7579622734937
Ohio,OH,2021,11765227,690478.9,58688.106910,0.4687,61.5,40858.75903510285,287.9487110681012
Ohio,OH,2022,11759697,695257.9,59122.093027,0.4691,61.6,40858.75903510285,287.8133667715393
Ohio,OH,2023,11785935,709816.6,60225.735167,0.4695,62.1,40858.75903510285,288.4555301807965
Oklahoma,OK,2000,3454365,121170.2,35077.416544,,64.2,68596.52743423272,50.35772405989342
Oklahoma,OK,2001,3467100,125695.7,36253.843270,,64.5,68596.52743423272,50.543374857045066
Oklahoma,OK,2002,3489080,127930.2,36665.883270,,64.5,68596.52743423272,50.86379924035038
Oklahoma,OK,2003,3504892,130147.8,37133.184132,,64.2,68596.52743423272,51.09430653556528
Oklahoma,OK,2004,3525233,134606.6,38183.745585,,64.1,68596.52743423272,51.3908375810982
Oklahoma,OK,2005,3548597,140360.1,39553.688401,,64.3,68596.52743423272,51.73143791283365
Oklahoma,OK,2006,3594090,149367.1,41559.087279,0.46,63.7,68596.52743423272,52.394634749490095
Oklahoma,OK,2007,3634349,152879.6,42065.195170,0.463,63.3,68596.52743423272,52.98153034764699
Oklahoma,OK,2008,3668976,158987.8,43333.017169,0.458,63.5,68596.52743423272,53.486322664330935
Oklahoma,OK,2009,3717572,156856.8,42193.345549,0.46,63.6,68596.52743423272,54.19475502698357
Oklahoma,OK,2010,3759558,158086.4,42049.198337,0.454,62.3,68596.52743423272,54.806826826685885
Oklahoma,OK,2011,3786536,163859.3,43274.195729,0.4613,61.6,68596.52743423272,55.20011204109947
Oklahoma,OK,2012,3815196,172016.0,45087.067611,0.4643,62.1,68596.52743423272,55.61791744717456
Oklahoma,OK,2013,3847936,176086.8,45761.364014,0.4619,61.6,68596.52743423272,56.09520108272578
Oklahoma,OK,2014,3871400,186574.4,48193.005114,0.466,61.0,68596.52743423272,56.4372592142033
Oklahoma,OK,2015,3900900,193792.6,49678.945884,0.4702,61.7,68596.52743423272,56.867310138111705
Oklahoma,OK,2016,3916688,190093.5,48534.246282,0.4645,61.2,68596.52743423272,57.09746756138851
Oklahoma,OK,2017,3920316,192538.6,49113.030684,0.4658,61.1,68596.52743423272,57.15035653603054
Oklahoma,OK,2018,3928371,196030.5,49901.218597,0.4687,61.2,68596.52743423272,57.26778230525367
Oklahoma,OK,2019,3943727,200072.2,50731.757041,0.4739,61.2,68596.52743423272,57.491642033644766
Oklahoma,OK,2020,3965234,191560.9,48310.112341,,60.7,68596.52743423272,57.80517102417012
Oklahoma,OK,2021,3991634,194132.8,48634.919935,0.4618,61.0,68596.52743423272,58.19003015607459
Oklahoma,OK,2022,4019271,193940.5,48252.655768,0.4743,61.5,68596.52743423272,58.59292227078838
Oklahoma,OK,2023,4053824,207923.3,51290.657907,0.4737,62.8,68596.52743423272,59.09663581566319
Oregon,OR,2000,3429708,145094.2,42305.117520,,68.6,95995.97228720304,35.72762396466925
Oregon,OR,2001,3467937,144486.5,41663.530797,,67.8,95995.97228720304,36.12585942277395
Oregon,OR,2002,3513424,147432.8,41962.712158,,67.4,95995.97228720304,36.59970221967704
Oregon,OR,2003,3547376,154445.3,43537.899563,,67.0,95995.97228720304,36.953383725172095
Oregon,OR,2004,3569463,163046.1,45678.047370,,66.3,95995.97228720304,37.18346629503159
Oregon,OR,2005,3613202,168734.4,46699.409554,,65.5,95995.97228720304,37.639099994632446
Oregon,OR,2006,3670883,177222.4,48277.866660,0.444,65.4,95995.97228720304,38.23996895429493
Oregon,OR,2007,3722417,180724.3,48550.256460,0.442,65.4,95995.97228720304,38.77680397739172
Oregon,OR,2008,3768748,184842.6,49046.155381,0.447,65.7,95995.97228720304,39.259438809834336
Oregon,OR,2009,3808600,176951.6,46461.061807,0.443,65.3,95995.97228720304,39.67458122727629
Oregon,OR,2010,3837609,180738.2,47096.564554,0.449,65.4,95995.97228720304,39.97677098908432
Oregon,OR,2011,3872651,185959.4,48018.631165,0.4586,64.9,95995.97228720304,40.34180713763397
Oregon,OR,2012,3900064,187352.4,48038.288602,0.4565,63.3,95995.97228720304,40.627371201905184
Oregon,OR,2013,3924055,189609.7,48319.837515,0.46,61.6,95995.97228720304,40.87728793724719
Oregon,OR,2014,3965375,195808.2,49379.491221,0.4624,61.7,95995.97228720304,41.30772266294983
Oregon,OR,2015,4018453,205581.8,51159.438719,0.4622,61.6,95995.97228720304,41.860641694190015
Oregon,OR,2016,4093165,214769.3,52470.227807,0.4583,62.3,95995.97228720304,42.638924347304616
Oregon,OR,2017,4147171,225534.5,54382.734640,0.4593,62.4,95995.97228720304,43.20151045079678
Oregon,OR,2018,4183398,234308.3,56009.086393,0.4582,61.8,95995.97228720304,43.578890867254415
Oregon,OR,2019,4215959,239794.8,56877.877607,0.45,61.5,95995.97228720304,43.91808218147522
Oregon,OR,2020,4245044,237424.2,55929.738302,,61.3,95995.97228720304,44.22106364316596
Oregon,OR,2021,4256465,250325.8,58810.726742,0.4611,61.9,95995.97228720304,44.34003738474993
Oregon,OR,2022,4239379,256062.7,60400.992693,0.4679,62.3,95995.97228720304,44.16205075059322
Oregon,OR,2023,4233358,261951.5,61877.946538,0.4636,62.3,95995.97228720304,44.09932936909623
Pennsylvania,PA,2000,12284173,566250.9,46095.972435,,64.4,44742.26487856989,274.5541164118343
Pennsylvania,PA,2001,12298970,577677.5,46969.583632,,65.0,44742.26487856989,274.8848327946584
Pennsylvania,PA,2002,12331031,583507.4,47320.244349,,65.0,44742.26487856989,275.6014035826374
Pennsylvania,PA,2003,12374658,598809.5,48389.983788,,64.1,44742.26487856989,276.5764771538659
Pennsylvania,PA,2004,12410722,614957.1,49550.469344,,64.4,44742.26487856989,277.38251592051927
Pennsylvania,PA,2005,12449990,626290.1,50304.466108,,64.5,44742.26487856989,278.2601648304833
Pennsylvania,PA,2006,12510809,626589.9,50083.883464,0.455,64.5,44742.26487856989,279.61948359016304
Pennsylvania,PA,2007,12563937,649638.1,51706.570958,0.46,64.6,44742.26487856989,280.80690671557227
Pennsylvania,PA,2008,12612285,665148.3,52738.127944,0.457,65.1,44742.26487856989,281.88749573204734
Pennsylvania,PA,2009,12666858,645206.7,50936.601642,0.46,64.3,44742.26487856989,283.1072149426888
Pennsylvania,PA,2010,12716596,666805.8,52435.871990,0.461,63.2,44742.26487856989,284.2188707816363
Pennsylvania,PA,2011,12773059,676468.3,52960.555494,0.4611,63.0,44742.26487856989,285.4808319307476
Pennsylvania,PA,2012,12816003,689007.0,53761.457453,0.4642,63.4,44742.26487856989,286.4406402935238
Pennsylvania,PA,2013,12847236,704195.0,54812.957433,0.4696,63.0,44742.26487856989,287.13870508941125
Pennsylvania,PA,2014,12880907,718691.6,55795.108217,0.4686,62.6,44742.26487856989,287.8912597509015
Pennsylvania,PA,2015,12899169,734145.1,56914.139198,0.4685,62.9,44742.26487856989,288.2994196875869
Pennsylvania,PA,2016,12918673,744847.1,57656.626188,0.4689,63.2,44742.26487856989,288.7353386124097
Pennsylvania,PA,2017,12945701,754318.0,58267.837331,0.4777,62.7,44742.26487856989,289.3394206827598
Pennsylvania,PA,2018,12980946,763855.4,58844.355411,0.4747,62.7,44742.26487856989,290.1271546094096
Pennsylvania,PA,2019,12991539,771852.5,59411.937262,0.4745,63.1,44742.26487856989,290.3639106169284
Pennsylvania,PA,2020,12995477,736381.3,56664.430248,,62.3,44742.26487856989,290.4519258305231
Pennsylvania,PA,2021,13013614,765508.8,58823.690329,0.472,61.3,44742.26487856989,290.8572919882092
Pennsylvania,PA,2022,12972091,779360.6,60079.797467,0.4778,61.7,44742.26487856989,289.9292433050974
Pennsylvania,PA,2023,12961683,799228.8,61660.881538,0.4774,62.2,44742.26487856989,289.6966220904976
Rhode Island,RI,2000,1050268,49113.6,46762.921464,,66.8,1033.888614512834,1015.8425049441944
Rhode Island,RI,2001,1057142,49705.2,47018.470556,,66.1,1033.888614512834,1022.4911902121322
Rhode Island,RI,2002,1065995,51284.3,48109.325091,,66.4,1033.888614512834,1031.0540081750437
Rhode Island,RI,2003,1071342,52933.1,49408.218851,,67.2,1033.888614512834,1036.2257451735395
Rhode Island,RI,2004,1074579,55160.5,51332.196144,,66.3,1033.888614512834,1039.3566433714325
Rhode Island,RI,2005,1067916,55885.9,52331.737702,,67.3,1033.888614512834,1032.9120419835551
Rhode Island,RI,2006,1063096,57415.8,54008.104630,0.442,68.3,1033.888614512834,1028.2500310741195
Rhode Island,RI,2007,1057315,56230.5,53182.353414,0.457,68.3,1033.888614512834,1022.658519649338
Rhode Island,RI,2008,1055003,54977.1,52110.847078,0.46,67.9,1033.888614512834,1020.4223019682976
Rhode Island,RI,2009,1053646,54481.5,51707.594391,0.457,67.7,1033.888614512834,1019.109781469521
Rhode Island,RI,2010,1054975,56050.6,53129.789805,0.467,67.8,1033.888614512834,1020.395219747247
Rhode Island,RI,2011,1058746,56026.6,52917.885876,0.4674,66.6,1033.888614512834,1024.042614589463
Rhode Island,RI,2012,1063756,56487.4,53101.839144,0.4647,66.1,1033.888614512834,1028.888397713171
Rhode Island,RI,2013,1068358,57037.2,53387.722093,0.4769,65.7,1033.888614512834,1033.3395541872835
Rhode Island,RI,2014,1073245,57602.7,53671.528868,0.4827,65.2,1033.888614512834,1038.0663689828043
Rhode Island,RI,2015,1077555,58387.9,54185.540413,0.4732,64.8,1033.888614512834,1042.2350965802457
Rhode Island,RI,2016,1082431,58630.0,54165.115375,0.4781,64.4,1033.888614512834,1046.9512719317825
Rhode Island,RI,2017,1085105,58771.6,54162.131775,0.4722,64.5,1033.888614512834,1049.5376240421208
Rhode Island,RI,2018,1091824,58740.1,53799.971424,0.47,64.5,1033.888614512834,1056.0363898720996
Rhode Island,RI,2019,1094580,60157.6,54959.527855,0.4628,64.4,1033.888614512834,1058.702054201229
Rhode Island,RI,2020,1096444,58231.7,53109.597937,,63.7,1033.888614512834,1060.5049563454588
Rhode Island,RI,2021,1097092,60803.0,55421.970081,0.468,63.9,1033.888614512834,1061.1317163183458
Rhode Island,RI,2022,1093842,62279.4,56936.376552,0.464,63.7,1033.888614512834,1057.988244232108
Rhode Island,RI,2023,1095962,63277.0,57736.490864,0.4661,63.9,1033.888614512834,1060.0387552545153
South Carolina,SC,2000,4024223,161880.2,40226.448683,,65.0,30064.28186185704,133.8539539540968
South Carolina,SC,2001,4064995,162837.1,40058.376456,,63.3,30064.28186185704,135.2101147360953
South Carolina,SC,2002,4107795,167333.0,40735.479740,,62.8,30064.28186185704,136.63373097933913
South Carolina,SC,2003,4150297,174270.8,41989.958791,,63.5,30064.28186185704,138.04743512817905
South Carolina,SC,2004,4210921,177169.4,42073.788608,,64.0,30064.28186185704,140.06391436019803
South Carolina,SC,2005,4270150,183267.5,42918.281559,,63.7,30064.28186185704,142.03399301606458
South Carolina,SC,2006,4357847,187386.1,42999.696869,0.462,64.7,30064.28186185704,144.9509760460588
South Carolina,SC,2007,4444110,193386.6,43515.259523,0.459,63.6,30064.28186185704,147.820261279492
South Carolina,SC,2008,4528996,192497.1,42503.261208,0.464,62.6,30064.28186185704,150.6437446538844
South Carolina,SC,2009,4589872,184081.3,40105.976812,0.462,61.7,30064.28186185704,152.6686059254664
South Carolina,SC,2010,4633669,188777.2,40740.329100,0.461,60.7,30064.28186185704,154.12538444428296
South Carolina,SC,2011,4661744,193221.0,41448.221953,0.4648,60.3,30064.28186185704,155.05921682813974
South Carolina,SC,2012,4699358,195406.1,41581.445806,0.4684,59.8,30064.28186185704,156.3103360191064
South Carolina,SC,2013,4738067,200147.3,42242.395475,0.4665,59.3,30064.28186185704,157.5978771676981
South Carolina,SC,2014,4789723,206077.9,43025.014181,0.4687,59.1,30064.28186185704,159.31606222987105
South Carolina,SC,2015,4850136,213212.4,43960.086892,0.4698,59.3,30064.28186185704,161.32552316685909
South Carolina,SC,2016,4908404,220559.3,44935.033873,0.4735,58.8,30064.28186185704,163.26363698137615
South Carolina,SC,2017,4963742,224937.6,45316.134481,0.4795,58.2,30064.28186185704,165.1042929549422
South Carolina,SC,2018,5019607,231663.3,46151.680799,0.4762,58.0,30064.28186185704,166.96247803505472
South Carolina,SC,2019,5076874,239021.3,47080.408141,0.4747,58.3,30064.28186185704,168.86729652575198
South Carolina,SC,2020,5132151,233650.1,45526.739178,,57.9,30064.28186185704,170.70592351355077
South Carolina,SC,2021,5193848,245752.1,47315.997696,0.476,57.6,30064.28186185704,172.75809293783612
South Carolina,SC,2022,5282955,254504.5,48174.648469,0.4757,57.7,30064.28186185704,175.7219754749092
South Carolina,SC,2023,5373555,262298.5,48812.843639,0.4715,58.1,30064.28186185704,178.73551827018696
South Dakota,SD,2000,755844,32124.9,42502.024227,,72.5,75809.61144278302,9.970292494777793
South Dakota,SD,2001,757972,32396.9,42741.552458,,72.9,75809.61144278302,9.99836281408824
South Dakota,SD,2002,760020,35776.0,47072.445462,,73.1,75809.61144278302,10.025377858236642
South Dakota,SD,2003,763729,36141.9,47322.937848,,73.3,75809.61144278302,10.074303052937044
South Dakota,SD,2004,770396,37616.6,48827.615927,,73.2,75809.61144278302,10.162247046754132
South Dakota,SD,2005,775493,39330.6,50716.898799,,73.0,75809.61144278302,10.22948126551605
South Dakota,SD,2006,783033,39961.6,51034.375307,0.439,72.6,75809.61144278302,10.328940949538977
South Dakota,SD,2007,791623,41646.2,52608.628097,0.423,72.2,75809.61144278302,10.442251120063768
South Dakota,SD,2008,799124,43278.5,54157.427383,0.446,71.8,75809.61144278302,10.541196357445196
South Dakota,SD,2009,807067,44255.8,54835.348242,0.452,72.0,75809.61144278302,10.645971990096934
South Dakota,SD,2010,816068,44810.7,54910.497655,0.442,71.5,75809.61144278302,10.764703636766743
South Dakota,SD,2011,823113,47630.3,57866.052413,0.4324,71.1,75809.61144278302,10.857633805724502
South Dakota,SD,2012,832730,48653.9,58426.981134,0.4335,70.3,75809.61144278302,10.984491071142074
South Dakota,SD,2013,841120,48610.1,57792.110519,0.4427,69.8,75809.61144278302,11.095163053761748
South Dakota,SD,2014,847538,49640.9,58570.707154,0.4468,69.8,75809.61144278302,11.179822503636968
South Dakota,SD,2015,852029,50860.8,59693.742819,0.4436,69.8,75809.61144278302,11.239063013046376
South Dakota,SD,2016,860557,51264.3,59571.068506,0.4495,69.6,75809.61144278302,11.351555345320582
South Dakota,SD,2017,870094,51615.1,59321.291723,0.4488,69.4,75809.61144278302,11.477357335576109
South Dakota,SD,2018,875247,51937.8,59340.734673,0.4445,69.3,75809.61144278302,11.545330246951456
South Dakota,SD,2019,882486,52510.2,59502.587010,0.436,69.5,75809.61144278302,11.64081945817718
South Dakota,SD,2020,887852,52770.7,59436.370026,,69.0,75809.61144278302,11.71160203967148
South Dakota,SD,2021,896299,55515.9,61939.040432,0.4522,68.7,75809.61144278302,11.823025905844114
South Dakota,SD,2022,909869,55259.8,60733.797942,0.4487,68.4,75809.61144278302,12.002026955206327
South Dakota,SD,2023,919318,57275.1,62301.728020,0.462,68.2,75809.61144278302,12.126668142783602
Tennessee,TN,2000,5703719,251030.2,44011.670280,,65.3,41232.4851325846,138.3307113713733
Tennessee,TN,2001,5750789,250311.4,43526.444806,,64.9,41232.4851325846,139.47228699672414
Tennessee,TN,2002,5795918,258542.4,44607.670433,,65.2,41232.4851325846,140.56678808863956
Tennessee,TN,2003,5847812,267589.4,45758.892386,,64.7,41232.4851325846,141.82535884500152
Tennessee,TN,2004,5910809,281564.2,47635.475956,,63.8,41232.4851325846,143.35320757392074
Tennessee,TN,2005,5991057,289064.3,48249.298913,,62.8,41232.4851325846,145.29944001035912
Tennessee,TN,2006,6088766,295668.2,48559.626039,0.468,64.2,41232.4851325846,147.66914922594032
Tennessee,TN,2007,6175727,294819.8,47738.476782,0.471,63.9,41232.4851325846,149.77819018528035
Tennessee,TN,2008,6247411,298526.9,47784.098085,0.471,63.5,41232.4851325846,151.5167223103632
Tennessee,TN,2009,6306019,287308.8,45561.042553,0.467,62.5,41232.4851325846,152.93812584234882
Tennessee,TN,2010,6356388,292687.0,46046.119274,0.468,62.8,41232.4851325846,154.15971119763452
Tennessee,TN,2011,6404657,301508.9,47076.510108,0.4756,62.7,41232.4851325846,155.33036583668402
Tennessee,TN,2012,6463610,311754.2,48232.210792,0.4732,61.8,41232.4851325846,156.76013655776558
Tennessee,TN,2013,6508290,318347.9,48914.215562,0.4783,60.9,41232.4851325846,157.84374817749526
Tennessee,TN,2014,6559452,323879.6,49376.014948,0.4811,59.7,41232.4851325846,159.0845659413406
Tennessee,TN,2015,6613679,335461.1,50722.313556,0.4789,59.7,41232.4851325846,160.39971829816875
