state_abv,state,year,manufacturing_va_millions_current_dollars,all_industry_gdp_millions_current_dollars,manufacturing_va_share_pct
AL,Alabama,2000,21695.7,120522.6,18.00135410
AL,Alabama,2001,21189.9,123534.5,17.15302203
AL,Alabama,2002,21250.6,128380.9,16.55277382
AL,Alabama,2003,21745.3,135212.6,16.08230298
AL,Alabama,2004,26417.7,148379.1,17.80419210
AL,Alabama,2005,28000.8,158677.3,17.64638042
AL,Alabama,2006,29490.9,166048.2,17.76044546
AL,Alabama,2007,29019.6,172247.0,16.84766643
AL,Alabama,2008,28930.9,174665.6,16.56359352
AL,Alabama,2009,25152.0,170876.5,14.71940261
AL,Alabama,2010,27327.3,177510.7,15.39473395
AL,Alabama,2011,31285.1,182896.7,17.10533870
AL,Alabama,2012,31983.1,188280.7,16.98692431
AL,Alabama,2013,33514.7,193981.5,17.27726613
AL,Alabama,2014,32958.2,197064.4,16.72458344
AL,Alabama,2015,32998.5,203113.3,16.24635117
AL,Alabama,2016,33740.0,208824.3,16.15712348
AL,Alabama,2017,35501.4,216615.5,16.38913189
AL,Alabama,2018,37798.9,226263.8,16.70567718
AL,Alabama,2019,37956.4,234798.2,16.16554130
AL,Alabama,2020,35252.3,235325.3,14.98024224
AL,Alabama,2021,39672.2,260018.4,15.25745870
AL,Alabama,2022,44719.6,284949.1,15.69389059
AL,Alabama,2023,48208.6,304935.6,15.80943648
AK,Alaska,2000,829.9,26934.0,3.08123561
AK,Alaska,2001,948.0,28660.9,3.30764212
AK,Alaska,2002,919.2,29884.5,3.07584199
AK,Alaska,2003,1102.0,32115.8,3.43133286
AK,Alaska,2004,1221.6,35389.5,3.45187132
AK,Alaska,2005,1264.6,40459.9,3.12556383
AK,Alaska,2006,1398.7,44951.7,3.11156197
AK,Alaska,2007,1550.0,49456.4,3.13407365
AK,Alaska,2008,1479.9,55246.7,2.67871203
AK,Alaska,2009,1452.6,50165.9,2.89559242
AK,Alaska,2010,1107.7,53654.0,2.06452455
AK,Alaska,2011,971.8,56912.3,1.70753949
AK,Alaska,2012,992.0,58320.7,1.70093980
AK,Alaska,2013,1313.0,57533.0,2.28216849
AK,Alaska,2014,1557.9,56587.4,2.75308638
AK,Alaska,2015,1783.2,51574.2,3.45754272
AK,Alaska,2016,1525.6,51121.8,2.98424547
AK,Alaska,2017,1726.5,53550.9,3.22403545
AK,Alaska,2018,1366.6,54762.0,2.49552609
AK,Alaska,2019,1413.7,54549.6,2.59158637
AK,Alaska,2020,1254.4,51283.4,2.44601567
AK,Alaska,2021,1506.4,58943.5,2.55566772
AK,Alaska,2022,1749.5,66271.9,2.63988206
AK,Alaska,2023,1931.9,68056.0,2.83869167
AZ,Arizona,2000,22942.9,165735.6,13.84307294
AZ,Arizona,2001,22224.8,172899.6,12.85416508
AZ,Arizona,2002,22266.2,180844.5,12.31234569
AZ,Arizona,2003,25627.3,194318.0,13.18833047
AZ,Arizona,2004,21953.9,207246.3,10.59314449
AZ,Arizona,2005,20633.6,227997.8,9.04991189
AZ,Arizona,2006,22654.1,246061.1,9.20669704
AZ,Arizona,2007,24539.5,261152.8,9.39660612
AZ,Arizona,2008,23364.6,261005.8,8.95175510
AZ,Arizona,2009,20060.9,244862.2,8.19273044
AZ,Arizona,2010,21110.3,250527.0,8.42635724
AZ,Arizona,2011,22054.7,261691.4,8.42775116
AZ,Arizona,2012,24014.9,272703.3,8.80623740
AZ,Arizona,2013,21714.1,278679.5,7.79178232
AZ,Arizona,2014,23325.4,286676.0,8.13650253
AZ,Arizona,2015,24802.3,298942.2,8.29668745
AZ,Arizona,2016,25424.0,313787.1,8.10230886
AZ,Arizona,2017,25753.7,333099.0,7.73154528
AZ,Arizona,2018,28507.1,353671.0,8.06034422
AZ,Arizona,2019,33207.6,375376.7,8.84647342
AZ,Arizona,2020,33676.0,388956.7,8.65803314
AZ,Arizona,2021,37530.1,436778.6,8.59247683
AZ,Arizona,2022,39889.1,484052.2,8.24066082
AZ,Arizona,2023,44090.5,522767.2,8.43406013
AR,Arkansas,2000,14582.9,69176.3,21.08077477
AR,Arkansas,2001,13885.7,71099.6,19.52992703
AR,Arkansas,2002,14682.0,74453.1,19.71979676
AR,Arkansas,2003,15032.6,79009.7,19.02627146
AR,Arkansas,2004,16229.9,85928.6,18.88765789
AR,Arkansas,2005,16838.3,91133.4,18.47654098
AR,Arkansas,2006,17789.6,96073.7,18.51661797
AR,Arkansas,2007,16233.3,98325.0,16.50983982
AR,Arkansas,2008,15338.1,100206.7,15.30646154
AR,Arkansas,2009,13696.7,97783.9,14.00711160
AR,Arkansas,2010,14914.1,101699.3,14.66489937
AR,Arkansas,2011,15699.3,105697.6,14.85303356
AR,Arkansas,2012,15254.6,108836.0,14.01613437
AR,Arkansas,2013,16683.0,114021.1,14.63150241
AR,Arkansas,2014,17495.6,117388.7,14.90398991
AR,Arkansas,2015,17447.0,118573.6,14.71406789
AR,Arkansas,2016,17322.7,120987.4,14.31777193
AR,Arkansas,2017,17427.1,123882.6,14.06743158
AR,Arkansas,2018,18869.6,129213.8,14.60339376
AR,Arkansas,2019,18881.9,132625.8,14.23697350
AR,Arkansas,2020,18569.6,136198.4,13.63422771
AR,Arkansas,2021,23159.8,154052.5,15.03370604
AR,Arkansas,2022,24907.0,168605.8,14.77232693
AR,Arkansas,2023,26058.0,178606.4,14.58962277
CA,California,2000,205903.1,1354791.3,15.19814159
CA,California,2001,177924.8,1373270.8,12.95627927
CA,California,2002,162473.6,1419321.8,11.44727010
CA,California,2003,176918.6,1498578.0,11.80576520
CA,California,2004,182327.4,1585081.4,11.50271525
CA,California,2005,207858.7,1698858.4,12.23519865
CA,California,2006,220276.3,1812161.6,12.15544464
CA,California,2007,231199.0,1900220.4,12.16695705
CA,California,2008,245014.2,1946241.5,12.58909544
CA,California,2009,226538.7,1879809.5,12.05115199
CA,California,2010,219571.0,1938603.3,11.32624710
CA,California,2011,221137.7,2014050.3,10.97975061
CA,California,2012,233979.5,2108873.1,11.09500140
CA,California,2013,245289.9,2223300.9,11.03269018
CA,California,2014,256305.8,2342218.8,10.94286324
CA,California,2015,268522.9,2487156.4,10.79638176
CA,California,2016,272154.2,2586485.2,10.52216344
CA,California,2017,294636.7,2740550.3,10.75100501
CA,California,2018,325580.2,2899530.9,11.22871979
CA,California,2019,335966.3,3068629.7,10.94841453
CA,California,2020,322932.9,3076755.1,10.49589225
CA,California,2021,371145.4,3423958.3,10.83965888
CA,California,2022,397569.7,3660415.7,10.86132649
CA,California,2023,411801.6,3870378.9,10.63982650
CO,Colorado,2000,15881.3,179303.3,8.85722683
CO,Colorado,2001,14481.5,185848.9,7.79208271
CO,Colorado,2002,14885.8,189604.6,7.85096986
CO,Colorado,2003,14528.4,195137.6,7.44520789
CO,Colorado,2004,15664.0,203743.3,7.68810557
CO,Colorado,2005,16779.6,220803.8,7.59932574
CO,Colorado,2006,18201.1,232853.6,7.81654224
CO,Colorado,2007,19414.8,248571.6,7.81054634
CO,Colorado,2008,19054.1,257606.1,7.39660280
CO,Colorado,2009,19395.2,249817.1,7.76375997
CO,Colorado,2010,19758.8,256771.8,7.69508178
CO,Colorado,2011,20088.7,266114.1,7.54890477
CO,Colorado,2012,20549.8,274738.8,7.47975896
CO,Colorado,2013,20841.8,291265.3,7.15560693
CO,Colorado,2014,21666.1,309223.9,7.00660589
CO,Colorado,2015,22353.7,320895.9,6.96602855
CO,Colorado,2016,21878.4,330565.9,6.61846851
CO,Colorado,2017,21524.0,350209.1,6.14604246
CO,Colorado,2018,23032.5,373923.1,6.15968898
CO,Colorado,2019,24253.0,397843.6,6.09611415
CO,Colorado,2020,25074.4,396741.9,6.32007862
CO,Colorado,2021,26059.7,445835.7,5.84513533
CO,Colorado,2022,26790.3,494672.8,5.41576169
CO,Colorado,2023,28063.1,529626.5,5.29865858
CT,Connecticut,2000,23227.7,165523.4,14.03287994
CT,Connecticut,2001,23655.7,171124.4,13.82368616
CT,Connecticut,2002,25938.6,172929.7,14.99950558
CT,Connecticut,2003,26294.4,177814.8,14.78752050
CT,Connecticut,2004,30855.9,194722.9,15.84605611
CT,Connecticut,2005,31577.3,204504.6,15.44087517
CT,Connecticut,2006,37577.8,219812.2,17.09541145
CT,Connecticut,2007,38637.7,232626.8,16.60930727
CT,Connecticut,2008,38829.7,236110.7,16.44554863
CT,Connecticut,2009,28692.1,231628.0,12.38714663
CT,Connecticut,2010,28947.0,234022.2,12.36933932
CT,Connecticut,2011,28349.4,233058.7,12.16405996
CT,Connecticut,2012,28941.5,239907.5,12.06360785
CT,Connecticut,2013,30073.6,240549.2,12.50205779
CT,Connecticut,2014,28973.8,247114.7,11.72483871
CT,Connecticut,2015,29509.3,260648.5,11.32149235
CT,Connecticut,2016,27095.0,264760.4,10.23378118
CT,Connecticut,2017,28374.3,273875.1,10.36030658
CT,Connecticut,2018,31694.0,280535.4,11.29768293
CT,Connecticut,2019,33958.4,286451.9,11.85483497
CT,Connecticut,2020,31120.7,278029.4,11.19331265
CT,Connecticut,2021,33733.3,296801.3,11.36561733
CT,Connecticut,2022,36573.9,321686.4,11.36942687
CT,Connecticut,2023,40426.3,345911.9,11.68687750
DE,Delaware,2000,4253.3,43559.6,9.76432290
DE,Delaware,2001,4181.1,46373.8,9.01608236
DE,Delaware,2002,3349.5,45865.4,7.30289063
DE,Delaware,2003,3493.3,47839.6,7.30210955
DE,Delaware,2004,4651.7,51674.1,9.00199520
DE,Delaware,2005,4565.8,52048.6,8.77218600
DE,Delaware,2006,4898.2,55567.7,8.81483308
DE,Delaware,2007,5279.1,56705.6,9.30966254
DE,Delaware,2008,4454.4,55250.8,8.06214571
DE,Delaware,2009,4367.6,57729.9,7.56557694
DE,Delaware,2010,4057.0,58132.2,6.97892046
DE,Delaware,2011,4169.0,61379.4,6.79218109
DE,Delaware,2012,3787.3,62342.1,6.07502795
DE,Delaware,2013,3879.4,62058.2,6.25122869
DE,Delaware,2014,3862.3,68606.0,5.62968254
DE,Delaware,2015,4573.4,72352.5,6.32099789
DE,Delaware,2016,3728.6,70021.5,5.32493591
DE,Delaware,2017,4352.1,69555.6,6.25700878
DE,Delaware,2018,4769.3,73376.0,6.49980920
DE,Delaware,2019,5370.9,78710.5,6.82361311
DE,Delaware,2020,5208.6,77520.3,6.71901425
DE,Delaware,2021,5927.6,83069.8,7.13568589
DE,Delaware,2022,6594.6,92558.2,7.12481444
DE,Delaware,2023,7324.4,98068.7,7.46864188
FL,Florida,2000,31337.9,490094.4,6.39425792
FL,Florida,2001,30197.3,519140.7,5.81678531
FL,Florida,2002,30939.3,553359.9,5.59117132
FL,Florida,2003,31370.3,590284.8,5.31443466
FL,Florida,2004,33997.0,647041.8,5.25422005
FL,Florida,2005,36624.7,704890.3,5.19580139
FL,Florida,2006,39754.9,749925.0,5.30118345
FL,Florida,2007,42437.2,781947.3,5.42711766
FL,Florida,2008,39796.4,767357.8,5.18615957
FL,Florida,2009,37657.9,739322.4,5.09356946
FL,Florida,2010,36510.2,752998.4,4.84864244
FL,Florida,2011,35620.6,761043.1,4.68049707
FL,Florida,2012,36486.9,784545.9,4.65070304
FL,Florida,2013,39906.5,819679.8,4.86854745
FL,Florida,2014,42088.2,860112.6,4.89333606
FL,Florida,2015,47701.5,918464.3,5.19361504
FL,Florida,2016,48973.6,964500.8,5.07761113
FL,Florida,2017,49925.9,1014866.9,4.91945298
FL,Florida,2018,52847.7,1072085.6,4.92942914
FL,Florida,2019,54402.5,1133718.0,4.79859189
FL,Florida,2020,55801.7,1142004.4,4.88629466
FL,Florida,2021,62206.6,1298631.2,4.79016675
FL,Florida,2022,71112.0,1465281.1,4.85313023
FL,Florida,2023,77603.8,1600810.6,4.84778149
GA,Georgia,2000,45585.8,305323.7,14.93031822
GA,Georgia,2001,45152.9,316872.7,14.24953933
GA,Georgia,2002,44621.9,326017.9,13.68694786
GA,Georgia,2003,43079.6,339540.5,12.68761753
GA,Georgia,2004,45808.2,364530.1,12.56636969
GA,Georgia,2005,46259.6,388707.2,11.90088581
GA,Georgia,2006,45961.8,405664.2,11.33001137
GA,Georgia,2007,47014.4,419384.8,11.21032522
GA,Georgia,2008,44712.2,416303.5,10.74028924
GA,Georgia,2009,45022.2,409876.2,10.98434113
GA,Georgia,2010,45315.8,419013.1,10.81488860
GA,Georgia,2011,47239.0,433137.1,10.90624654
GA,Georgia,2012,48385.2,449375.6,10.76720676
GA,Georgia,2013,49886.9,467559.5,10.66963670
GA,Georgia,2014,52164.1,493370.3,10.57301179
GA,Georgia,2015,54943.1,525516.8,10.45506062
GA,Georgia,2016,57901.7,554903.2,10.43455868
GA,Georgia,2017,59317.1,583543.3,10.16498690
GA,Georgia,2018,59291.5,612803.4,9.67545219
GA,Georgia,2019,61476.2,646695.8,9.50620060
GA,Georgia,2020,62830.2,640223.6,9.81379006
GA,Georgia,2021,67954.8,705546.7,9.63150986
GA,Georgia,2022,74960.9,779684.0,9.61426681
GA,Georgia,2023,82552.5,831827.7,9.92423070
HI,Hawaii,2000,826.8,41089.4,2.01219779
HI,Hawaii,2001,928.1,42500.2,2.18375443
HI,Hawaii,2002,980.4,44949.5,2.18111436
HI,Hawaii,2003,1083.3,48420.7,2.23726629
HI,Hawaii,2004,1058.5,52625.7,2.01137467
HI,Hawaii,2005,1143.6,57211.8,1.99888834
HI,Hawaii,2006,1187.1,60848.0,1.95092690
HI,Hawaii,2007,1207.9,64106.0,1.88422301
HI,Hawaii,2008,1374.0,65545.5,2.09625375
HI,Hawaii,2009,1327.7,64464.3,2.05958957
HI,Hawaii,2010,1262.2,66739.3,1.89123949
HI,Hawaii,2011,1277.4,68801.1,1.85665636
HI,Hawaii,2012,1347.7,71645.6,1.88106457
HI,Hawaii,2013,1395.9,74598.5,1.87121725
HI,Hawaii,2014,1628.9,77043.0,2.11427385
HI,Hawaii,2015,1608.3,81410.2,1.97555098
HI,Hawaii,2016,1537.4,84287.2,1.82400175
HI,Hawaii,2017,1565.9,87436.4,1.79090173
HI,Hawaii,2018,1700.7,90933.5,1.87026783
HI,Hawaii,2019,1459.5,93240.2,1.56531196
HI,Hawaii,2020,1319.2,84885.8,1.55408796
HI,Hawaii,2021,1495.1,93400.4,1.60074261
HI,Hawaii,2022,1795.5,103153.1,1.74061662
HI,Hawaii,2023,1880.2,110265.4,1.70515864
ID,Idaho,2000,7624.8,38344.1,19.88519746
ID,Idaho,2001,5495.8,37740.9,14.56192089
ID,Idaho,2002,5265.3,38990.7,13.50398941
ID,Idaho,2003,5577.5,40778.6,13.67751713
ID,Idaho,2004,6289.2,44732.9,14.05945065
ID,Idaho,2005,7128.7,48805.1,14.60646531
ID,Idaho,2006,5884.9,51099.0,11.51666373
ID,Idaho,2007,5572.1,53712.4,10.37395462
ID,Idaho,2008,6745.7,56203.6,12.00225608
ID,Idaho,2009,7090.0,54507.9,13.00728885
ID,Idaho,2010,7376.6,56086.2,13.15225492
ID,Idaho,2011,7368.8,57418.2,12.83356148
ID,Idaho,2012,6852.3,57933.7,11.82783078
ID,Idaho,2013,6841.3,61712.6,11.08574262
ID,Idaho,2014,7061.2,64501.7,10.94730837
ID,Idaho,2015,6932.7,66064.9,10.49377203
ID,Idaho,2016,7121.4,69185.2,10.29324191
ID,Idaho,2017,7936.1,72935.1,10.88104356
ID,Idaho,2018,8842.3,79072.4,11.18253651
ID,Idaho,2019,9013.3,84429.4,10.67554667
ID,Idaho,2020,9273.3,88099.3,10.52596332
ID,Idaho,2021,9347.4,99839.1,9.36246420
ID,Idaho,2022,10407.1,112290.1,9.26804767
ID,Idaho,2023,11216.0,120958.3,9.27261709
IL,Illinois,2000,76662.2,486089.7,15.77120437
IL,Illinois,2001,74229.1,499618.4,14.85715898
IL,Illinois,2002,70658.3,511485.9,13.81432020
IL,Illinois,2003,73583.2,528577.0,13.92099921
IL,Illinois,2004,77882.6,560079.8,13.90562559
IL,Illinois,2005,80140.0,589153.7,13.60256246
IL,Illinois,2006,82620.7,624068.1,13.23905196
IL,Illinois,2007,85189.4,649307.4,13.12004145
IL,Illinois,2008,80520.9,649677.3,12.39398391
IL,Illinois,2009,82671.0,645843.2,12.80047541
IL,Illinois,2010,85708.1,663929.0,12.90922674
IL,Illinois,2011,94167.9,691805.5,13.61190392
IL,Illinois,2012,103440.2,725478.0,14.25821321
IL,Illinois,2013,96484.9,742890.9,12.98776173
IL,Illinois,2014,99229.4,772291.7,12.84869435
IL,Illinois,2015,98853.0,802592.0,12.31671883
IL,Illinois,2016,96088.2,813561.6,11.81080818
IL,Illinois,2017,98647.4,832826.8,11.84488780
IL,Illinois,2018,108502.3,871024.2,12.45686400
IL,Illinois,2019,106954.6,895601.8,11.94220467
IL,Illinois,2020,99010.4,860672.8,11.50383746
IL,Illinois,2021,115700.4,946776.2,12.22045928
IL,Illinois,2022,130127.8,1040353.3,12.50803934
IL,Illinois,2023,135143.0,1098346.1,12.30422724
IN,Indiana,2000,61282.6,204147.3,30.01881485
IN,Indiana,2001,57758.3,205325.1,28.13017015
IN,Indiana,2002,62010.9,213419.6,29.05585991
IN,Indiana,2003,65664.1,225349.3,29.13880806
IN,Indiana,2004,70069.1,239278.5,29.28349183
IN,Indiana,2005,68999.4,247428.3,27.88662413
IN,Indiana,2006,69073.4,259030.3,26.66614678
IN,Indiana,2007,79710.4,273340.8,29.16154486
IN,Indiana,2008,79363.3,277774.5,28.57112514
IN,Indiana,2009,68950.2,264925.0,26.02630933
IN,Indiana,2010,81489.6,284685.8,28.62439925
IN,Indiana,2011,82975.2,292373.8,28.37983431
IN,Indiana,2012,82622.4,301277.4,27.42402849
IN,Indiana,2013,87469.3,313466.9,27.90383929
IN,Indiana,2014,91808.2,329360.9,27.87465057
IN,Indiana,2015,87885.9,333163.8,26.37918645
IN,Indiana,2016,88764.2,342716.6,25.90017525
IN,Indiana,2017,92862.0,357535.8,25.97278370
IN,Indiana,2018,99022.0,377376.9,26.23954990
IN,Indiana,2019,97240.2,384838.7,25.26778102
IN,Indiana,2020,91649.2,378633.6,24.20524750
IN,Indiana,2021,108977.9,425863.8,25.58984821
IN,Indiana,2022,124260.5,473492.9,26.24337134
IN,Indiana,2023,129146.8,499503.1,25.85505475
IA,Iowa,2000,20339.2,93125.6,21.84061096
IA,Iowa,2001,20362.2,94922.6,21.45137196
IA,Iowa,2002,20970.9,98669.4,21.25370176
IA,Iowa,2003,21837.3,105329.7,20.73232906
IA,Iowa,2004,24038.3,117149.8,20.51928386
IA,Iowa,2005,24280.1,122866.1,19.76143135
IA,Iowa,2006,26180.3,127670.8,20.50609850
IA,Iowa,2007,26247.1,137590.2,19.07628596
IA,Iowa,2008,26819.3,137749.2,19.46965935
IA,Iowa,2009,25493.1,137094.3,18.59530265
IA,Iowa,2010,27041.1,142497.7,18.97651681
IA,Iowa,2011,26403.3,149026.1,17.71723208
IA,Iowa,2012,29575.0,158553.1,18.65305693
IA,Iowa,2013,29376.4,162415.0,18.08724564
IA,Iowa,2014,32801.9,173734.2,18.88050827
IA,Iowa,2015,33765.0,181471.7,18.60620692
IA,Iowa,2016,29991.6,183834.8,16.31443013
IA,Iowa,2017,31977.4,187125.0,17.08879092
IA,Iowa,2018,34001.9,193155.1,17.60341819
IA,Iowa,2019,33569.0,196262.5,17.10413349
IA,Iowa,2020,34340.8,198609.6,17.29060428
IA,Iowa,2021,36831.3,223870.9,16.45202659
IA,Iowa,2022,39941.2,242752.9,16.45343887
IA,Iowa,2023,43784.4,254032.0,17.23578132
KS,Kansas,2000,14913.8,85990.5,17.34354376
KS,Kansas,2001,15214.8,88869.7,17.12034585
KS,Kansas,2002,14985.4,91359.0,16.40276273
KS,Kansas,2003,14876.1,95236.3,15.62019944
KS,Kansas,2004,14617.6,98913.7,14.77813488
KS,Kansas,2005,15944.9,105343.9,15.13604490
KS,Kansas,2006,18890.1,113831.8,16.59474769
KS,Kansas,2007,21263.4,123608.9,17.20215939
KS,Kansas,2008,19731.5,129223.2,15.26931696
KS,Kansas,2009,17636.6,126049.7,13.99178261
KS,Kansas,2010,19854.4,129235.7,15.36293764
KS,Kansas,2011,22356.5,136747.1,16.34879277
KS,Kansas,2012,23039.2,141812.1,16.24628646
KS,Kansas,2013,19321.4,144999.3,13.32516778
KS,Kansas,2014,21541.6,150276.1,14.33468130
KS,Kansas,2015,23163.9,155699.0,14.87735952
KS,Kansas,2016,23685.2,162144.5,14.60746433
KS,Kansas,2017,24284.8,166273.6,14.60532520
KS,Kansas,2018,26879.0,173373.0,15.50356745
KS,Kansas,2019,25657.1,176068.8,14.57220132
KS,Kansas,2020,23949.5,177209.6,13.51478701
KS,Kansas,2021,27366.1,191738.1,14.27264586
KS,Kansas,2022,31407.2,212611.6,14.77210086
KS,Kansas,2023,33121.1,228232.4,14.51200618
KY,Kentucky,2000,24510.7,114549.6,21.39745577
KY,Kentucky,2001,24076.7,117767.9,20.44419574
KY,Kentucky,2002,25010.0,122731.2,20.37786643
KY,Kentucky,2003,25720.8,128289.6,20.04901411
KY,Kentucky,2004,26530.0,135694.5,19.55127142
KY,Kentucky,2005,27442.0,144914.9,18.93663108
KY,Kentucky,2006,30202.7,153009.8,19.73906247
KY,Kentucky,2007,28707.3,156900.0,18.29655832
KY,Kentucky,2008,27576.8,160700.2,17.16040179
KY,Kentucky,2009,24407.4,157440.1,15.50265784
KY,Kentucky,2010,28210.9,166656.3,16.92759290
KY,Kentucky,2011,28714.4,171238.1,16.76869809
KY,Kentucky,2012,32779.6,178370.6,18.37724378
KY,Kentucky,2013,34469.5,184920.6,18.64016232
KY,Kentucky,2014,34425.4,188326.4,18.27964640
KY,Kentucky,2015,34837.9,194621.2,17.90036234
KY,Kentucky,2016,34347.1,197944.8,17.35185769
KY,Kentucky,2017,35880.9,203564.0,17.62634847
KY,Kentucky,2018,36653.1,210509.1,17.41164634
KY,Kentucky,2019,39157.2,220678.8,17.74397903
KY,Kentucky,2020,36065.4,218539.7,16.50290542
KY,Kentucky,2021,38100.7,238428.9,15.97990009
KY,Kentucky,2022,42198.0,261540.7,16.13439132
KY,Kentucky,2023,45078.6,279707.5,16.11633582
LA,Louisiana,2000,19465.8,132375.8,14.70495362
LA,Louisiana,2001,18266.6,138204.3,13.21709961
LA,Louisiana,2002,21108.6,140082.8,15.06865939
LA,Louisiana,2003,29938.6,155198.7,19.29049663
LA,Louisiana,2004,37668.9,170999.6,22.02864802
LA,Louisiana,2005,57415.7,199314.2,28.80662793
LA,Louisiana,2006,53059.0,207249.8,25.60147223
LA,Louisiana,2007,46398.3,203771.3,22.76979143
LA,Louisiana,2008,43001.9,213803.5,20.11281387
LA,Louisiana,2009,37499.1,206111.5,18.19359910
LA,Louisiana,2010,49342.4,226555.6,21.77937778
LA,Louisiana,2011,50071.4,230518.7,21.72118791
LA,Louisiana,2012,52278.7,235960.9,22.15566223
LA,Louisiana,2013,43626.7,231652.7,18.83280445
LA,Louisiana,2014,47351.0,240965.0,19.65057166
LA,Louisiana,2015,42765.7,234324.2,18.25065444
LA,Louisiana,2016,36031.7,227440.3,15.84226718
LA,Louisiana,2017,41517.9,239830.7,17.31133671
LA,Louisiana,2018,49941.9,256444.4,19.47474774
LA,Louisiana,2019,47175.3,257499.0,18.32057600
LA,Louisiana,2020,35123.2,236216.3,14.86908397
LA,Louisiana,2021,44707.6,267263.6,16.72790459
LA,Louisiana,2022,54559.0,298424.5,18.28234612
LA,Louisiana,2023,57814.6,314988.6,18.35450553
ME,Maine,2000,5277.7,37222.0,14.17898017
ME,Maine,2001,4661.3,38925.7,11.97486493
ME,Maine,2002,4496.4,40664.1,11.05741920
ME,Maine,2003,4492.1,42493.4,10.57128872
ME,Maine,2004,4912.3,45233.1,10.85996759
ME,Maine,2005,5059.8,47028.1,10.75909935
ME,Maine,2006,5200.5,48889.3,10.63729691
ME,Maine,2007,5381.0,50291.3,10.69966376
ME,Maine,2008,5412.7,51001.9,10.61274188
ME,Maine,2009,5457.7,51451.2,10.60752713
ME,Maine,2010,5585.9,52802.5,10.57885517
ME,Maine,2011,5398.6,53104.5,10.16599347
ME,Maine,2012,5434.1,54018.5,10.05970177
ME,Maine,2013,5351.5,54924.8,9.74332178
ME,Maine,2014,5450.2,56537.4,9.63999052
ME,Maine,2015,5333.3,58755.8,9.07706133
ME,Maine,2016,5571.8,61092.2,9.12031323
ME,Maine,2017,5933.7,63000.6,9.41848173
ME,Maine,2018,6176.6,66216.0,9.32795699
ME,Maine,2019,6539.6,69708.7,9.38132543
ME,Maine,2020,6999.7,72077.1,9.71140626
ME,Maine,2021,7588.7,79193.9,9.58242996
ME,Maine,2022,8069.3,86493.3,9.32939314
ME,Maine,2023,8466.5,93270.0,9.07740967
MD,Maryland,2000,13735.5,191430.2,7.17520015
MD,Maryland,2001,14829.8,205276.0,7.22432238
MD,Maryland,2002,15414.4,217001.4,7.10336431
MD,Maryland,2003,14493.7,226803.4,6.39042448
MD,Maryland,2004,15282.8,243449.8,6.27759809
MD,Maryland,2005,14943.1,261795.3,5.70793288
MD,Maryland,2006,15932.1,273791.0,5.81907367
MD,Maryland,2007,16796.6,282618.2,5.94321243
MD,Maryland,2008,17383.5,292908.3,5.93479256
MD,Maryland,2009,18676.4,298282.8,6.26130638
MD,Maryland,2010,19098.9,313930.5,6.08379880
MD,Maryland,2011,19179.9,324920.9,5.90294438
MD,Maryland,2012,17925.5,331869.0,5.40137825
MD,Maryland,2013,19027.5,339895.8,5.59803916
MD,Maryland,2014,18942.4,351743.1,5.38529398
MD,Maryland,2015,19314.7,367314.1,5.25836062
MD,Maryland,2016,20574.1,386496.4,5.32323199
MD,Maryland,2017,21032.4,399714.5,5.26185565
MD,Maryland,2018,21682.5,410771.8,5.27847822
MD,Maryland,2019,21913.4,419391.6,5.22504504
MD,Maryland,2020,23127.2,413455.4,5.59363839
MD,Maryland,2021,24581.5,447753.6,5.48996144
MD,Maryland,2022,26506.0,484907.6,5.46619603
MD,Maryland,2023,28170.2,515607.3,5.46349906
MA,Massachusetts,2000,40869.0,287091.4,14.23553614
MA,Massachusetts,2001,36888.6,294876.4,12.50985159
MA,Massachusetts,2002,37006.0,299915.8,12.33879642
MA,Massachusetts,2003,40186.5,309736.1,12.97443211
MA,Massachusetts,2004,37924.6,324919.0,11.67201672
MA,Massachusetts,2005,38389.7,340637.8,11.26994714
MA,Massachusetts,2006,40881.8,358418.3,11.40616983
MA,Massachusetts,2007,44892.5,377985.6,11.87677520
MA,Massachusetts,2008,41815.4,387923.4,10.77929303
MA,Massachusetts,2009,40409.2,388963.9,10.38893327
MA,Massachusetts,2010,44389.8,409270.0,10.84609182
MA,Massachusetts,2011,44472.1,423684.9,10.49650342
MA,Massachusetts,2012,45685.8,441373.9,10.35081594
MA,Massachusetts,2013,45318.8,452580.4,10.01342524
MA,Massachusetts,2014,47340.3,469824.9,10.07615816
MA,Massachusetts,2015,49466.0,497767.0,9.93758124
MA,Massachusetts,2016,48256.1,514108.0,9.38637407
MA,Massachusetts,2017,46542.2,530129.4,8.77940367
MA,Massachusetts,2018,49650.4,559605.0,8.87240107
MA,Massachusetts,2019,49391.9,588069.5,8.39899026
MA,Massachusetts,2020,49248.7,592653.0,8.30987104
MA,Massachusetts,2021,53687.2,649511.4,8.26578256
MA,Massachusetts,2022,59828.3,695612.1,8.60081359
MA,Massachusetts,2023,61891.5,736296.3,8.40578718
MI,Michigan,2000,87911.2,351879.5,24.98332526
MI,Michigan,2001,80179.9,349127.5,22.96579330
MI,Michigan,2002,84065.3,363372.1,23.13477012
MI,Michigan,2003,85421.5,376123.8,22.71100632
MI,Michigan,2004,80560.4,388764.6,20.72215423
MI,Michigan,2005,80485.3,402828.8,19.98002625
MI,Michigan,2006,77228.7,402537.3,19.18547672
MI,Michigan,2007,80307.5,410613.0,19.55795360
MI,Michigan,2008,67681.0,391633.6,17.28171434
MI,Michigan,2009,54461.3,371707.0,14.65167457
MI,Michigan,2010,67336.9,393179.6,17.12624460
MI,Michigan,2011,72795.7,408354.1,17.82661176
MI,Michigan,2012,78166.2,426141.1,18.34279773
MI,Michigan,2013,84111.0,441470.8,19.05244922
MI,Michigan,2014,85527.7,456123.5,18.75099617
MI,Michigan,2015,90437.3,479222.7,18.87166447
MI,Michigan,2016,92515.9,494752.5,18.69943052
MI,Michigan,2017,93889.7,505101.5,18.58828374
MI,Michigan,2018,96659.6,525240.8,18.40291158
MI,Michigan,2019,94947.6,540237.3,17.57516558
MI,Michigan,2020,89229.2,529675.6,16.84600914
MI,Michigan,2021,93614.8,575116.4,16.27753964
MI,Michigan,2022,102833.3,627009.1,16.40060726
MI,Michigan,2023,111168.7,673818.1,16.49832499
MN,Minnesota,2000,31101.2,192389.5,16.16574709
MN,Minnesota,2001,28762.0,196869.4,14.60968541
MN,Minnesota,2002,29581.3,204061.1,14.49629547
MN,Minnesota,2003,32452.2,215975.1,15.02589882
MN,Minnesota,2004,34585.0,231949.4,14.91057964
MN,Minnesota,2005,36547.1,244635.4,14.93941596
MN,Minnesota,2006,37133.1,252357.6,14.71447660
MN,Minnesota,2007,35950.9,261250.7,13.76107318
MN,Minnesota,2008,37391.4,268771.5,13.91196611
MN,Minnesota,2009,36352.9,262628.8,13.84193203
MN,Minnesota,2010,37398.5,274649.2,13.61682466
MN,Minnesota,2011,40354.4,287070.8,14.05729876
MN,Minnesota,2012,42089.9,298641.4,14.09379276
MN,Minnesota,2013,43414.3,311752.1,13.92590459
MN,Minnesota,2014,46062.9,324701.5,14.18622951
MN,Minnesota,2015,46622.1,336762.0,13.84422827
MN,Minnesota,2016,45908.2,345248.8,13.29713528
MN,Minnesota,2017,46000.9,354721.9,12.96815900
MN,Minnesota,2018,48716.6,372439.2,13.08041688
MN,Minnesota,2019,48167.9,384850.2,12.51601272
MN,Minnesota,2020,45557.6,378746.6,12.02851722
MN,Minnesota,2021,49291.2,416538.7,11.83352231
MN,Minnesota,2022,54811.3,454992.8,12.04663019
MN,Minnesota,2023,58143.2,483162.1,12.03389090
MS,Mississippi,2000,11429.0,66051.5,17.30316495
MS,Mississippi,2001,11049.3,67750.2,16.30888174
MS,Mississippi,2002,10829.8,69704.9,15.53664090
MS,Mississippi,2003,12454.1,74418.4,16.73524290
MS,Mississippi,2004,12296.3,78680.1,15.62822111
MS,Mississippi,2005,13299.9,82991.6,16.02559777
MS,Mississippi,2006,14974.0,87596.7,17.09425127
MS,Mississippi,2007,15540.9,91876.5,16.91498914
MS,Mississippi,2008,15343.5,95179.3,16.12062707
MS,Mississippi,2009,13511.5,92378.0,14.62631795
MS,Mississippi,2010,14108.0,94788.3,14.88369345
MS,Mississippi,2011,14660.6,96799.1,15.14538875
MS,Mississippi,2012,16513.5,100905.4,16.36532832
MS,Mississippi,2013,15127.6,103042.6,14.68091838
MS,Mississippi,2014,15833.5,105219.5,15.04806619
MS,Mississippi,2015,16057.5,106623.9,15.05994435
MS,Mississippi,2016,15899.0,107795.4,14.74923791
MS,Mississippi,2017,16396.9,110281.4,14.86823707
MS,Mississippi,2018,16730.9,113166.4,14.78433528
MS,Mississippi,2019,16728.5,116135.7,14.40427018
MS,Mississippi,2020,16167.4,116709.4,13.85269738
MS,Mississippi,2021,19079.4,129944.7,14.68270734
MS,Mississippi,2022,22178.9,142762.3,15.53554405
MS,Mississippi,2023,22954.8,151146.7,15.18709969
MO,Missouri,2000,30437.3,187012.8,16.27551697
MO,Missouri,2001,29593.9,190388.7,15.54393722
MO,Missouri,2002,29754.8,197399.0,15.07342996
MO,Missouri,2003,31095.4,206005.2,15.09447334
MO,Missouri,2004,31807.6,216977.5,14.65940017
MO,Missouri,2005,32118.7,227594.6,14.11224168
MO,Missouri,2006,31880.9,235816.9,13.51934488
MO,Missouri,2007,31914.0,244085.3,13.07493733
MO,Missouri,2008,31878.7,256431.1,12.43168243
MO,Missouri,2009,30236.3,254306.2,11.88972192
MO,Missouri,2010,32065.6,262013.4,12.23815271
MO,Missouri,2011,31400.2,263330.0,11.92427752
MO,Missouri,2012,34881.8,272482.4,12.80148736
MO,Missouri,2013,35368.7,282659.7,12.51282019
MO,Missouri,2014,36089.2,289340.7,12.47290824
MO,Missouri,2015,38568.2,299597.7,12.87332980
MO,Missouri,2016,36219.1,304143.3,11.90856415
MO,Missouri,2017,35939.9,311273.8,11.54607294
MO,Missouri,2018,35933.5,320451.6,11.21339385
MO,Missouri,2019,38125.5,334750.2,11.38923890
MO,Missouri,2020,38474.4,335285.1,11.47512967
MO,Missouri,2021,41735.5,366441.5,11.38940322
MO,Missouri,2022,46106.3,400265.1,11.51894082
MO,Missouri,2023,50538.1,430114.4,11.74992049
MT,Montana,2000,1361.2,21935.4,6.20549432
MT,Montana,2001,1392.9,22798.0,6.10974647
MT,Montana,2002,1270.0,23886.0,5.31692205
MT,Montana,2003,1597.9,25781.1,6.19795121
MT,Montana,2004,1807.0,28138.8,6.42173796
MT,Montana,2005,1974.9,30823.7,6.40708286
MT,Montana,2006,2159.9,33088.0,6.52774420
MT,Montana,2007,2728.9,36116.1,7.55590997
MT,Montana,2008,2138.0,37028.0,5.77400886
MT,Montana,2009,1567.3,35880.0,4.36817168
MT,Montana,2010,1930.7,38080.3,5.07007560
MT,Montana,2011,2570.4,40592.3,6.33223542
MT,Montana,2012,2618.7,42150.2,6.21278191
MT,Montana,2013,2586.3,43584.0,5.93405837
MT,Montana,2014,2890.1,45203.8,6.39348904
MT,Montana,2015,3148.2,46542.4,6.76415484
MT,Montana,2016,2254.8,45859.4,4.91676734
MT,Montana,2017,3252.0,48470.5,6.70923551
MT,Montana,2018,3762.7,51152.1,7.35590523
MT,Montana,2019,3054.1,52715.6,5.79354119
MT,Montana,2020,2337.1,52958.8,4.41305317
MT,Montana,2021,3303.3,60399.7,5.46906690
MT,Montana,2022,4371.1,68702.0,6.36240575
MT,Montana,2023,4329.7,73254.5,5.91049014
NE,Nebraska,2000,7781.4,56582.7,13.75225997
NE,Nebraska,2001,7764.9,59634.3,13.02086215
NE,Nebraska,2002,7396.5,61569.5,12.01325332
NE,Nebraska,2003,7602.2,66471.7,11.43674677
NE,Nebraska,2004,7595.0,70445.4,10.78139950
NE,Nebraska,2005,8254.6,74886.7,11.02278509
NE,Nebraska,2006,9435.3,79287.5,11.90011036
NE,Nebraska,2007,9144.8,84291.9,10.84896651
NE,Nebraska,2008,9930.8,86146.6,11.52779100
NE,Nebraska,2009,10233.1,87325.5,11.71834115
NE,Nebraska,2010,10890.1,91940.7,11.84469990
NE,Nebraska,2011,12108.5,100526.5,12.04508264
NE,Nebraska,2012,12751.3,102949.7,12.38595159
NE,Nebraska,2013,13147.1,107247.0,12.25871120
NE,Nebraska,2014,12777.9,112763.3,11.33161232
NE,Nebraska,2015,12371.1,117402.3,10.53735745
NE,Nebraska,2016,12111.3,119389.8,10.14433394
NE,Nebraska,2017,11914.8,123219.9,9.66954201
NE,Nebraska,2018,13624.5,127954.4,10.64793395
NE,Nebraska,2019,14041.9,132848.2,10.56988352
NE,Nebraska,2020,14898.3,135149.4,11.02357835
NE,Nebraska,2021,17934.4,150836.1,11.88999185
NE,Nebraska,2022,19105.3,167480.2,11.40749772
NE,Nebraska,2023,21047.4,181285.0,11.61011667
NV,Nevada,2000,2785.8,77181.5,3.60941417
NV,Nevada,2001,2869.7,80968.6,3.54421344
NV,Nevada,2002,3156.2,85541.0,3.68969266
NV,Nevada,2003,3418.2,91365.0,3.74125759
NV,Nevada,2004,4515.0,104132.0,4.33584297
NV,Nevada,2005,5035.8,117165.1,4.29803756
NV,Nevada,2006,5304.6,126613.4,4.18960394
NV,Nevada,2007,6172.9,132045.4,4.67483154
NV,Nevada,2008,6167.1,130570.9,4.72318105
NV,Nevada,2009,5476.2,122471.2,4.47141859
NV,Nevada,2010,5136.0,125149.0,4.10390814
NV,Nevada,2011,5301.0,128638.4,4.12085349
NV,Nevada,2012,6018.4,130238.2,4.62107124
NV,Nevada,2013,6147.6,133592.5,4.60175534
NV,Nevada,2014,6072.1,136918.4,4.43483126
NV,Nevada,2015,5799.2,145786.8,3.97786357
NV,Nevada,2016,5978.1,153318.0,3.89915078
NV,Nevada,2017,7081.0,163199.1,4.33887197
NV,Nevada,2018,7478.9,172547.9,4.33439062
NV,Nevada,2019,7910.5,184611.1,4.28495361
NV,Nevada,2020,7852.0,176296.3,4.45386545
NV,Nevada,2021,8743.8,201705.7,4.33492955
NV,Nevada,2022,10162.9,227320.6,4.47073428
NV,Nevada,2023,10964.2,245978.8,4.45737600
NH,New Hampshire,2000,7684.7,45604.9,16.85060158
NH,New Hampshire,2001,6509.6,47037.3,13.83922972
NH,New Hampshire,2002,6541.6,49109.6,13.32040986
NH,New Hampshire,2003,6908.9,51609.7,13.38682457
NH,New Hampshire,2004,6900.4,54545.7,12.65067641
NH,New Hampshire,2005,6486.9,56914.6,11.39760272
NH,New Hampshire,2006,7071.5,60152.7,11.75591453
NH,New Hampshire,2007,7204.7,61984.8,11.62333346
NH,New Hampshire,2008,6830.5,62095.3,11.00002738
NH,New Hampshire,2009,6699.9,63052.2,10.62595754
NH,New Hampshire,2010,7125.2,65310.8,10.90968109
NH,New Hampshire,2011,7436.0,66557.3,11.17232820
NH,New Hampshire,2012,7158.6,68412.0,10.46395369
NH,New Hampshire,2013,7801.2,70897.4,11.00350648
NH,New Hampshire,2014,7205.0,73455.1,9.80871308
NH,New Hampshire,2015,8180.9,77385.8,10.57157773
NH,New Hampshire,2016,8489.7,79759.7,10.64409721
NH,New Hampshire,2017,8187.4,81179.6,10.08553873
NH,New Hampshire,2018,8334.7,83859.4,9.93889773
NH,New Hampshire,2019,8820.7,87868.2,10.03855775
NH,New Hampshire,2020,8636.6,88527.7,9.75581654
NH,New Hampshire,2021,9210.1,99092.6,9.29443773
NH,New Hampshire,2022,9873.0,106488.0,9.27146721
NH,New Hampshire,2023,10014.4,114100.8,8.77680086
NJ,New Jersey,2000,49852.9,360530.4,13.82765503
NJ,New Jersey,2001,48438.2,372819.2,12.99241026
NJ,New Jersey,2002,44997.4,385045.6,11.68625223
NJ,New Jersey,2003,47735.9,399996.5,11.93407942
NJ,New Jersey,2004,45757.4,415490.8,11.01285516
NJ,New Jersey,2005,44892.9,436064.4,10.29501606
NJ,New Jersey,2006,47897.0,457681.5,10.46513787
NJ,New Jersey,2007,49495.1,474539.6,10.43013059
NJ,New Jersey,2008,53666.3,493289.4,10.87927290
NJ,New Jersey,2009,45964.2,481452.7,9.54698146
NJ,New Jersey,2010,47072.8,491229.0,9.58265900
NJ,New Jersey,2011,44417.7,494292.8,8.98611107
NJ,New Jersey,2012,43333.4,516098.2,8.39634783
NJ,New Jersey,2013,43266.4,534212.1,8.09910521
NJ,New Jersey,2014,45240.7,543824.1,8.31899506
NJ,New Jersey,2015,44681.0,565807.7,7.89685259
NJ,New Jersey,2016,48078.4,578651.4,8.30869847
NJ,New Jersey,2017,46725.3,590086.7,7.91837877
NJ,New Jersey,2018,55907.4,619340.2,9.02692898
NJ,New Jersey,2019,55061.0,643317.7,8.55891265
NJ,New Jersey,2020,51982.6,631552.3,8.23092561
NJ,New Jersey,2021,57266.2,695443.2,8.23448989
NJ,New Jersey,2022,63125.1,758288.7,8.32467898
NJ,New Jersey,2023,67464.8,806665.2,8.36342016
NM,New Mexico,2000,7526.9,55002.2,13.68472534
NM,New Mexico,2001,5166.3,55660.2,9.28185669
NM,New Mexico,2002,4505.5,57718.3,7.80601646
NM,New Mexico,2003,6190.3,62867.9,9.84651945
NM,New Mexico,2004,9288.7,70593.4,13.15802894
NM,New Mexico,2005,7638.3,74130.9,10.30380044
NM,New Mexico,2006,6768.8,78008.2,8.67703652
NM,New Mexico,2007,5319.5,81100.3,6.55916193
NM,New Mexico,2008,3536.0,84339.7,4.19256886
NM,New Mexico,2009,5542.5,82641.3,6.70669508
NM,New Mexico,2010,5012.7,84862.6,5.90684235
NM,New Mexico,2011,4029.3,87056.0,4.62840011
NM,New Mexico,2012,3693.8,87681.0,4.21277130
NM,New Mexico,2013,3240.3,88773.3,3.65008398
NM,New Mexico,2014,3506.1,92523.4,3.78941976
NM,New Mexico,2015,3905.0,90779.4,4.30163671
NM,New Mexico,2016,3636.2,90476.0,4.01896636
NM,New Mexico,2017,3555.4,93210.1,3.81439350
NM,New Mexico,2018,3859.5,98838.2,3.90486674
NM,New Mexico,2019,4360.9,103821.0,4.20040262
NM,New Mexico,2020,3773.5,100656.4,3.74889227
NM,New Mexico,2021,4325.8,112978.5,3.82887009
NM,New Mexico,2022,4734.4,128138.8,3.69474351
NM,New Mexico,2023,5062.8,135009.6,3.74995556
NY,New York,2000,64946.2,839853.0,7.73304376
NY,New York,2001,61461.9,876285.2,7.01391510
NY,New York,2002,63442.6,885386.2,7.16552844
NY,New York,2003,61707.8,908535.2,6.79200982
NY,New York,2004,63388.0,958565.3,6.61279936
NY,New York,2005,65039.7,1009851.0,6.44052439
NY,New York,2006,69442.0,1072271.8,6.47615651
NY,New York,2007,68547.6,1116265.3,6.14079825
NY,New York,2008,66555.5,1107860.2,6.00757207
NY,New York,2009,69382.2,1155492.3,6.00455754
NY,New York,2010,68497.2,1217748.0,5.62490762
NY,New York,2011,63986.3,1245769.4,5.13628766
NY,New York,2012,62889.0,1324471.3,4.74823426
NY,New York,2013,63584.0,1364632.9,4.65942159
NY,New York,2014,65896.9,1434606.3,4.59337869
NY,New York,2015,69814.4,1498474.7,4.65903095
NY,New York,2016,68208.2,1556830.0,4.38122338
NY,New York,2017,69419.6,1624800.7,4.27249939
NY,New York,2018,68628.3,1710665.6,4.01178933
NY,New York,2019,72382.3,1787470.9,4.04942536
NY,New York,2020,68995.3,1773369.8,3.89063240
NY,New York,2021,76599.0,1923413.3,3.98245141
NY,New York,2022,82496.9,2052758.8,4.01883066
NY,New York,2023,85901.8,2172009.6,3.95494569
NC,North Carolina,2000,70592.0,277556.1,25.43341688
NC,North Carolina,2001,70566.8,287317.1,24.56059873
NC,North Carolina,2002,69143.3,297653.0,23.22949878
NC,North Carolina,2003,69487.0,310200.3,22.40068756
NC,North Carolina,2004,68698.1,329017.7,20.87975814
NC,North Carolina,2005,72033.7,354798.5,20.30270703
NC,North Carolina,2006,86041.3,388012.1,22.17490125
NC,North Carolina,2007,87545.5,402188.3,21.76729159
NC,North Carolina,2008,85260.8,420707.2,20.26606628
NC,North Carolina,2009,89302.0,413096.8,21.61769348
NC,North Carolina,2010,88125.8,422282.2,20.86893551
NC,North Carolina,2011,86773.1,430040.1,20.17790899
NC,North Carolina,2012,84133.4,444063.2,18.94626711
NC,North Carolina,2013,91065.1,460946.4,19.75611481
NC,North Carolina,2014,89282.3,482295.7,18.51194195
NC,North Carolina,2015,95221.1,508672.4,18.71953344
NC,North Carolina,2016,93696.6,528284.3,17.73601828
NC,North Carolina,2017,91652.6,546810.1,16.76132171
NC,North Carolina,2018,92679.2,568037.3,16.31568913
NC,North Carolina,2019,89156.1,592449.6,15.04872313
NC,North Carolina,2020,89501.7,600683.3,14.89998140
NC,North Carolina,2021,92531.0,662147.1,13.97438726
NC,North Carolina,2022,98398.8,728498.7,13.50706597
NC,North Carolina,2023,104807.3,788103.2,13.29867713
ND,North Dakota,2000,1323.5,18115.1,7.30605959
ND,North Dakota,2001,1664.1,18976.9,8.76908241
ND,North Dakota,2002,1758.9,20195.6,8.70932282
ND,North Dakota,2003,2005.2,22129.9,9.06104411
ND,North Dakota,2004,2090.1,23209.6,9.00532538
ND,North Dakota,2005,2417.8,24572.0,9.83965489
ND,North Dakota,2006,2599.5,26406.5,9.84416716
ND,North Dakota,2007,2672.1,29044.6,9.19998898
ND,North Dakota,2008,2922.2,32027.7,9.12397706
ND,North Dakota,2009,2580.1,32310.4,7.98535456
ND,North Dakota,2010,2551.9,35651.8,7.15784336
ND,North Dakota,2011,2710.8,41602.1,6.51601722
ND,North Dakota,2012,3241.6,52079.1,6.22437792
ND,North Dakota,2013,3384.5,54877.0,6.16742898
ND,North Dakota,2014,3595.8,61108.3,5.88430704
ND,North Dakota,2015,3714.2,56952.2,6.52160935
ND,North Dakota,2016,3320.2,52666.3,6.30422111
ND,North Dakota,2017,3588.3,56530.2,6.34758059
ND,North Dakota,2018,3433.4,60377.1,5.68659310
ND,North Dakota,2019,3901.4,60892.5,6.40702878
ND,North Dakota,2020,3853.3,55568.5,6.93432430
ND,North Dakota,2021,4346.1,63838.5,6.80796071
ND,North Dakota,2022,4964.9,73780.0,6.72933044
ND,North Dakota,2023,5695.7,76043.3,7.49007473
OH,Ohio,2000,88558.9,391032.3,22.64746416
OH,Ohio,2001,82035.7,395864.2,20.72319245
OH,Ohio,2002,83774.2,411191.1,20.37354408
OH,Ohio,2003,84158.2,425530.7,19.77723346
OH,Ohio,2004,89082.0,447813.3,19.89266509
OH,Ohio,2005,91275.7,470179.5,19.41294761
OH,Ohio,2006,92877.9,482904.0,19.23320163
OH,Ohio,2007,92714.6,497600.1,18.63235156
OH,Ohio,2008,86538.6,500916.4,17.27605644
OH,Ohio,2009,75295.3,484407.1,15.54380603
OH,Ohio,2010,81378.3,500274.2,16.26673932
OH,Ohio,2011,91558.9,525456.4,17.42464265
OH,Ohio,2012,91900.5,543035.4,16.92348234
OH,Ohio,2013,93857.2,566419.9,16.57025115
OH,Ohio,2014,103353.7,597152.3,17.30776219
OH,Ohio,2015,101995.2,615275.5,16.57715934
OH,Ohio,2016,100412.1,627294.7,16.00716537
OH,Ohio,2017,102938.7,652187.5,15.78360517
OH,Ohio,2018,106587.9,672540.1,15.84855684
OH,Ohio,2019,106153.2,702914.8,15.10185872
OH,Ohio,2020,97467.5,692683.7,14.07099662
OH,Ohio,2021,113147.7,763595.8,14.81774782
OH,Ohio,2022,129790.9,832660.7,15.58748960
OH,Ohio,2023,134010.5,884834.2,15.14526676
OK,Oklahoma,2000,12747.3,91645.7,13.90932690
OK,Oklahoma,2001,12418.9,97505.3,12.73664098
OK,Oklahoma,2002,11559.4,99916.9,11.56901385
OK,Oklahoma,2003,12617.3,106175.1,11.88348304
OK,Oklahoma,2004,12635.9,114237.5,11.06107889
OK,Oklahoma,2005,13828.6,125961.4,10.97844260
OK,Oklahoma,2006,16167.1,138352.3,11.68545807
OK,Oklahoma,2007,15890.9,146582.4,10.84093315
OK,Oklahoma,2008,18599.9,161609.0,11.50919813
OK,Oklahoma,2009,15317.6,147332.4,10.39662695
OK,Oklahoma,2010,14277.9,155267.5,9.19567843
OK,Oklahoma,2011,16165.0,167207.9,9.66760542
OK,Oklahoma,2012,17761.1,175361.2,10.12829520
OK,Oklahoma,2013,16860.2,184104.6,9.15794608
OK,Oklahoma,2014,17688.1,197074.1,8.97535496
OK,Oklahoma,2015,17641.4,187364.7,9.41554092
OK,Oklahoma,2016,15416.6,182238.8,8.45955965
OK,Oklahoma,2017,16541.9,192538.6,8.59147205
OK,Oklahoma,2018,18332.2,204193.9,8.97783920
OK,Oklahoma,2019,19130.0,205992.7,9.28673686
OK,Oklahoma,2020,16540.1,192516.2,8.59153671
OK,Oklahoma,2021,16787.4,217786.5,7.70819128
OK,Oklahoma,2022,18822.3,245976.2,7.65208179
OK,Oklahoma,2023,20798.1,256689.4,8.10243820
OR,Oregon,2000,21867.7,117057.2,18.68120884
OR,Oregon,2001,19320.1,117002.4,16.51256726
OR,Oregon,2002,20610.4,120556.1,17.09610712
OR,Oregon,2003,22339.7,126822.1,17.61498982
OR,Oregon,2004,25682.4,136495.9,18.81551021
OR,Oregon,2005,25458.1,143556.3,17.73387862
OR,Oregon,2006,26811.6,153779.6,17.43508242
OR,Oregon,2007,26339.5,159676.2,16.49557041
OR,Oregon,2008,26705.6,164122.9,16.27170858
OR,Oregon,2009,24682.6,159330.4,15.49145675
OR,Oregon,2010,25356.8,163150.5,15.54196892
OR,Oregon,2011,27385.8,169693.8,16.13836216
OR,Oregon,2012,26347.2,173856.8,15.15454098
OR,Oregon,2013,27048.9,178975.4,15.11319433
OR,Oregon,2014,27223.5,187837.6,14.49310468
OR,Oregon,2015,28678.0,200592.6,14.29663906
OR,Oregon,2016,29039.0,211782.4,13.71171542
OR,Oregon,2017,31143.7,225534.5,13.80884078
OR,Oregon,2018,31993.1,238466.9,13.41615964
OR,Oregon,2019,31424.1,248781.8,12.63118926
OR,Oregon,2020,32266.4,251577.7,12.82562008
OR,Oregon,2021,34035.9,275653.1,12.34736703
OR,Oregon,2022,37375.3,298848.0,12.50645813
OR,Oregon,2023,38308.9,318884.1,12.01342431
PA,Pennsylvania,2000,75131.9,409330.2,18.35483920
PA,Pennsylvania,2001,74262.8,428463.7,17.33234344
PA,Pennsylvania,2002,74654.8,440887.5,16.93284568
PA,Pennsylvania,2003,73715.8,460478.3,16.00852852
PA,Pennsylvania,2004,71809.6,486384.5,14.76395732
PA,Pennsylvania,2005,72718.2,510763.9,14.23714558
PA,Pennsylvania,2006,76554.7,528771.2,14.47784978
PA,Pennsylvania,2007,77579.0,563238.6,13.77373639
PA,Pennsylvania,2008,77576.6,586886.6,13.21832872
PA,Pennsylvania,2009,73397.6,581219.9,12.62819804
PA,Pennsylvania,2010,73486.4,604629.6,12.15395343
PA,Pennsylvania,2011,73883.5,623767.9,11.84471019
PA,Pennsylvania,2012,75383.9,646434.3,11.66149445
PA,Pennsylvania,2013,79800.7,670767.4,11.89692582
PA,Pennsylvania,2014,85437.6,695546.6,12.28351918
PA,Pennsylvania,2015,85246.5,716534.3,11.89705782
PA,Pennsylvania,2016,83091.2,733165.9,11.33320576
PA,Pennsylvania,2017,86996.0,754318.0,11.53306696
PA,Pennsylvania,2018,87745.5,780620.7,11.24047825
PA,Pennsylvania,2019,90598.5,802233.1,11.29328870
PA,Pennsylvania,2020,86025.8,777000.8,11.07152013
PA,Pennsylvania,2021,93634.3,844431.8,11.08843840
PA,Pennsylvania,2022,105125.0,919741.1,11.42984694
PA,Pennsylvania,2023,110283.0,976360.8,11.29531214
RI,Rhode Island,2000,4426.9,34608.5,12.79136628
RI,Rhode Island,2001,4391.5,35940.1,12.21894207
RI,Rhode Island,2002,4646.6,37891.2,12.26300566
RI,Rhode Island,2003,4194.4,39787.1,10.54211038
RI,Rhode Island,2004,4631.7,42578.2,10.87810194
RI,Rhode Island,2005,4217.7,44413.3,9.49647966
RI,Rhode Island,2006,4831.3,47165.3,10.24333567
RI,Rhode Island,2007,4250.3,47490.1,8.94986534
RI,Rhode Island,2008,4270.2,47138.9,9.05876039
RI,Rhode Island,2009,3896.0,47647.2,8.17676590
RI,Rhode Island,2010,4049.7,49409.1,8.19626344
RI,Rhode Island,2011,4026.9,50123.7,8.03392407
RI,Rhode Island,2012,4002.7,51527.5,7.76808500
RI,Rhode Island,2013,4376.2,52994.2,8.25788483
RI,Rhode Island,2014,4230.6,54612.5,7.74657816
RI,Rhode Island,2015,4747.1,56604.0,8.38650979
RI,Rhode Island,2016,4765.2,57714.6,8.25648969
RI,Rhode Island,2017,4696.4,58771.6,7.99093440
RI,Rhode Island,2018,4950.4,60064.9,8.24175184
RI,Rhode Island,2019,4734.1,62814.7,7.53661165
RI,Rhode Island,2020,4784.4,62124.9,7.70125988
RI,Rhode Island,2021,5010.5,67228.3,7.45296252
RI,Rhode Island,2022,5259.1,72869.2,7.21717818
RI,Rhode Island,2023,5506.6,77573.9,7.09852154
SC,South Carolina,2000,24191.4,115332.7,20.97531749
SC,South Carolina,2001,24889.6,119355.2,20.85338552
SC,South Carolina,2002,26115.3,124765.2,20.93155784
SC,South Carolina,2003,27053.4,131509.1,20.57150418
SC,South Carolina,2004,24238.3,136679.9,17.73362433
SC,South Carolina,2005,24572.8,145195.8,16.92390551
SC,South Carolina,2006,25459.4,153453.4,16.59096507
SC,South Carolina,2007,26521.3,162476.3,16.32318067
SC,South Carolina,2008,25661.8,164471.2,15.60261006
SC,South Carolina,2009,25049.4,162380.4,15.42636919
SC,South Carolina,2010,26444.7,166767.4,15.85723589
SC,South Carolina,2011,28241.8,172844.7,16.33940757
SC,South Carolina,2012,29085.7,178503.9,16.29415380
SC,South Carolina,2013,29559.3,186268.3,15.86920587
SC,South Carolina,2014,30802.4,195744.4,15.73603127
SC,South Carolina,2015,33903.0,207510.0,16.33800781
SC,South Carolina,2016,34739.4,217555.5,15.96806332
SC,South Carolina,2017,33153.5,224937.6,14.73897650
SC,South Carolina,2018,34949.5,236561.7,14.77394692
SC,South Carolina,2019,37236.1,249575.7,14.91976182
SC,South Carolina,2020,34290.9,249430.2,13.74769374
SC,South Carolina,2021,35991.1,272384.7,13.21333394
SC,South Carolina,2022,40098.6,301945.1,13.28009628
SC,South Carolina,2023,43398.2,327420.1,13.25459249
SD,South Dakota,2000,3157.0,22866.7,13.80610232
SD,South Dakota,2001,2751.5,23626.9,11.64562427
SD,South Dakota,2002,3677.0,26343.5,13.95790233
SD,South Dakota,2003,2561.9,27305.0,9.38253067
SD,South Dakota,2004,2886.1,29380.9,9.82304831
SD,South Dakota,2005,3061.2,31104.3,9.84172606
SD,South Dakota,2006,3251.2,32559.3,9.98547266
SD,South Dakota,2007,3524.6,35282.6,9.98962661
SD,South Dakota,2008,3482.1,36939.3,9.42654571
SD,South Dakota,2009,3202.0,36732.1,8.71717108
SD,South Dakota,2010,3337.1,38208.2,8.73398904
SD,South Dakota,2011,3810.6,42082.7,9.05502736
SD,South Dakota,2012,3842.0,44127.3,8.70662832
SD,South Dakota,2013,3966.9,45498.6,8.71872981
SD,South Dakota,2014,4116.7,47159.9,8.72923819
SD,South Dakota,2015,4306.5,48678.9,8.84674880
SD,South Dakota,2016,4535.4,49842.6,9.09944505
SD,South Dakota,2017,4503.8,51615.1,8.72574111
SD,South Dakota,2018,4441.6,53349.5,8.32547634
SD,South Dakota,2019,4112.1,55175.8,7.45272384
SD,South Dakota,2020,4459.3,56254.4,7.92702437
SD,South Dakota,2021,5004.8,62984.8,7.94604412
SD,South Dakota,2022,5216.9,69069.3,7.55313866
SD,South Dakota,2023,5583.9,74033.9,7.54235560
TN,Tennessee,2000,34068.3,182209.7,18.69730316
TN,Tennessee,2001,34094.5,185917.2,18.33853995
TN,Tennessee,2002,34997.5,195386.1,17.91197020
TN,Tennessee,2003,36644.8,204665.9,17.90469248
TN,Tennessee,2004,40944.1,219862.4,18.62260214
TN,Tennessee,2005,40817.0,231339.0,17.64380411
TN,Tennessee,2006,42076.0,243104.4,17.30779040
TN,Tennessee,2007,40180.9,248261.6,16.18490334
TN,Tennessee,2008,40160.3,255546.7,15.71544457
TN,Tennessee,2009,38198.6,252940.7,15.10180054
TN,Tennessee,2010,37854.5,258657.6,14.63498463
TN,Tennessee,2011,39541.4,270055.0,14.64198034
TN,Tennessee,2012,43534.4,285897.5,15.22727551
TN,Tennessee,2013,46103.5,296756.3,15.53581171
TN,Tennessee,2014,46769.6,307448.5,15.21217375
TN,Tennessee,2015,50029.2,326382.5,15.32839536
TN,Tennessee,2016,51758.4,339350.2,15.25220849
TN,Tennessee,2017,55231.1,355417.5,15.53978068
TN,Tennessee,2018,54628.0,369713.2,14.77577755
TN,Tennessee,2019,55280.9,385833.0,14.32767545
TN,Tennessee,2020,56097.7,391563.2,14.32660168
TN,Tennessee,2021,60314.2,441952.5,13.64721322
TN,Tennessee,2022,66835.0,488670.1,13.67691619
TN,Tennessee,2023,70025.1,523031.6,13.38831153
TX,Texas,2000,105422.0,742161.5,14.20472498
TX,Texas,2001,106042.3,780206.2,13.59157361
TX,Texas,2002,105120.7,796357.3,13.20019293
TX,Texas,2003,109168.6,840860.8,12.98295746
TX,Texas,2004,141799.3,921230.7,15.39237674
TX,Texas,2005,146492.3,1003745.9,14.59456024
TX,Texas,2006,168722.1,1108236.5,15.22437675
TX,Texas,2007,182528.8,1198565.0,15.22894461
TX,Texas,2008,165147.0,1253142.0,13.17863419
TX,Texas,2009,156405.1,1179168.1,13.26402063
TX,Texas,2010,178999.0,1255660.8,14.25536259
TX,Texas,2011,207522.3,1351776.9,15.35181582
TX,Texas,2012,205945.4,1429588.0,14.40592674
TX,Texas,2013,220031.8,1526781.9,14.41147554
TX,Texas,2014,196049.3,1592177.6,12.31328088
TX,Texas,2015,201786.5,1585985.9,12.72309546
TX,Texas,2016,187456.2,1582981.5,11.84197036
TX,Texas,2017,198838.4,1667313.0,11.92567922
TX,Texas,2018,233772.6,1808026.9,12.92970807
TX,Texas,2019,211551.5,1864872.3,11.34402071
TX,Texas,2020,185334.5,1802143.7,10.28411330
TX,Texas,2021,224081.4,2088972.3,10.72687273
TX,Texas,2022,275379.2,2436925.0,11.30027391
TX,Texas,2023,292645.3,2583866.2,11.32586896
UT,Utah,2000,9179.3,70056.3,13.10274736
UT,Utah,2001,8203.2,73042.5,11.23072184
UT,Utah,2002,8428.8,76289.4,11.04845496
UT,Utah,2003,9253.1,79504.7,11.63843144
UT,Utah,2004,9904.3,86766.7,11.41486308
UT,Utah,2005,10880.7,95512.0,11.39197169
UT,Utah,2006,12588.6,106787.1,11.78850254
UT,Utah,2007,13797.9,115180.7,11.97935071
UT,Utah,2008,13750.0,116949.2,11.75724161
UT,Utah,2009,15816.2,113834.8,13.89399375
UT,Utah,2010,17377.9,118296.3,14.69014669
UT,Utah,2011,18080.7,125137.8,14.44863183
UT,Utah,2012,16017.6,129431.4,12.37535868
UT,Utah,2013,16207.1,135344.3,11.97471929
UT,Utah,2014,15938.9,142627.7,11.17517845
UT,Utah,2015,16772.7,149762.1,11.19956251
UT,Utah,2016,16108.6,159330.6,10.11017344
UT,Utah,2017,18035.9,172075.0,10.48141799
UT,Utah,2018,20319.5,186805.7,10.87734475
UT,Utah,2019,21134.9,201312.2,10.49856889
UT,Utah,2020,20051.6,205647.9,9.75045211
UT,Utah,2021,24371.1,232561.9,10.47940355
UT,Utah,2022,28917.8,261080.8,11.07618791
UT,Utah,2023,30049.8,281329.1,10.68136926
VT,Vermont,2000,2894.8,18492.9,15.65357516
VT,Vermont,2001,2985.7,19467.1,15.33715859
VT,Vermont,2002,2908.3,20383.5,14.26791277
VT,Vermont,2003,2896.7,21398.5,13.53693016
VT,Vermont,2004,2949.8,22986.3,12.83286131
VT,Vermont,2005,2876.3,23763.0,12.10411143
VT,Vermont,2006,3111.6,24507.1,12.69672870
VT,Vermont,2007,2685.1,25025.2,10.72958458
VT,Vermont,2008,2932.9,26140.4,11.21979771
VT,Vermont,2009,2629.7,26220.0,10.02936690
VT,Vermont,2010,2991.2,27478.3,10.88568070
VT,Vermont,2011,3134.4,28558.5,10.97536635
VT,Vermont,2012,3304.1,29325.6,11.26694765
VT,Vermont,2013,2688.4,29477.6,9.12014547
VT,Vermont,2014,2629.8,30359.4,8.66222653
VT,Vermont,2015,2816.8,31152.4,9.04199997
VT,Vermont,2016,2696.4,31840.2,8.46853977
VT,Vermont,2017,2939.9,32589.2,9.02108674
VT,Vermont,2018,3098.0,33482.6,9.25256700
VT,Vermont,2019,3160.4,34760.3,9.09198137
VT,Vermont,2020,3016.4,34414.9,8.76480827
VT,Vermont,2021,3212.5,37438.8,8.58067032
VT,Vermont,2022,3469.7,41011.6,8.46028928
VT,Vermont,2023,3616.1,43533.8,8.30641938
VA,Virginia,2000,35367.9,268608.7,13.16707165
VA,Virginia,2001,38049.3,285663.4,13.31962723
VA,Virginia,2002,34501.8,294929.1,11.69833699
VA,Virginia,2003,34230.1,311093.1,11.00316915
VA,Virginia,2004,33809.1,331815.8,10.18911697
VA,Virginia,2005,35008.4,357427.0,9.79455945
VA,Virginia,2006,35067.6,376429.4,9.31585046
VA,Virginia,2007,34163.1,391595.5,8.72407880
VA,Virginia,2008,33169.6,402157.8,8.24790667
VA,Virginia,2009,38380.2,409935.3,9.36250184
VA,Virginia,2010,40159.5,425490.8,9.43839444
VA,Virginia,2011,39592.0,433683.7,9.12923405
VA,Virginia,2012,40338.4,445008.5,9.06463584
VA,Virginia,2013,41507.6,456911.6,9.08438306
VA,Virginia,2014,39950.1,465601.7,8.58031661
VA,Virginia,2015,42405.4,485540.9,8.73364118
VA,Virginia,2016,42085.0,499032.4,8.43332016
VA,Virginia,2017,42028.8,515167.2,8.15828337
VA,Virginia,2018,44242.8,537158.3,8.23645469
VA,Virginia,2019,44187.7,561701.8,7.86675421
VA,Virginia,2020,44406.5,565466.8,7.85306936
VA,Virginia,2021,46593.8,615984.7,7.56411645
VA,Virginia,2022,48248.9,666681.8,7.23717072
VA,Virginia,2023,52271.8,719896.9,7.26101196
WA,Washington,2000,35021.5,237594.0,14.74006078
WA,Washington,2001,32137.0,237978.2,13.50417811
WA,Washington,2002,31850.2,245629.8,12.96674915
WA,Washington,2003,29973.1,254720.2,11.76706834
WA,Washington,2004,30345.3,267423.9,11.34726552
WA,Washington,2005,39111.8,293402.0,13.33044765
WA,Washington,2006,42251.2,314190.8,13.44762482
WA,Washington,2007,47547.3,341712.3,13.91442450
WA,Washington,2008,45173.2,352460.7,12.81652110
WA,Washington,2009,47454.7,349945.4,13.56060117
WA,Washington,2010,51149.7,363544.2,14.06973347
WA,Washington,2011,53492.7,377518.8,14.16954599
WA,Washington,2012,57461.3,398358.5,14.42451962
WA,Washington,2013,59553.6,416924.1,14.28403875
WA,Washington,2014,62017.0,439851.2,14.09954094
WA,Washington,2015,66600.3,467590.6,14.24329317
WA,Washington,2016,58781.3,489790.2,12.00132220
WA,Washington,2017,62382.4,527169.4,11.83346378
WA,Washington,2018,65742.3,570337.8,11.52690563
WA,Washington,2019,67820.0,608643.4,11.14281367
WA,Washington,2020,53811.2,620132.9,8.67736577
WA,Washington,2021,57613.7,687702.3,8.37770937
WA,Washington,2022,63068.8,742909.5,8.48943243
WA,Washington,2023,67234.7,807864.5,8.32252191
WV,West Virginia,2000,5755.7,42620.7,13.50447083
WV,West Virginia,2001,5393.0,44105.1,12.22761087
WV,West Virginia,2002,5550.0,45627.4,12.16374372
WV,West Virginia,2003,5453.6,47230.4,11.54680037
WV,West Virginia,2004,5685.9,49865.9,11.40238119
WV,West Virginia,2005,6184.8,53814.3,11.49285599
WV,West Virginia,2006,6412.3,57204.1,11.20951121
WV,West Virginia,2007,5946.4,59480.4,9.99724279
WV,West Virginia,2008,6157.6,62978.7,9.77727390
WV,West Virginia,2009,6629.2,64040.1,10.35163905
WV,West Virginia,2010,6269.1,66160.4,9.47560777
WV,West Virginia,2011,6707.4,69367.6,9.66935572
WV,West Virginia,2012,6834.0,70303.1,9.72076623
WV,West Virginia,2013,7184.0,71758.6,10.01134359
WV,West Virginia,2014,6994.2,73042.6,9.57550799
WV,West Virginia,2015,6695.4,71713.4,9.33633045
WV,West Virginia,2016,6787.1,71248.9,9.52590145
WV,West Virginia,2017,7533.2,75172.4,10.02123120
WV,West Virginia,2018,8052.0,79794.3,10.09094635
WV,West Virginia,2019,7289.1,80242.4,9.08385093
WV,West Virginia,2020,7041.9,77430.9,9.09443129
WV,West Virginia,2021,8154.6,86550.5,9.42178266
WV,West Virginia,2022,8677.2,98290.0,8.82816156
WV,West Virginia,2023,8811.9,102151.8,8.62627971
WI,Wisconsin,2000,44281.6,180883.1,24.48078345
WI,Wisconsin,2001,42971.5,188662.8,22.77688023
WI,Wisconsin,2002,43018.9,195541.5,21.99988238
WI,Wisconsin,2003,43600.0,203814.0,21.39205354
WI,Wisconsin,2004,45098.1,216370.4,20.84300810
WI,Wisconsin,2005,46695.4,226937.5,20.57632608
WI,Wisconsin,2006,50114.0,237571.9,21.09424557
WI,Wisconsin,2007,49716.4,245837.7,20.22326112
WI,Wisconsin,2008,46559.3,246493.0,18.88869055
WI,Wisconsin,2009,44686.8,246323.8,18.14148694
WI,Wisconsin,2010,48020.0,256159.5,18.74613278
WI,Wisconsin,2011,50056.1,265444.0,18.85749913
WI,Wisconsin,2012,53966.5,276253.4,19.53514418
WI,Wisconsin,2013,55647.7,283791.4,19.60866326
WI,Wisconsin,2014,56641.2,296169.9,19.12456330
WI,Wisconsin,2015,57972.0,308304.5,18.80348811
WI,Wisconsin,2016,57641.8,315420.0,18.27461797
WI,Wisconsin,2017,56187.8,321886.8,17.45576395
WI,Wisconsin,2018,57579.8,335144.3,17.18059952
WI,Wisconsin,2019,60258.5,346906.6,17.37023741
WI,Wisconsin,2020,58606.8,343272.2,17.07298173
WI,Wisconsin,2021,62041.0,368880.4,16.81873041
WI,Wisconsin,2022,66250.2,400621.4,16.53685999
WI,Wisconsin,2023,71255.4,428447.1,16.63108468
WY,Wyoming,2000,973.9,17153.7,5.67749232
WY,Wyoming,2001,1328.4,18741.7,7.08793759
WY,Wyoming,2002,955.5,19160.8,4.98674377
WY,Wyoming,2003,1145.9,21199.0,5.40544365
WY,Wyoming,2004,1306.4,23418.1,5.57859092
WY,Wyoming,2005,1509.4,27530.2,5.48270626
WY,Wyoming,2006,1891.4,32692.2,5.78547788
WY,Wyoming,2007,2871.9,36912.8,7.78022800
WY,Wyoming,2008,3414.0,42694.6,7.99632740
WY,Wyoming,2009,1555.3,36282.2,4.28667501
WY,Wyoming,2010,1697.6,37567.5,4.51879949
WY,Wyoming,2011,2053.1,39615.1,5.18261976
WY,Wyoming,2012,2511.0,38679.3,6.49184447
WY,Wyoming,2013,1872.9,39365.6,4.75770724
WY,Wyoming,2014,1675.5,40573.9,4.12950197
WY,Wyoming,2015,2213.5,38624.8,5.73077401
WY,Wyoming,2016,1620.3,36105.9,4.48763222
WY,Wyoming,2017,1987.0,37620.3,5.28172290
WY,Wyoming,2018,2565.1,39614.5,6.47515430
WY,Wyoming,2019,2856.8,40029.5,7.13673666
WY,Wyoming,2020,1991.6,36709.6,5.42528385
WY,Wyoming,2021,3182.1,42319.1,7.51929980
WY,Wyoming,2022,4473.5,49782.6,8.98607144
WY,Wyoming,2023,4406.2,51990.5,8.47500986
