state,state_fips,year,measure,n_eligible,n_unweighted,n_yes,n_no,n_missing,weighted_yes,weighted_no,weighted_missing,weighted_denominator,weighted_all_eligible,proportion
AL,01,2010,ANY,844,822,267,555,22,1026872.7339,2407399.7559,96506.9134,3434272.4898,3530779.4032,0.2990073551093790670704396591
AL,01,2010,PEQ5A,844,826,116,710,18,441786.4566,3007076.8691,81916.0775,3448863.3257,3530779.4032,0.1280962493665453169105848166
AL,01,2010,PEQ5B,844,825,67,758,19,255215.4051,3190497.2583,85066.7398,3445712.6634,3530779.4032,0.07406752391482649591843503105
AL,01,2010,PEQ5C,844,826,52,774,18,209889.7369,3238973.5888,81916.0775,3448863.3257,3530779.4032,0.06085765571977243864720539279
AL,01,2010,PEQ5D,844,823,144,679,21,539076.9549,2897702.2377,94000.2106,3436779.1926,3530779.4032,0.1568552777730757493879038099
AL,01,2010,PEQ5E,844,823,37,786,21,131834.2122,3307207.9868,91737.2042,3439042.1990,3530779.4032,0.03833457241040385384349277652
AK,02,2010,ANY,946,888,430,458,58,209333.2186,255462.4403,35336.7680,464795.6589,500132.4269,0.4503768798000707833203043713
AK,02,2010,PEQ5A,946,892,167,725,54,79608.8905,386312.7464,34210.7900,465921.6369,500132.4269,0.1708632615340126952580252664
AK,02,2010,PEQ5B,946,888,136,752,58,62149.6965,401598.2717,36384.4587,463747.9682,500132.4269,0.1340161052160055587710928541
AK,02,2010,PEQ5C,946,889,124,765,57,64564.8441,399607.1780,35960.4048,464172.0221,500132.4269,0.1390968025343206052745849026
AK,02,2010,PEQ5D,946,891,164,727,55,82374.1762,383825.5599,33932.6908,466199.7361,500132.4269,0.1766928846616307640591133316
AK,02,2010,PEQ5E,946,901,99,802,45,44305.1137,427538.5160,28288.7972,471843.6297,500132.4269,0.09389787402273368023813334954
AZ,04,2010,ANY,970,958,339,619,12,1533061.2096,3265504.6246,64017.0988,4798565.8342,4862582.9330,0.3194832086440649129731596004
AZ,04,2010,PEQ5A,970,958,113,845,12,504165.5636,4294400.2706,64017.0988,4798565.8342,4862582.9330,0.1050658844788054695060872027
AZ,04,2010,PEQ5B,970,957,58,899,13,263114.3975,4531812.2882,67656.2473,4794926.6857,4862582.9330,0.05487349749990777007053749372
AZ,04,2010,PEQ5C,970,958,114,844,12,532465.0065,4266884.1359,63233.7906,4799349.1424,4862582.9330,0.1109452533461092167946210056
AZ,04,2010,PEQ5D,970,958,188,770,12,839007.0422,3960342.1002,63233.7906,4799349.1424,4862582.9330,0.1748168381391064181811420780
AZ,04,2010,PEQ5E,970,957,58,899,13,256572.5515,4538354.1342,67656.2473,4794926.6857,4862582.9330,0.05350917090456901957131836444
AR,05,2010,ANY,864,848,254,594,16,572470.9755,1531226.4263,44194.9298,2103697.4018,2147892.3316,0.2721261028369256029377295017
AR,05,2010,PEQ5A,864,850,114,736,14,262746.6730,1844735.2005,40410.4581,2107481.8735,2147892.3316,0.1246732777652049399702701642
AR,05,2010,PEQ5B,864,850,51,799,14,113421.2172,1994563.5422,39907.5722,2107984.7594,2147892.3316,0.05380552050683863212754117790
AR,05,2010,PEQ5C,864,848,73,775,16,166178.9068,1936417.4568,45295.9680,2102596.3636,2147892.3316,0.07903509664378647173267659503
AR,05,2010,PEQ5D,864,848,133,715,16,292708.7616,1809480.9004,45702.6696,2102189.6620,2147892.3316,0.1392399396168279701111002800
AR,05,2010,PEQ5E,864,851,22,829,13,43796.0264,2065918.9188,38177.3864,2109714.9452,2147892.3316,0.02075921512507850058150121313
CA,06,2010,ANY,6092,5986,2007,3979,106,8179491.5730,18697888.4657,550367.3616,26877380.0387,27427747.4003,0.3043262238068805493196778384
CA,06,2010,PEQ5A,6092,6001,871,5130,91,3535745.3186,23424040.7083,467961.3734,26959786.0269,27427747.4003,0.1311488642777837906772559705
CA,06,2010,PEQ5B,6092,5996,293,5703,96,1179184.8774,25756991.8225,491570.7004,26936176.6999,27427747.4003,0.04377699517409156658514974609
CA,06,2010,PEQ5C,6092,5991,624,5367,101,2602411.5027,24308522.5560,516813.3416,26910934.0587,27427747.4003,0.09670461445237980709422071057
CA,06,2010,PEQ5D,6092,5994,860,5134,98,3488896.1486,23429792.7142,509058.5375,26918688.8628,27427747.4003,0.1296086955193959492329334551
CA,06,2010,PEQ5E,6092,5993,379,5614,99,1504043.0841,25407005.8978,516698.4184,26911048.9819,27427747.4003,0.05588942612796694075047768029
CO,08,2010,ANY,1381,1364,658,706,17,1626549.1559,2070348.6867,59025.3822,3696897.8426,3755923.2248,0.4399767656971717696119385866
CO,08,2010,PEQ5A,1381,1367,276,1091,14,678990.6295,3028293.0468,48639.5485,3707283.6763,3755923.2248,0.1831504381066561976704809197
CO,08,2010,PEQ5B,1381,1367,143,1224,14,344034.9391,3364911.0835,46977.2022,3708946.0226,3755923.2248,0.09275814126268379411923124599
CO,08,2010,PEQ5C,1381,1367,197,1170,14,488189.5222,3219094.1541,48639.5485,3707283.6763,3755923.2248,0.1316838863238084816315139342
CO,08,2010,PEQ5D,1381,1365,332,1033,16,828264.0484,2872080.1951,55578.9813,3700344.2435,3755923.2248,0.2238343229430405290344981926
CO,08,2010,PEQ5E,1381,1363,126,1237,18,296295.1280,3398446.3510,61181.7458,3694741.4790,3755923.2248,0.08019373741953760115837322430
CT,09,2010,ANY,1733,1693,696,997,40,978977.6747,1607226.1480,64590.0107,2586203.8227,2650793.8334,0.3785384841315198787560743481
CT,09,2010,PEQ5A,1733,1694,269,1425,39,376538.6435,2212490.4618,61764.7281,2589029.1053,2650793.8334,0.1454362342737622989054313124
CT,09,2010,PEQ5B,1733,1694,160,1534,39,223918.1630,2365449.7194,61425.9510,2589367.8824,2650793.8334,0.08647599459388428537032664324
CT,09,2010,PEQ5C,1733,1693,241,1452,40,341862.6751,2244679.9247,64251.2336,2586542.5998,2650793.8334,0.1321697447111189852207436278
CT,09,2010,PEQ5D,1733,1693,315,1378,40,445361.7907,2142795.6275,62636.4152,2588157.4182,2650793.8334,0.1720767784711249137419256533
CT,09,2010,PEQ5E,1733,1694,110,1584,39,151239.7610,2438544.7466,61009.3258,2589784.5076,2650793.8334,0.05839858897764301383760428516
DE,10,2010,ANY,1168,1136,420,716,32,215676.4122,433563.1304,19332.1868,649239.5426,668571.7294,0.3321985154143320659778925795
DE,10,2010,PEQ5A,1168,1141,209,932,27,105080.0211,547402.3315,16089.3768,652482.3526,668571.7294,0.1610465335671976609409987589
DE,10,2010,PEQ5B,1168,1140,97,1043,28,48265.1714,603651.5536,16655.0044,651916.7250,668571.7294,0.07403579253163047780374096093
DE,10,2010,PEQ5C,1168,1140,86,1054,28,46096.4238,605436.1117,17039.1939,651532.5355,668571.7294,0.07075076268389976666023304066
DE,10,2010,PEQ5D,1168,1138,219,919,30,113061.0538,537342.3552,18168.3204,650403.4090,668571.7294,0.1738321974262591849360986360
DE,10,2010,PEQ5E,1168,1143,46,1097,25,23932.2017,629445.0094,15194.5183,653377.2111,668571.7294,0.03662846100755288494328081410
DC,11,2010,ANY,947,926,384,542,21,174750.1224,303788.5886,12013.5416,478538.7110,490552.2526,0.3651744746727501424644410847
DC,11,2010,PEQ5A,947,924,180,744,23,81656.5689,396046.2104,12849.4733,477702.7793,490552.2526,0.1709359301188390636604361912
DC,11,2010,PEQ5B,947,924,76,848,23,33803.9728,443893.4725,12854.8073,477697.4453,490552.2526,0.07076439937578205005317829360
DC,11,2010,PEQ5C,947,925,118,807,22,53304.4234,424764.8980,12482.9312,478069.3214,490552.2526,0.1114993600591246807413315018
DC,11,2010,PEQ5D,947,924,152,772,23,72266.1422,404805.8226,13480.2878,477071.9648,490552.2526,0.1514784928313607750274576604
DC,11,2010,PEQ5E,947,927,84,843,20,35247.5197,443505.1947,11799.5382,478752.7144,490552.2526,0.07362364460778919397809267021
FL,12,2010,ANY,2750,2694,839,1855,56,3957104.6743,9980848.5566,330811.1305,13937953.2309,14268764.3614,0.2839085917957612681258663442
FL,12,2010,PEQ5A,2750,2701,326,2375,49,1522221.6399,12464634.5507,281908.1708,13986856.1906,14268764.3614,0.1088322936302886677368366364
FL,12,2010,PEQ5B,2750,2699,196,2503,51,894724.4343,13084333.8625,289706.0646,13979058.2968,14268764.3614,0.06400462858823722135005038990
FL,12,2010,PEQ5C,2750,2699,210,2489,51,1010514.5024,12957897.9710,300351.8880,13968412.4734,14268764.3614,0.07234283096409984338915075955
FL,12,2010,PEQ5D,2750,2690,356,2334,60,1673649.0791,12255068.2944,340046.9879,13928717.3735,14268764.3614,0.1201581620346602260677997524
FL,12,2010,PEQ5E,2750,2697,131,2566,53,623467.0107,13334951.6006,310345.7501,13958418.6113,14268764.3614,0.04466602041833549606205454352
GA,13,2010,ANY,1512,1498,526,972,14,2306746.7226,4786132.5477,75999.7357,7092879.2703,7168879.0060,0.3252200742030160028001005576
GA,13,2010,PEQ5A,1512,1500,292,1208,12,1273754.5825,5833418.2031,61706.2204,7107172.7856,7168879.0060,0.1792209955948703451485143249
GA,13,2010,PEQ5B,1512,1501,83,1418,11,374187.5617,6734886.4771,59804.9672,7109074.0388,7168879.0060,0.05263520391794403715361119584
GA,13,2010,PEQ5C,1512,1501,137,1364,11,601965.3091,6509049.4037,57864.2932,7111014.7128,7168879.0060,0.08465251914279515622042266350
GA,13,2010,PEQ5D,1512,1498,293,1205,14,1281917.0784,5812142.3143,74819.6133,7094059.3927,7168879.0060,0.1807028962457138634325096295
GA,13,2010,PEQ5E,1512,1499,79,1420,13,364622.2706,6734272.7943,69983.9411,7098895.0649,7168879.0060,0.05136324276757517111950118918
HI,15,2010,ANY,1146,1095,361,734,51,271821.3479,633830.7517,64248.3193,905652.0996,969900.4189,0.3001388149158551346221601582
HI,15,2010,PEQ5A,1146,1099,157,942,47,114954.2755,794889.8590,60056.2844,909844.1345,969900.4189,0.1263450201425681664379625673
HI,15,2010,PEQ5B,1146,1095,57,1038,51,46696.3874,859246.0049,63958.0266,905942.3923,969900.4189,0.05154454388810258570345080429
HI,15,2010,PEQ5C,1146,1096,127,969,50,95852.8676,810842.5796,63204.9717,906695.4472,969900.4189,0.1057167187681451501171715600
HI,15,2010,PEQ5D,1146,1094,163,931,52,121753.3882,783910.3358,64236.6949,905663.7240,969900.4189,0.1344355360312521471821697918
HI,15,2010,PEQ5E,1146,1099,51,1048,47,36949.8477,875516.8931,57433.6781,912466.7408,969900.4189,0.04049445974064154076178904602
ID,16,2010,ANY,959,941,425,516,18,450211.0968,648145.8869,25348.4474,1098356.9837,1123705.4311,0.4098950555068064434067839760
ID,16,2010,PEQ5A,959,943,189,754,16,200089.0755,900554.4691,23061.8865,1100643.5446,1123705.4311,0.1817928033846027065500493919
ID,16,2010,PEQ5B,959,944,95,849,15,97477.5745,1004636.3932,21591.4634,1102113.9677,1123705.4311,0.08844600227998725507850216859
ID,16,2010,PEQ5C,959,943,136,807,16,147869.5300,953023.3510,22812.5501,1100892.8810,1123705.4311,0.1343178183382221362552348088
ID,16,2010,PEQ5D,959,940,216,724,19,227571.8074,869937.2047,26196.4190,1097509.0121,1123705.4311,0.2073530193292523943913407798
ID,16,2010,PEQ5E,959,943,63,880,16,67641.5458,1033251.3352,22812.5501,1100892.8810,1123705.4311,0.06144244091991725759919779152
IL,17,2010,ANY,2329,2270,828,1442,59,3149560.0766,6226277.7810,275978.7440,9375837.8576,9651816.6016,0.3359230528978255311845571181
IL,17,2010,PEQ5A,2329,2276,331,1945,53,1287740.8031,8123151.6529,240924.1456,9410892.4560,9651816.6016,0.1368351417382300601650823923
IL,17,2010,PEQ5B,2329,2279,159,2120,50,583030.3489,8844994.7996,223791.4531,9428025.1485,9651816.6016,0.06184013509899898842001906228
IL,17,2010,PEQ5C,2329,2279,194,2085,50,743754.1074,8675709.9134,232352.5808,9419464.0208,9651816.6016,0.07895928109684871168736849537
IL,17,2010,PEQ5D,2329,2277,440,1837,52,1664315.4491,7742383.6761,245117.4764,9406699.1252,9651816.6016,0.1769287426916202394707373988
IL,17,2010,PEQ5E,2329,2279,119,2160,50,443198.0732,8975029.2309,233589.2975,9418227.3041,9651816.6016,0.04705748320674574490810414460
IN,18,2010,ANY,1147,1138,441,697,9,1735101.4543,3000241.0543,57773.2342,4735342.5086,4793115.7428,0.3664151961867234128881234355
IN,18,2010,PEQ5A,1147,1137,164,973,10,665858.3455,4066803.9660,60453.4313,4732662.3115,4793115.7428,0.1406942438893255061263840185
IN,18,2010,PEQ5B,1147,1137,119,1018,10,458555.3225,4274106.9890,60453.4313,4732662.3115,4793115.7428,0.09689162089290553431872507686
IN,18,2010,PEQ5C,1147,1137,81,1056,10,339983.7064,4392678.6051,60453.4313,4732662.3115,4793115.7428,0.07183772769374779424297828438
IN,18,2010,PEQ5D,1147,1136,251,885,11,962766.9662,3765849.4128,64499.3638,4728616.3790,4793115.7428,0.2036043715611382227545255474
IN,18,2010,PEQ5E,1147,1138,55,1083,9,207260.5621,4528081.9465,57773.2342,4735342.5086,4793115.7428,0.04376886396783078940470625116
IA,19,2010,ANY,1525,1496,681,815,29,944637.6991,1297610.3592,44981.7903,2242248.0583,2287229.8486,0.4212904525006897627781524747
IA,19,2010,PEQ5A,1525,1501,191,1310,24,268045.8892,1981784.6375,37399.3219,2249830.5267,2287229.8486,0.1191404801468151401094596944
IA,19,2010,PEQ5B,1525,1499,195,1304,26,272880.6093,1973976.5189,40372.7204,2246857.1282,2287229.8486,0.1214499159181562419381250269
IA,19,2010,PEQ5C,1525,1499,173,1326,26,239706.3447,2007336.2971,40187.2068,2247042.6418,2287229.8486,0.1066763666344945461550786668
IA,19,2010,PEQ5D,1525,1497,396,1101,28,548120.8359,1695520.5662,43588.4465,2243641.4021,2287229.8486,0.2442996618742062390470094276
IA,19,2010,PEQ5E,1525,1500,100,1400,25,141901.3804,2106530.5989,38797.8693,2248431.9793,2287229.8486,0.06311126229585912739379440297
KS,20,2010,ANY,1206,1195,556,639,11,889339.9558,1160949.9748,20595.9947,2050289.9306,2070885.9253,0.4337630217691905587901344590
KS,20,2010,PEQ5A,1206,1195,204,991,11,326509.4469,1723780.4837,20595.9947,2050289.9306,2070885.9253,0.1592503782157530145361188948
KS,20,2010,PEQ5B,1206,1196,150,1046,10,236883.9009,1814625.8381,19376.1863,2051509.7390,2070885.9253,0.1154680849896759861299395957
KS,20,2010,PEQ5C,1206,1196,152,1044,10,257672.0047,1794740.4450,18473.4756,2052412.4497,2070885.9253,0.1255459177991557083663893739
KS,20,2010,PEQ5D,1206,1196,323,873,10,516524.5345,1535887.9152,18473.4756,2052412.4497,2070885.9253,0.2516670246155932777472081615
KS,20,2010,PEQ5E,1206,1196,89,1107,10,140269.2673,1912143.1824,18473.4756,2052412.4497,2070885.9253,0.06834360575063900130073353452
KY,21,2010,ANY,1249,1233,360,873,16,844925.0311,2374913.9968,48625.3399,3219839.0279,3268464.3678,0.2624121963174865956782696217
KY,21,2010,PEQ5A,1249,1233,143,1090,16,331713.6291,2888559.9290,48190.8097,3220273.5581,3268464.3678,0.1030079038675568349380721514
KY,21,2010,PEQ5B,1249,1233,76,1157,16,173746.0856,3046659.3077,48058.9745,3220405.3933,3268464.3678,0.05395161924690470614484174296
KY,21,2010,PEQ5C,1249,1234,79,1155,15,182169.1192,3040890.8545,45404.3941,3223059.9737,3268464.3678,0.05652054900823764959903017147
KY,21,2010,PEQ5D,1249,1235,194,1041,14,454237.6376,2770774.4447,43452.2855,3225012.0823,3268464.3678,0.1408483521947145047444773103
KY,21,2010,PEQ5E,1249,1236,39,1197,13,91320.9931,3136683.2606,40460.1141,3228004.2537,3268464.3678,0.02829023319759450043131149793
LA,22,2010,ANY,780,772,259,513,8,1017721.6183,2278787.4286,34284.8965,3296509.0469,3330793.9434,0.3087270818373921811911651696
LA,22,2010,PEQ5A,780,773,111,662,7,443905.2000,2858339.1909,28549.5525,3302244.3909,3330793.9434,0.1344253021439813023864102402
LA,22,2010,PEQ5B,780,771,61,710,9,230883.8148,3062701.0542,37209.0744,3293584.8690,3330793.9434,0.07010106737285961219905033514
LA,22,2010,PEQ5C,780,773,68,705,7,283735.1176,3017802.8437,29255.9821,3301537.9613,3330793.9434,0.08594028629259729239024818600
LA,22,2010,PEQ5D,780,773,140,633,7,549000.8571,2752537.1042,29255.9821,3301537.9613,3330793.9434,0.1662863985013298717147783958
LA,22,2010,PEQ5E,780,773,31,742,7,117015.6985,3184522.2628,29255.9821,3301537.9613,3330793.9434,0.03544278450577753773350199522
ME,23,2010,ANY,1543,1527,644,883,16,400422.1446,625164.8261,11956.1690,1025586.9707,1037543.1397,0.3904321681531284297545337371
ME,23,2010,PEQ5A,1543,1528,249,1279,15,158209.6588,867778.6301,11554.8508,1025988.2889,1037543.1397,0.1542022072879822322502145278
ME,23,2010,PEQ5B,1543,1528,173,1355,15,104795.4904,921566.4543,11181.1950,1026361.9447,1037543.1397,0.1021038347545428045136288070
ME,23,2010,PEQ5C,1543,1529,194,1335,14,120290.4270,906790.4300,10462.2827,1027080.8570,1037543.1397,0.1171187508560487171069920934
ME,23,2010,PEQ5D,1543,1528,241,1287,15,147779.0504,878782.6876,10981.4017,1026561.7380,1037543.1397,0.1439553462102636831375844635
ME,23,2010,PEQ5E,1543,1528,150,1378,15,92886.1524,933524.3835,11132.6038,1026410.5359,1037543.1397,0.09049610185319610766867616289
MD,24,2010,ANY,1696,1669,674,995,27,1553688.1975,2667761.0354,71281.6567,4221449.2329,4292730.8896,0.3680461641919749260713654762
MD,24,2010,PEQ5A,1696,1673,328,1345,23,759109.6183,3471251.0457,62370.2256,4230360.6640,4292730.8896,0.1794432386722854607178713120
MD,24,2010,PEQ5B,1696,1672,137,1535,24,298645.6104,3930371.8785,63713.4007,4229017.4889,4292730.8896,0.07061820178891717517295226242
MD,24,2010,PEQ5C,1696,1670,213,1457,26,483527.5231,3740311.4509,68891.9156,4223838.9740,4292730.8896,0.1144758420186877133541028783
MD,24,2010,PEQ5D,1696,1669,326,1343,27,770827.5064,3452242.3105,69661.0727,4223069.8169,4292730.8896,0.1825277676715835306227328595
MD,24,2010,PEQ5E,1696,1671,111,1560,25,242311.3136,3984767.7558,65651.8202,4227079.0694,4292730.8896,0.05732358198693315410164775850
MA,25,2010,ANY,1200,1185,458,727,15,1769358.3329,3294088.7234,61143.4015,5063447.0563,5124590.4578,0.3494375103021060889926224546
MA,25,2010,PEQ5A,1200,1185,179,1006,15,701301.5513,4362619.7293,60669.1772,5063921.2806,5124590.4578,0.1384898209193540440360849317
MA,25,2010,PEQ5B,1200,1187,95,1092,13,360795.4047,4710144.7355,53650.3176,5070940.1402,5124590.4578,0.07114960830237094424457666959
MA,25,2010,PEQ5C,1200,1187,160,1027,13,636282.3454,4434657.7948,53650.3176,5070940.1402,5124590.4578,0.1254762091068392612062330808
MA,25,2010,PEQ5D,1200,1183,186,997,17,696734.1229,4356616.3559,71239.9790,5053350.4788,5124590.4578,0.1378756778938972017378609849
MA,25,2010,PEQ5E,1200,1184,96,1088,16,366118.3524,4691174.7456,67297.3598,5057293.0980,5124590.4578,0.07239413364133240908711911876
MI,26,2010,ANY,1866,1818,687,1131,48,2522574.9809,4813361.2976,205272.4033,7335936.2785,7541208.6818,0.3438654433644832810688923980
MI,26,2010,PEQ5A,1866,1829,251,1578,37,930066.6670,6449492.5059,161649.5089,7379559.1729,7541208.6818,0.1260328219083179756475721666
MI,26,2010,PEQ5B,1866,1826,149,1677,40,517665.8438,6851007.0361,172535.8019,7368672.8799,7541208.6818,0.07025224924993891504178075164
MI,26,2010,PEQ5C,1866,1828,203,1625,38,768164.7937,6607545.1420,165498.7461,7375709.9357,7541208.6818,0.1041479125937314210804018021
MI,26,2010,PEQ5D,1866,1820,358,1462,46,1305453.1332,6040871.4387,194884.1099,7346324.5719,7541208.6818,0.1777015323000311009441202661
MI,26,2010,PEQ5E,1866,1819,118,1701,47,402898.9362,6937537.1496,200772.5960,7340436.0858,7541208.6818,0.05488760224742014332273337754
MN,27,2010,ANY,1893,1873,907,966,20,1773072.7940,2168762.8456,47075.6713,3941835.6396,3988911.3109,0.4498089103938193537053533114
MN,27,2010,PEQ5A,1893,1875,312,1563,18,592964.3984,3353926.7376,42020.1749,3946891.1360,3988911.3109,0.1502358129393310938282742643
MN,27,2010,PEQ5B,1893,1874,198,1676,19,376684.1083,3567129.4945,45097.7081,3943813.6028,3988911.3109,0.09551265506883098273388814531
MN,27,2010,PEQ5C,1893,1873,281,1592,20,563967.3090,3378070.5637,46873.4382,3942037.8727,3988911.3109,0.1430649139384662310121696462
MN,27,2010,PEQ5D,1893,1872,539,1333,21,1038070.8877,2901788.9743,49051.4489,3939859.8620,3988911.3109,0.2634791398831738447249370719
MN,27,2010,PEQ5E,1893,1872,176,1696,21,331332.1317,3608729.9634,48849.2158,3940062.0951,3988911.3109,0.08409312434747064248114417998
MS,28,2010,ANY,753,746,289,457,7,772765.8966,1325805.0170,23141.8012,2098570.9136,2121712.7148,0.3682343501437158201543082704
MS,28,2010,PEQ5A,753,746,111,635,7,303949.9884,1794195.5675,23567.1589,2098145.5559,2121712.7148,0.1448660163472884440981695382
MS,28,2010,PEQ5B,753,745,60,685,8,149595.1598,1945968.3714,26149.1836,2095563.5312,2121712.7148,0.07138660201551421234238741747
MS,28,2010,PEQ5C,753,746,53,693,7,152596.9604,1946019.7262,23096.0282,2098616.6866,2121712.7148,0.07271311687091585903718030601
MS,28,2010,PEQ5D,753,747,170,577,6,437689.5367,1664742.5245,19280.6536,2102432.0612,2121712.7148,0.2081824876900807033792583794
MS,28,2010,PEQ5E,753,747,43,704,6,116054.7554,1985545.5044,20112.4550,2101600.2598,2121712.7148,0.05522208843419367377069069013
MO,29,2010,ANY,1274,1239,468,771,35,1532945.1307,2856676.2590,124613.8933,4389621.3897,4514235.2830,0.3492203528753002786562852255
MO,29,2010,PEQ5A,1274,1242,167,1075,32,537983.4102,3870853.1785,105398.6943,4408836.5887,4514235.2830,0.1220238943713336997783203867
MO,29,2010,PEQ5B,1274,1243,94,1149,31,315362.0290,4097375.2849,101497.9691,4412737.3139,4514235.2830,0.07146630460114141987199969139
MO,29,2010,PEQ5C,1274,1241,122,1119,33,396521.4719,4007169.6394,110544.1717,4403691.1113,4514235.2830,0.09004298028136313258225505459
MO,29,2010,PEQ5D,1274,1241,261,980,33,866362.5635,3532305.0288,115567.6907,4398667.5923,4514235.2830,0.1969602260958736097581519447
MO,29,2010,PEQ5E,1274,1242,83,1159,32,266196.4551,4135804.4226,112234.4053,4402000.8777,4514235.2830,0.06047169514402389188783055203
MT,30,2010,ANY,731,707,298,409,24,276465.9063,448929.6286,28815.1167,725395.5349,754210.6516,0.3811243562977161634028690518
MT,30,2010,PEQ5A,731,706,96,610,25,90970.8502,633482.9461,29756.8553,724453.7963,754210.6516,0.1255716384738613592106039461
MT,30,2010,PEQ5B,731,704,97,607,27,89760.1895,632148.9355,32301.5266,721909.1250,754210.6516,0.1243372418931537955002300324
MT,30,2010,PEQ5C,731,705,102,603,26,92783.7446,629677.3213,31749.5857,722461.0659,754210.6516,0.1284273284462954476284948271
MT,30,2010,PEQ5D,731,701,109,592,30,97458.5003,621165.8163,35586.3350,718624.3166,754210.6516,0.1356181499132978267493265618
MT,30,2010,PEQ5E,731,703,65,638,28,60107.0353,660623.3678,33480.2485,720730.4031,754210.6516,0.08339739109307459156914813935
NE,31,2010,ANY,1176,1152,575,577,24,599504.6786,692513.2836,30945.6979,1292017.9622,1322963.6601,0.4640064582222880182803080847
NE,31,2010,PEQ5A,1176,1153,190,963,23,196999.2036,1097299.3408,28665.1157,1294298.5444,1322963.6601,0.1522053814031933635851503010
NE,31,2010,PEQ5B,1176,1152,170,982,24,171397.4669,1121302.8068,30263.3864,1292700.2737,1322963.6601,0.1325887140175361440398834813
NE,31,2010,PEQ5C,1176,1151,151,1000,25,159502.7394,1131686.4519,31774.4688,1291189.1913,1322963.6601,0.1235316563015903554830199112
NE,31,2010,PEQ5D,1176,1151,362,789,25,373815.1649,916967.9245,32180.5707,1290783.0894,1322963.6601,0.2896033950009075785154146597
NE,31,2010,PEQ5E,1176,1150,101,1049,26,102826.5374,1186835.1960,33301.9267,1289661.7334,1322963.6601,0.07973140144967567198501169392
NV,32,2010,ANY,1115,1097,317,780,18,501209.3369,1422748.2589,35518.7518,1923957.5958,1959476.3476,0.2605095548852740468491358629
NV,32,2010,PEQ5A,1115,1104,108,996,11,167467.6558,1769896.2526,22112.4392,1937363.9084,1959476.3476,0.08644099080915860835595609571
NV,32,2010,PEQ5B,1115,1104,49,1055,11,67859.2801,1869504.6283,22112.4392,1937363.9084,1959476.3476,0.03502660486539287695548566461
NV,32,2010,PEQ5C,1115,1100,83,1017,15,137865.3570,1791649.8857,29961.1049,1929515.2427,1959476.3476,0.07145077372235884021814263121
NV,32,2010,PEQ5D,1115,1100,132,968,15,213638.0887,1716267.8514,29570.4075,1929905.9401,1959476.3476,0.1106987051860828665470565438
NV,32,2010,PEQ5E,1115,1102,80,1022,13,126810.1555,1806523.3382,26142.8539,1933333.4937,1959476.3476,0.06559145430068126481762818901
NH,33,2010,ANY,1648,1620,636,984,28,366179.6586,641473.2019,17945.4126,1007652.8605,1025598.2731,0.3633986196578657953405373179
NH,33,2010,PEQ5A,1648,1627,201,1426,21,117509.8445,894513.4401,13574.9885,1012023.2846,1025598.2731,0.1161137755308125249433613674
NH,33,2010,PEQ5B,1648,1623,154,1469,25,87107.2965,922794.5153,15696.4613,1009901.8118,1025598.2731,0.08625323321753842604602405170
NH,33,2010,PEQ5C,1648,1625,201,1424,23,116555.1566,894385.9473,14657.1692,1010941.1039,1025598.2731,0.1152937160734235726627872451
NH,33,2010,PEQ5D,1648,1615,244,1371,33,138381.8475,866705.9252,20510.5004,1005087.7727,1025598.2731,0.1376813560553625467460629073
NH,33,2010,PEQ5E,1648,1625,124,1501,23,70863.3347,939917.1833,14817.7551,1010780.5180,1025598.2731,0.07010753911266026201743631153
NJ,34,2010,ANY,1509,1488,590,898,21,2309927.4681,4162770.1598,117237.9384,6472697.6279,6589935.5663,0.3568724511621334839706517105
NJ,34,2010,PEQ5A,1509,1489,254,1235,20,997707.7853,5474635.7243,117592.0567,6472343.5096,6589935.5663,0.1541493871300504807186941461
NJ,34,2010,PEQ5B,1509,1488,106,1382,21,399269.6694,6069246.4993,121419.3976,6468516.1687,6589935.5663,0.06172507867136437911583263351
NJ,34,2010,PEQ5C,1509,1489,145,1344,20,581567.1976,5894854.5452,113513.8235,6476421.7428,6589935.5663,0.08979761057817811141821985299
NJ,34,2010,PEQ5D,1509,1489,290,1199,20,1172310.0044,5310075.1448,107550.4171,6482385.1492,6589935.5663,0.1808454723713348593452624282
NJ,34,2010,PEQ5E,1509,1489,98,1391,20,350454.5488,6125967.1940,113513.8235,6476421.7428,6589935.5663,0.05411237296113538086369602817
NM,35,2010,ANY,545,529,202,327,16,484717.1978,956105.8736,41450.0351,1440823.0714,1482273.1065,0.3364168768681753356326773211
NM,35,2010,PEQ5A,545,534,93,441,11,217654.5168,1237598.1941,27020.3956,1455252.7109,1482273.1065,0.1495647561208745108546906195
NM,35,2010,PEQ5B,545,531,23,508,14,49468.5465,1397378.2179,35426.3421,1446846.7644,1482273.1065,0.03419059137234505605948328166
NM,35,2010,PEQ5C,545,532,49,483,13,126219.7414,1323582.1029,32471.2622,1449801.8443,1482273.1065,0.08705999505811223225521454801
NM,35,2010,PEQ5D,545,530,89,441,15,220201.2630,1223850.8024,38221.0411,1444052.0654,1482273.1065,0.1524884512657821790474619268
NM,35,2010,PEQ5E,545,533,44,489,12,102407.7215,1349847.2195,30018.1655,1452254.9410,1482273.1065,0.07051635261057101130565201499
NY,36,2010,ANY,3064,2985,968,2017,79,4138119.7761,10431290.1650,457190.1166,14569409.9411,15026600.0577,0.2840279594595283413786981976
NY,36,2010,PEQ5A,3064,2995,383,2612,69,1640849.9643,12986811.2018,398938.8916,14627661.1661,15026600.0577,0.1121744580810166787939048938
NY,36,2010,PEQ5B,3064,2994,191,2803,70,752037.0914,13868659.6932,405903.2731,14620696.7846,15026600.0577,0.05143647409418419107428837062
NY,36,2010,PEQ5C,3064,2994,268,2726,70,1170120.9785,13448853.5190,407625.5602,14618974.4975,15026600.0577,0.08004124904247579901081224935
NY,36,2010,PEQ5D,3064,2988,483,2505,76,2087827.7372,12500747.8000,438024.5205,14588575.5372,15026600.0577,0.1431138860594143299727781458
NY,36,2010,PEQ5E,3064,2991,176,2815,73,717504.0943,13886101.2537,422994.7097,14603605.3480,15026600.0577,0.04913198331522044086397068254
NC,37,2010,ANY,1586,1572,501,1071,14,2018226.1580,4961735.9504,69288.9830,6979962.1084,7049251.0914,0.2891457183658885433957494175
NC,37,2010,PEQ5A,1586,1574,234,1340,12,960008.3431,6028362.5984,60880.1499,6988370.9415,7049251.0914,0.1373722647432824455773774841
NC,37,2010,PEQ5B,1586,1575,94,1481,11,375752.3434,6615704.2285,57794.5195,6991456.5719,7049251.0914,0.05374450081120727729253507658
NC,37,2010,PEQ5C,1586,1573,118,1455,13,484913.9886,6495993.8299,68343.2729,6980907.8185,7049251.0914,0.06946288379785457841739297850
NC,37,2010,PEQ5D,1586,1574,271,1303,12,1100754.4306,5886503.9102,61992.7506,6987258.3408,7049251.0914,0.1575373883304807203300880705
NC,37,2010,PEQ5E,1586,1574,84,1490,12,338588.6931,6648657.2768,62005.1215,6987245.9699,7049251.0914,0.04845810417417519515452488350
ND,38,2010,ANY,1121,1097,446,651,24,175457.9983,303649.8997,11246.9308,479107.8980,490354.8288,0.3662181296372617927496574060
ND,38,2010,PEQ5A,1121,1100,128,972,21,51058.3067,429935.4514,9361.0707,480993.7581,490354.8288,0.1061517033021140155207348833
ND,38,2010,PEQ5B,1121,1099,133,966,22,51131.2144,429440.3179,9783.2965,480571.5323,490354.8288,0.1063966776294210384296623057
ND,38,2010,PEQ5C,1121,1099,121,978,22,50863.6799,429464.1012,10027.0477,480327.7811,490354.8288,0.1058936873972122617248298903
ND,38,2010,PEQ5D,1121,1099,237,862,22,91333.1670,388704.8424,10316.8194,480038.0094,490354.8288,0.1902623650867926459658383876
ND,38,2010,PEQ5E,1121,1096,116,980,25,43753.6435,435004.1398,11597.0455,478757.7833,490354.8288,0.09138993667823676716401072032
OH,39,2010,ANY,2277,2206,873,1333,71,3059849.7184,5289987.0787,318191.6200,8349836.7971,8668028.4171,0.3664562305532394439858266916
OH,39,2010,PEQ5A,2277,2224,339,1885,53,1197893.1517,7233084.5620,237050.7034,8430977.7137,8668028.4171,0.1420823530055679976266238295
OH,39,2010,PEQ5B,2277,2220,195,2025,57,673115.5439,7744045.7213,250867.1519,8417161.2652,8668028.4171,0.07996942468988160880413209931
OH,39,2010,PEQ5C,2277,2220,273,1947,57,993782.4598,7421516.6045,252729.3528,8415299.0643,8668028.4171,0.1180923520610095687006587327
OH,39,2010,PEQ5D,2277,2210,448,1762,67,1567926.2995,6798508.7444,301593.3732,8366435.0439,8668028.4171,0.1874067379084214729236882063
OH,39,2010,PEQ5E,2277,2215,133,2082,62,467179.8031,7931668.1683,269180.4457,8398847.9714,8668028.4171,0.05562427188715097308256058809
OK,40,2010,ANY,950,933,385,548,17,1030808.7389,1624653.1172,49536.7970,2655461.8561,2704998.6531,0.3881843516343778220840549019
OK,40,2010,PEQ5A,950,938,135,803,12,358146.9896,2311077.3442,35774.3193,2669224.3338,2704998.6531,0.1341764291089500032340818607
OK,40,2010,PEQ5B,950,936,67,869,14,171553.8833,2492112.3911,41332.3787,2663666.2744,2704998.6531,0.06440517152947138729594901387
OK,40,2010,PEQ5C,950,934,91,843,16,252691.4554,2405967.6162,46339.5815,2658659.0716,2704998.6531,0.09504470057829884862774896602
OK,40,2010,PEQ5D,950,932,232,700,18,619956.5643,2032749.9940,52292.0948,2652706.5583,2704998.6531,0.2337071781875874740246047817
OK,40,2010,PEQ5E,950,934,51,883,16,126493.3961,2531943.8300,46561.4270,2658437.2261,2704998.6531,0.04758186308035163426197254002
OR,41,2010,ANY,1165,1139,510,629,26,1196208.5486,1723886.9518,71702.2245,2920095.5004,2991797.7249,0.4096470640895618565776959203
OR,41,2010,PEQ5A,1165,1141,202,939,24,477673.3426,2448188.7404,65935.6419,2925862.0830,2991797.7249,0.1632590084732302127447884904
OR,41,2010,PEQ5B,1165,1141,126,1015,24,302053.3342,2624151.7908,65592.5999,2926205.1250,2991797.7249,0.1032235681700543805861866912
OR,41,2010,PEQ5C,1165,1141,172,969,24,398255.5029,2527312.7448,66229.4772,2925568.2477,2991797.7249,0.1361292812817124833604338958
OR,41,2010,PEQ5D,1165,1134,211,923,31,485162.9088,2419620.9487,87013.8674,2904783.8575,2991797.7249,0.1670220342031076575548616357
OR,41,2010,PEQ5E,1165,1142,122,1020,23,280282.5482,2648776.7181,62738.4586,2929059.2663,2991797.7249,0.09569029600212019444995550379
PA,42,2010,ANY,2247,2226,912,1314,21,3582128.9317,5976077.7050,100234.7916,9558206.6367,9658441.4283,0.3747699822627752836976914778
PA,42,2010,PEQ5A,2247,2229,297,1932,18,1190666.5797,8380863.1595,86911.6891,9571529.7392,9658441.4283,0.1243966860201718757670743549
PA,42,2010,PEQ5B,2247,2228,236,1992,19,895782.8126,8671410.1719,91248.4438,9567192.9845,9658441.4283,0.09363068290263148083150281936
PA,42,2010,PEQ5C,2247,2226,239,1987,21,963232.7446,8593799.1996,101409.4841,9557031.9442,9658441.4283,0.1007878544535544380837416517
PA,42,2010,PEQ5D,2247,2228,495,1733,19,1933064.0641,7635303.6129,90073.7513,9568367.6770,9658441.4283,0.2020265242050229796996125612
PA,42,2010,PEQ5E,2247,2227,160,2067,20,606096.9348,8957456.7185,94887.7750,9563553.6533,9658441.4283,0.06337570287911337021661669439
RI,44,2010,ANY,1345,1317,491,826,28,276978.2032,518901.0336,19151.6998,795879.2368,815030.9366,0.3480153651371144803811773470
RI,44,2010,PEQ5A,1345,1320,168,1152,25,97762.8227,700149.7961,17118.3178,797912.6188,815030.9366,0.1225232192054160805809780233
RI,44,2010,PEQ5B,1345,1318,106,1212,27,60113.5534,736692.8485,18224.5347,796806.4019,815030.9366,0.07544311046781011060046805580
RI,44,2010,PEQ5C,1345,1319,166,1153,26,95430.7229,701830.9192,17769.2945,797261.6421,815030.9366,0.1196981240043531250178529064
RI,44,2010,PEQ5D,1345,1317,177,1140,28,97517.7265,698361.5103,19151.6998,795879.2368,815030.9366,0.1225282957400554214332533018
RI,44,2010,PEQ5E,1345,1319,104,1215,26,58854.1904,738407.4517,17769.2945,797261.6421,815030.9366,0.07382042141771315502248719060
SC,45,2010,ANY,1094,1086,418,668,8,1209811.2552,2231857.3285,30360.4366,3441668.5837,3472029.0203,0.3515188129762861687245147747
SC,45,2010,PEQ5A,1094,1087,202,885,7,588323.9875,2857435.5276,26269.5052,3445759.5151,3472029.0203,0.1707385512314042452486297714
SC,45,2010,PEQ5B,1094,1087,93,994,7,272440.6094,3173318.9057,26269.5052,3445759.5151,3472029.0203,0.07906547401410671359593977023
SC,45,2010,PEQ5C,1094,1087,83,1004,7,247802.7459,3197390.9520,26835.3224,3445193.6979,3472029.0203,0.07192708672695148668320104093
SC,45,2010,PEQ5D,1094,1086,276,810,8,788186.0195,2654679.6629,29163.3379,3442865.6824,3472029.0203,0.2289331307722003508852309213
SC,45,2010,PEQ5E,1094,1086,39,1047,8,116212.8567,3325455.7270,30360.4366,3441668.5837,3472029.0203,0.03376642865916630879115172021
SD,46,2010,ANY,1209,1152,565,587,57,249596.3987,309897.9556,44412.2441,559494.3543,603906.5984,0.4461106654280318267011331664
SD,46,2010,PEQ5A,1209,1153,168,985,56,76031.6899,484021.9297,43852.9788,560053.6196,603906.5984,0.1357578761017617392432972680
SD,46,2010,PEQ5B,1209,1152,163,989,57,69389.4982,490104.8561,44412.2441,559494.3543,603906.5984,0.1240218023054321282898421554
SD,46,2010,PEQ5C,1209,1152,138,1014,57,61805.5975,497688.7568,44412.2441,559494.3543,603906.5984,0.1104668832223102916840281689
SD,46,2010,PEQ5D,1209,1152,382,770,57,168909.1370,390585.2173,44412.2441,559494.3543,603906.5984,0.3018960525729115476080863824
SD,46,2010,PEQ5E,1209,1152,116,1036,57,50975.6475,508518.7068,44412.2441,559494.3543,603906.5984,0.09111020890242430816249614478
TN,47,2010,ANY,1048,1024,357,667,24,1536948.6776,3108432.5008,108529.0532,4645381.1784,4753910.2316,0.3308552341724879452574827697
TN,47,2010,PEQ5A,1048,1031,144,887,17,650858.7312,4022017.8850,81033.6154,4672876.6162,4753910.2316,0.1392843819037705838752336283
TN,47,2010,PEQ5B,1048,1028,70,958,20,289002.8171,4373625.8385,91281.5760,4662628.6556,4753910.2316,0.06198280807820632997698509662
TN,47,2010,PEQ5C,1048,1027,72,955,21,322483.7133,4335483.3605,95943.1578,4657967.0738,4753910.2316,0.06923271637403732821551659290
TN,47,2010,PEQ5D,1048,1025,221,804,23,927170.2238,3722175.3355,104564.6723,4649345.5593,4753910.2316,0.1994195122677854167904546531
TN,47,2010,PEQ5E,1048,1025,45,980,23,181170.7787,4468672.3893,104067.0636,4649843.1680,4753910.2316,0.03896277189450360404069438929
TX,48,2010,ANY,3942,3895,1411,2484,47,5956409.6921,11710944.5285,238636.8763,17667354.2206,17905991.0969,0.3371421446429636770600856722
TX,48,2010,PEQ5A,3942,3896,676,3220,46,2822553.2404,14848747.7608,234690.0957,17671301.0012,17905991.0969,0.1597252652879564261654788342
TX,48,2010,PEQ5B,3942,3902,242,3660,40,1043497.2031,16660067.0631,202426.8307,17703564.2662,17905991.0969,0.05894277487908272747725700574
TX,48,2010,PEQ5C,3942,3903,366,3537,39,1579754.0548,16126920.2934,199316.7487,17706674.3482,17905991.0969,0.08921799902874434454439152320
TX,48,2010,PEQ5D,3942,3899,741,3158,43,3146837.5086,14542233.8362,216919.7521,17689071.3448,17905991.0969,0.1778972704253954974415350858
TX,48,2010,PEQ5E,3942,3901,193,3708,41,782737.5182,16916883.7010,206369.8777,17699621.2192,17905991.0969,0.04422340503823384781059100418
UT,49,2010,ANY,824,820,400,420,4,855342.8878,1058150.5754,14323.6433,1913493.4632,1927817.1065,0.4470059105242936583239016105
UT,49,2010,PEQ5A,824,821,157,664,3,336179.6087,1579992.5545,11644.9433,1916172.1632,1927817.1065,0.1754433214072901317471764011
UT,49,2010,PEQ5B,824,820,47,773,4,94848.6093,1818644.8539,14323.6433,1913493.4632,1927817.1065,0.04956829543665200434116643707
UT,49,2010,PEQ5C,824,819,87,732,5,188176.9317,1723096.3504,16543.8244,1911273.2821,1927817.1065,0.09845631886468989425947043118
UT,49,2010,PEQ5D,824,821,303,518,3,640062.2281,1276109.9351,11644.9433,1916172.1632,1927817.1065,0.3340316910935072705057862517
UT,49,2010,PEQ5E,824,820,55,765,4,117618.1101,1796333.8720,13865.1244,1913951.9821,1927817.1065,0.06145300989784951616942657884
VT,50,2010,ANY,1210,1187,510,677,23,191005.1640,289170.5450,11100.4003,480175.7090,491276.1093,0.3977818128238552775271687057
VT,50,2010,PEQ5A,1210,1190,185,1005,20,71305.1246,409956.3128,10014.6719,481261.4374,491276.1093,0.1481629714302972740113417614
VT,50,2010,PEQ5B,1210,1190,151,1039,20,55989.4355,425272.0019,10014.6719,481261.4374,491276.1093,0.1163389192420676587539943212
VT,50,2010,PEQ5C,1210,1190,187,1003,20,73358.3895,407903.0479,10014.6719,481261.4374,491276.1093,0.1524293945019082054547344042
VT,50,2010,PEQ5D,1210,1186,168,1018,24,59305.4447,420397.0498,11573.6148,479702.4945,491276.1093,0.1236296358262944159028132800
VT,50,2010,PEQ5E,1210,1188,101,1087,22,35808.3594,444661.3883,10806.3616,480469.7477,491276.1093,0.07452781277367403333810354695
VA,51,2010,ANY,1567,1499,574,925,68,1919459.6909,3648915.0564,318558.8922,5568374.7473,5886933.6395,0.3447073478362263314188419332
VA,51,2010,PEQ5A,1567,1500,238,1262,67,803881.0049,4778067.1161,304985.5185,5581948.1210,5886933.6395,0.1440144170949380989418909005
VA,51,2010,PEQ5B,1567,1497,123,1374,70,402332.3426,5152361.7564,332239.5405,5554694.0990,5886933.6395,0.07243105298497554581538082283
VA,51,2010,PEQ5C,1567,1497,147,1350,70,524884.1679,5037651.5405,324397.9311,5562535.7084,5886933.6395,0.09436059297693514470275575661
VA,51,2010,PEQ5D,1567,1498,322,1176,69,1091143.1263,4473155.2531,322635.2601,5564298.3794,5886933.6395,0.1960971630025452189717991240
VA,51,2010,PEQ5E,1567,1500,73,1427,67,241557.0466,5327146.2431,318230.3498,5568703.2897,5886933.6395,0.04337761127384707246310372585
WA,53,2010,ANY,1501,1476,666,810,25,2088794.3389,2943971.1986,94345.7718,5032765.5375,5127111.3093,0.4150390721236733154688512052
WA,53,2010,PEQ5A,1501,1478,287,1191,23,893951.8185,4147944.5450,85214.9458,5041896.3635,5127111.3093,0.1773046794399862717447940657
WA,53,2010,PEQ5B,1501,1475,129,1346,26,413130.9663,4615719.0539,98261.2891,5028850.0202,5127111.3093,0.08215217487905307723299120870
WA,53,2010,PEQ5C,1501,1474,210,1264,27,657635.6414,4368615.8469,100859.8210,5026251.4883,5127111.3093,0.1308401783975254893733527313
WA,53,2010,PEQ5D,1501,1472,296,1176,29,912513.4228,4107380.8552,107217.0313,5019894.2780,5127111.3093,0.1817794105344303826790672503
WA,53,2010,PEQ5E,1501,1474,106,1368,27,340076.4217,4686054.1450,100980.7426,5026130.5667,5127111.3093,0.06766167674853769930417354989
WV,54,2010,ANY,912,899,255,644,13,379317.9812,1026791.7604,20540.0157,1406109.7416,1426649.7573,0.2697641371635597805746686251
WV,54,2010,PEQ5A,912,900,122,778,12,177180.0236,1230862.3640,18607.3697,1408042.3876,1426649.7573,0.1258342967231279962640238346
WV,54,2010,PEQ5B,912,899,60,839,13,87855.5191,1318254.2225,20540.0157,1406109.7416,1426649.7573,0.06248126764275878764027759297
WV,54,2010,PEQ5C,912,899,69,830,13,104571.2995,1301538.4421,20540.0157,1406109.7416,1426649.7573,0.07436923051326650448973747441
WV,54,2010,PEQ5D,912,901,100,801,11,148378.8792,1261224.4071,17046.4710,1409603.2863,1426649.7573,0.1052628641278728834927234519
WV,54,2010,PEQ5E,912,901,50,851,11,72351.7135,1337251.5728,17046.4710,1409603.2863,1426649.7573,0.05132771340929016958691521461
WI,55,2010,ANY,1573,1555,706,849,18,1795716.8077,2457252.6254,54458.2045,4252969.4331,4307427.6376,0.4222265962516212000188240901
WI,55,2010,PEQ5A,1573,1555,223,1332,18,580142.0581,3672827.3750,54458.2045,4252969.4331,4307427.6376,0.1364087062523590748259121317
WI,55,2010,PEQ5B,1573,1556,153,1403,17,386834.5550,3868716.3987,51876.6839,4255550.9537,4307427.6376,0.09090116866387551438989600084
WI,55,2010,PEQ5C,1573,1557,228,1329,16,592921.5854,3665350.9273,49155.1249,4258272.5127,4307427.6376,0.1392399344174551611946674274
WI,55,2010,PEQ5D,1573,1556,374,1182,17,937268.6840,3318266.5524,51892.4012,4255535.2364,4307427.6376,0.2202469564775332569726575041
WI,55,2010,PEQ5E,1573,1557,120,1437,16,300548.7734,3957723.7393,49155.1249,4258272.5127,4307427.6376,0.07057997638799167969464276133
WY,56,2010,ANY,952,943,395,548,9,155383.9226,251901.4603,4169.7140,407285.3829,411455.0969,0.3815111691306415406345779762
WY,56,2010,PEQ5A,952,943,119,824,9,47167.1895,360118.1934,4169.7140,407285.3829,411455.0969,0.1158086969980478521121019097
WY,56,2010,PEQ5B,952,943,112,831,9,45394.1555,361891.2274,4169.7140,407285.3829,411455.0969,0.1114554005763215422283695220
WY,56,2010,PEQ5C,952,943,129,814,9,54400.4452,352884.9377,4169.7140,407285.3829,411455.0969,0.1335683711815330164160428552
WY,56,2010,PEQ5D,952,943,193,750,9,74029.4344,333255.9485,4169.7140,407285.3829,411455.0969,0.1817630524152061338315217990
WY,56,2010,PEQ5E,952,943,79,864,9,29770.4351,377514.9478,4169.7140,407285.3829,411455.0969,0.07309477911538376497920716319
