year,state,s2_participation,s2_se,source_series,observation_status
2009,AK,0.4827669281,,CPS Civic Engagement,DIRECT
2009,AL,0.3757703459,,CPS Civic Engagement,DIRECT
2009,AR,0.2305149586,,CPS Civic Engagement,DIRECT
2009,AZ,0.3750252386,,CPS Civic Engagement,DIRECT
2009,CA,0.3372316487,,CPS Civic Engagement,DIRECT
2009,CO,0.4585316054,,CPS Civic Engagement,DIRECT
2009,CT,0.3707426857,,CPS Civic Engagement,DIRECT
2009,DE,0.3289430097,,CPS Civic Engagement,DIRECT
2009,FL,0.3036545503,,CPS Civic Engagement,DIRECT
2009,GA,0.3898456919,,CPS Civic Engagement,DIRECT
2009,HI,0.3028485407,,CPS Civic Engagement,DIRECT
2009,IA,0.4277822243,,CPS Civic Engagement,DIRECT
2009,ID,0.3818691663,,CPS Civic Engagement,DIRECT
2009,IL,0.3880293455,,CPS Civic Engagement,DIRECT
2009,IN,0.4169631941,,CPS Civic Engagement,DIRECT
2009,KS,0.3694026714,,CPS Civic Engagement,DIRECT
2009,KY,0.2836292774,,CPS Civic Engagement,DIRECT
2009,LA,0.3342754049,,CPS Civic Engagement,DIRECT
2009,MA,0.3229320946,,CPS Civic Engagement,DIRECT
2009,MD,0.3725997636,,CPS Civic Engagement,DIRECT
2009,ME,0.4198644198,,CPS Civic Engagement,DIRECT
2009,MI,0.3991461043,,CPS Civic Engagement,DIRECT
2009,MN,0.4544338230,,CPS Civic Engagement,DIRECT
2009,MO,0.3482122427,,CPS Civic Engagement,DIRECT
2009,MS,0.4005208921,,CPS Civic Engagement,DIRECT
2009,MT,0.4469849113,,CPS Civic Engagement,DIRECT
2009,NC,0.3593297230,,CPS Civic Engagement,DIRECT
2009,ND,0.3691134206,,CPS Civic Engagement,DIRECT
2009,NE,0.3833695931,,CPS Civic Engagement,DIRECT
2009,NH,0.3634377452,,CPS Civic Engagement,DIRECT
2009,NJ,0.2776117826,,CPS Civic Engagement,DIRECT
2009,NM,0.4116930472,,CPS Civic Engagement,DIRECT
2009,NV,0.2174210608,,CPS Civic Engagement,DIRECT
2009,NY,0.3392255276,,CPS Civic Engagement,DIRECT
2009,OH,0.4076104914,,CPS Civic Engagement,DIRECT
2009,OK,0.3482943872,,CPS Civic Engagement,DIRECT
2009,OR,0.4483279586,,CPS Civic Engagement,DIRECT
2009,PA,0.3533576869,,CPS Civic Engagement,DIRECT
2009,RI,0.3362579369,,CPS Civic Engagement,DIRECT
2009,SC,0.4122709072,,CPS Civic Engagement,DIRECT
2009,SD,0.4241145195,,CPS Civic Engagement,DIRECT
2009,TN,0.3278541911,,CPS Civic Engagement,DIRECT
2009,TX,0.3364863758,,CPS Civic Engagement,DIRECT
2009,UT,0.4174373335,,CPS Civic Engagement,DIRECT
2009,VA,0.4160131642,,CPS Civic Engagement,DIRECT
2009,VT,0.4548581478,,CPS Civic Engagement,DIRECT
2009,WA,0.4367630325,,CPS Civic Engagement,DIRECT
2009,WI,0.3932710565,,CPS Civic Engagement,DIRECT
2009,WV,0.3516357065,,CPS Civic Engagement,DIRECT
2009,WY,0.3993360370,,CPS Civic Engagement,DIRECT
2010,AK,0.4503768798,,CPS Civic Engagement,DIRECT
2010,AL,0.2990073551,,CPS Civic Engagement,DIRECT
2010,AR,0.2721261028,,CPS Civic Engagement,DIRECT
2010,AZ,0.3194832086,,CPS Civic Engagement,DIRECT
2010,CA,0.3043262238,,CPS Civic Engagement,DIRECT
2010,CO,0.4399767657,,CPS Civic Engagement,DIRECT
2010,CT,0.3785384841,,CPS Civic Engagement,DIRECT
2010,DE,0.3321985154,,CPS Civic Engagement,DIRECT
2010,FL,0.2839085918,,CPS Civic Engagement,DIRECT
2010,GA,0.3252200742,,CPS Civic Engagement,DIRECT
2010,HI,0.3001388149,,CPS Civic Engagement,DIRECT
2010,IA,0.4212904525,,CPS Civic Engagement,DIRECT
2010,ID,0.4098950555,,CPS Civic Engagement,DIRECT
2010,IL,0.3359230529,,CPS Civic Engagement,DIRECT
2010,IN,0.3664151962,,CPS Civic Engagement,DIRECT
2010,KS,0.4337630218,,CPS Civic Engagement,DIRECT
2010,KY,0.2624121963,,CPS Civic Engagement,DIRECT
2010,LA,0.3087270818,,CPS Civic Engagement,DIRECT
2010,MA,0.3494375103,,CPS Civic Engagement,DIRECT
2010,MD,0.3680461642,,CPS Civic Engagement,DIRECT
2010,ME,0.3904321682,,CPS Civic Engagement,DIRECT
2010,MI,0.3438654434,,CPS Civic Engagement,DIRECT
2010,MN,0.4498089104,,CPS Civic Engagement,DIRECT
2010,MO,0.3492203529,,CPS Civic Engagement,DIRECT
2010,MS,0.3682343501,,CPS Civic Engagement,DIRECT
2010,MT,0.3811243563,,CPS Civic Engagement,DIRECT
2010,NC,0.2891457184,,CPS Civic Engagement,DIRECT
2010,ND,0.3662181296,,CPS Civic Engagement,DIRECT
2010,NE,0.4640064582,,CPS Civic Engagement,DIRECT
2010,NH,0.3633986197,,CPS Civic Engagement,DIRECT
2010,NJ,0.3568724512,,CPS Civic Engagement,DIRECT
2010,NM,0.3364168769,,CPS Civic Engagement,DIRECT
2010,NV,0.2605095549,,CPS Civic Engagement,DIRECT
2010,NY,0.2840279595,,CPS Civic Engagement,DIRECT
2010,OH,0.3664562306,,CPS Civic Engagement,DIRECT
2010,OK,0.3881843516,,CPS Civic Engagement,DIRECT
2010,OR,0.4096470641,,CPS Civic Engagement,DIRECT
2010,PA,0.3747699823,,CPS Civic Engagement,DIRECT
2010,RI,0.3480153651,,CPS Civic Engagement,DIRECT
2010,SC,0.3515188130,,CPS Civic Engagement,DIRECT
2010,SD,0.4461106654,,CPS Civic Engagement,DIRECT
2010,TN,0.3308552342,,CPS Civic Engagement,DIRECT
2010,TX,0.3371421446,,CPS Civic Engagement,DIRECT
2010,UT,0.4470059105,,CPS Civic Engagement,DIRECT
2010,VA,0.3447073478,,CPS Civic Engagement,DIRECT
2010,VT,0.3977818128,,CPS Civic Engagement,DIRECT
2010,WA,0.4150390721,,CPS Civic Engagement,DIRECT
2010,WI,0.4222265963,,CPS Civic Engagement,DIRECT
2010,WV,0.2697641372,,CPS Civic Engagement,DIRECT
2010,WY,0.3815111691,,CPS Civic Engagement,DIRECT
2011,AK,0.5464916424,0.0188325183,CPS Civic Engagement,DIRECT
2011,AL,0.3681413832,0.0332506939,CPS Civic Engagement,DIRECT
2011,AR,0.3268927733,0.0223943522,CPS Civic Engagement,DIRECT
2011,AZ,0.3471780589,0.0273458165,CPS Civic Engagement,DIRECT
2011,CA,0.3753568533,0.0098789911,CPS Civic Engagement,DIRECT
2011,CO,0.4640014141,0.0151813230,CPS Civic Engagement,DIRECT
2011,CT,0.4390585292,0.0173244647,CPS Civic Engagement,DIRECT
2011,DE,0.3918627957,0.0181186131,CPS Civic Engagement,DIRECT
2011,FL,0.3362216457,0.0130278289,CPS Civic Engagement,DIRECT
2011,GA,0.3944313761,0.0172371575,CPS Civic Engagement,DIRECT
2011,HI,0.3417294975,0.0207612274,CPS Civic Engagement,DIRECT
2011,IA,0.4737186755,0.0256544344,CPS Civic Engagement,DIRECT
2011,ID,0.4533723337,0.0278735233,CPS Civic Engagement,DIRECT
2011,IL,0.3876814635,0.0127605760,CPS Civic Engagement,DIRECT
2011,IN,0.3669092953,0.0254355483,CPS Civic Engagement,DIRECT
2011,KS,0.4838583702,0.0217274585,CPS Civic Engagement,DIRECT
2011,KY,0.3320286528,0.0285221375,CPS Civic Engagement,DIRECT
2011,LA,0.3112800655,0.0190536985,CPS Civic Engagement,DIRECT
2011,MA,0.4057514367,0.0177428820,CPS Civic Engagement,DIRECT
2011,MD,0.4400176102,0.0158349177,CPS Civic Engagement,DIRECT
2011,ME,0.4148745438,0.0153907469,CPS Civic Engagement,DIRECT
2011,MI,0.3444615455,0.0146223953,CPS Civic Engagement,DIRECT
2011,MN,0.4866060660,0.0157975537,CPS Civic Engagement,DIRECT
2011,MO,0.4348808022,0.0260040633,CPS Civic Engagement,DIRECT
2011,MS,0.4724197335,0.0277643020,CPS Civic Engagement,DIRECT
2011,MT,0.3907068606,0.0264503532,CPS Civic Engagement,DIRECT
2011,NC,0.3907791897,0.0201428705,CPS Civic Engagement,DIRECT
2011,ND,0.4298168709,0.0260974074,CPS Civic Engagement,DIRECT
2011,NE,0.4543036252,0.0200071336,CPS Civic Engagement,DIRECT
2011,NH,0.3904318552,0.0167568286,CPS Civic Engagement,DIRECT
2011,NJ,0.3859669978,0.0188815024,CPS Civic Engagement,DIRECT
2011,NM,0.4356791358,0.0248933834,CPS Civic Engagement,DIRECT
2011,NV,0.3167166441,0.0203904266,CPS Civic Engagement,DIRECT
2011,NY,0.3666828338,0.0116251354,CPS Civic Engagement,DIRECT
2011,OH,0.3879481119,0.0197398635,CPS Civic Engagement,DIRECT
2011,OK,0.4539539322,0.0296998937,CPS Civic Engagement,DIRECT
2011,OR,0.4623734855,0.0207417029,CPS Civic Engagement,DIRECT
2011,PA,0.4072834128,0.0139266677,CPS Civic Engagement,DIRECT
2011,RI,0.3358290906,0.0153671726,CPS Civic Engagement,DIRECT
2011,SC,0.4216315364,0.0258142574,CPS Civic Engagement,DIRECT
2011,SD,0.4784549568,0.0235348203,CPS Civic Engagement,DIRECT
2011,TN,0.3863263635,0.0255765364,CPS Civic Engagement,DIRECT
2011,TX,0.3832971185,0.0120498592,CPS Civic Engagement,DIRECT
2011,UT,0.5351273084,0.0269906436,CPS Civic Engagement,DIRECT
2011,VA,0.3956604791,0.0170449362,CPS Civic Engagement,DIRECT
2011,VT,0.4695960535,0.0197392104,CPS Civic Engagement,DIRECT
2011,WA,0.4371808773,0.0159561426,CPS Civic Engagement,DIRECT
2011,WI,0.4461067220,0.0313281821,CPS Civic Engagement,DIRECT
2011,WV,0.3403601029,0.0331615149,CPS Civic Engagement,DIRECT
2011,WY,0.4288372959,0.0163797330,CPS Civic Engagement,DIRECT
2013,AK,0.4417254456,0.0325398391,CPS Civic Engagement,DIRECT
2013,AL,0.3595555393,0.0274245946,CPS Civic Engagement,DIRECT
2013,AR,0.3088896321,0.0395288586,CPS Civic Engagement,DIRECT
2013,AZ,0.3086505595,0.0303097418,CPS Civic Engagement,DIRECT
2013,CA,0.3310263190,0.0121716998,CPS Civic Engagement,DIRECT
2013,CO,0.3987879674,0.0272995331,CPS Civic Engagement,DIRECT
2013,CT,0.3518610497,0.0212900545,CPS Civic Engagement,DIRECT
2013,DE,0.4857166742,0.0299014473,CPS Civic Engagement,DIRECT
2013,FL,0.3067719511,0.0168220061,CPS Civic Engagement,DIRECT
2013,GA,0.3805161921,0.0387876223,CPS Civic Engagement,DIRECT
2013,HI,0.3528160355,0.0281087958,CPS Civic Engagement,DIRECT
2013,IA,0.3942984278,0.0329279535,CPS Civic Engagement,DIRECT
2013,ID,0.4270796048,0.0343718884,CPS Civic Engagement,DIRECT
2013,IL,0.3452632055,0.0196635224,CPS Civic Engagement,DIRECT
2013,IN,0.4032108728,0.0271790645,CPS Civic Engagement,DIRECT
2013,KS,0.4430454371,0.0237397801,CPS Civic Engagement,DIRECT
2013,KY,0.3508897661,0.0319226798,CPS Civic Engagement,DIRECT
2013,LA,0.2731164087,0.0324332019,CPS Civic Engagement,DIRECT
2013,MA,0.3394321026,0.0284094016,CPS Civic Engagement,DIRECT
2013,MD,0.4190980379,0.0252306192,CPS Civic Engagement,DIRECT
2013,ME,0.4269564500,0.0205709369,CPS Civic Engagement,DIRECT
2013,MI,0.3602572727,0.0205296977,CPS Civic Engagement,DIRECT
2013,MN,0.4538597026,0.0238030098,CPS Civic Engagement,DIRECT
2013,MO,0.4244632841,0.0267998135,CPS Civic Engagement,DIRECT
2013,MS,0.5011135372,0.0435451264,CPS Civic Engagement,DIRECT
2013,MT,0.4123369070,0.0354325056,CPS Civic Engagement,DIRECT
2013,NC,0.3866279133,0.0226296315,CPS Civic Engagement,DIRECT
2013,ND,0.4013113667,0.0368018798,CPS Civic Engagement,DIRECT
2013,NE,0.4286397705,0.0246379627,CPS Civic Engagement,DIRECT
2013,NH,0.4053883786,0.0244898984,CPS Civic Engagement,DIRECT
2013,NJ,0.3413125161,0.0226592247,CPS Civic Engagement,DIRECT
2013,NM,0.3232945977,0.0396638286,CPS Civic Engagement,DIRECT
2013,NV,0.2731263183,0.0243708253,CPS Civic Engagement,DIRECT
2013,NY,0.3254284414,0.0159843933,CPS Civic Engagement,DIRECT
2013,OH,0.3492000720,0.0203746380,CPS Civic Engagement,DIRECT
2013,OK,0.3848193693,0.0294559639,CPS Civic Engagement,DIRECT
2013,OR,0.4271228116,0.0368684837,CPS Civic Engagement,DIRECT
2013,PA,0.3679477108,0.0255469251,CPS Civic Engagement,DIRECT
2013,RI,0.3600474325,0.0266211055,CPS Civic Engagement,DIRECT
2013,SC,0.3819512245,0.0268395176,CPS Civic Engagement,DIRECT
2013,SD,0.4313864953,0.0355658732,CPS Civic Engagement,DIRECT
2013,TN,0.3754398215,0.0338976213,CPS Civic Engagement,DIRECT
2013,TX,0.3543114718,0.0151231743,CPS Civic Engagement,DIRECT
2013,UT,0.5905753556,0.0329958941,CPS Civic Engagement,DIRECT
2013,VA,0.3508902658,0.0222662730,CPS Civic Engagement,DIRECT
2013,VT,0.4884493191,0.0278071148,CPS Civic Engagement,DIRECT
2013,WA,0.4851764562,0.0259859101,CPS Civic Engagement,DIRECT
2013,WI,0.4307337005,0.0208038529,CPS Civic Engagement,DIRECT
2013,WV,0.3450318950,0.0330152122,CPS Civic Engagement,DIRECT
2013,WY,0.3947453847,0.0265786246,CPS Civic Engagement,DIRECT
2017,AK,0.36780831,,CEV Organizational Membership,EXTRACTED_FROM_ARCHIVED_CEV_STATE_RATES
2017,AL,0.22115905,,CEV Organizational Membership,EXTRACTED_FROM_ARCHIVED_CEV_STATE_RATES
2017,AR,0.28623815,,CEV Organizational Membership,EXTRACTED_FROM_ARCHIVED_CEV_STATE_RATES
2017,AZ,0.25365473,,CEV Organizational Membership,EXTRACTED_FROM_ARCHIVED_CEV_STATE_RATES
2017,CA,0.22452001,,CEV Organizational Membership,EXTRACTED_FROM_ARCHIVED_CEV_STATE_RATES
2017,CO,0.25560567,,CEV Organizational Membership,EXTRACTED_FROM_ARCHIVED_CEV_STATE_RATES
2017,CT,0.26287278,,CEV Organizational Membership,EXTRACTED_FROM_ARCHIVED_CEV_STATE_RATES
2017,DE,0.28560473,,CEV Organizational Membership,EXTRACTED_FROM_ARCHIVED_CEV_STATE_RATES
2017,FL,0.19152846,,CEV Organizational Membership,EXTRACTED_FROM_ARCHIVED_CEV_STATE_RATES
2017,GA,0.20928037,,CEV Organizational Membership,EXTRACTED_FROM_ARCHIVED_CEV_STATE_RATES
2017,HI,0.24364988,,CEV Organizational Membership,EXTRACTED_FROM_ARCHIVED_CEV_STATE_RATES
2017,IA,0.36337666,,CEV Organizational Membership,EXTRACTED_FROM_ARCHIVED_CEV_STATE_RATES
2017,ID,0.34116028,,CEV Organizational Membership,EXTRACTED_FROM_ARCHIVED_CEV_STATE_RATES
2017,IL,0.26753731,,CEV Organizational Membership,EXTRACTED_FROM_ARCHIVED_CEV_STATE_RATES
2017,IN,0.34313581,,CEV Organizational Membership,EXTRACTED_FROM_ARCHIVED_CEV_STATE_RATES
2017,KS,0.32464407,,CEV Organizational Membership,EXTRACTED_FROM_ARCHIVED_CEV_STATE_RATES
2017,KY,0.25792049,,CEV Organizational Membership,EXTRACTED_FROM_ARCHIVED_CEV_STATE_RATES
2017,LA,0.21899219,,CEV Organizational Membership,EXTRACTED_FROM_ARCHIVED_CEV_STATE_RATES
2017,MA,0.30474481,,CEV Organizational Membership,EXTRACTED_FROM_ARCHIVED_CEV_STATE_RATES
2017,MD,0.32814127,,CEV Organizational Membership,EXTRACTED_FROM_ARCHIVED_CEV_STATE_RATES
2017,ME,0.34233387,,CEV Organizational Membership,EXTRACTED_FROM_ARCHIVED_CEV_STATE_RATES
2017,MI,0.28733228,,CEV Organizational Membership,EXTRACTED_FROM_ARCHIVED_CEV_STATE_RATES
2017,MN,0.35870583,,CEV Organizational Membership,EXTRACTED_FROM_ARCHIVED_CEV_STATE_RATES
2017,MO,0.29283881,,CEV Organizational Membership,EXTRACTED_FROM_ARCHIVED_CEV_STATE_RATES
2017,MS,0.19564879,,CEV Organizational Membership,EXTRACTED_FROM_ARCHIVED_CEV_STATE_RATES
2017,MT,0.35725277,,CEV Organizational Membership,EXTRACTED_FROM_ARCHIVED_CEV_STATE_RATES
2017,NC,0.32228469,,CEV Organizational Membership,EXTRACTED_FROM_ARCHIVED_CEV_STATE_RATES
2017,ND,0.39655372,,CEV Organizational Membership,EXTRACTED_FROM_ARCHIVED_CEV_STATE_RATES
2017,NE,0.36458901,,CEV Organizational Membership,EXTRACTED_FROM_ARCHIVED_CEV_STATE_RATES
2017,NH,0.31499605,,CEV Organizational Membership,EXTRACTED_FROM_ARCHIVED_CEV_STATE_RATES
2017,NJ,0.25193276,,CEV Organizational Membership,EXTRACTED_FROM_ARCHIVED_CEV_STATE_RATES
2017,NM,0.22018929,,CEV Organizational Membership,EXTRACTED_FROM_ARCHIVED_CEV_STATE_RATES
2017,NV,0.22916635,,CEV Organizational Membership,EXTRACTED_FROM_ARCHIVED_CEV_STATE_RATES
2017,NY,0.25816271,,CEV Organizational Membership,EXTRACTED_FROM_ARCHIVED_CEV_STATE_RATES
2017,OH,0.32195317,,CEV Organizational Membership,EXTRACTED_FROM_ARCHIVED_CEV_STATE_RATES
2017,OK,0.29396047,,CEV Organizational Membership,EXTRACTED_FROM_ARCHIVED_CEV_STATE_RATES
2017,OR,0.43077104,,CEV Organizational Membership,EXTRACTED_FROM_ARCHIVED_CEV_STATE_RATES
2017,PA,0.33418891,,CEV Organizational Membership,EXTRACTED_FROM_ARCHIVED_CEV_STATE_RATES
2017,RI,0.28687654,,CEV Organizational Membership,EXTRACTED_FROM_ARCHIVED_CEV_STATE_RATES
2017,SC,0.26612996,,CEV Organizational Membership,EXTRACTED_FROM_ARCHIVED_CEV_STATE_RATES
2017,SD,0.33184604,,CEV Organizational Membership,EXTRACTED_FROM_ARCHIVED_CEV_STATE_RATES
2017,TN,0.27391278,,CEV Organizational Membership,EXTRACTED_FROM_ARCHIVED_CEV_STATE_RATES
2017,TX,0.22931262,,CEV Organizational Membership,EXTRACTED_FROM_ARCHIVED_CEV_STATE_RATES
2017,UT,0.41953996,,CEV Organizational Membership,EXTRACTED_FROM_ARCHIVED_CEV_STATE_RATES
2017,VA,0.27521158,,CEV Organizational Membership,EXTRACTED_FROM_ARCHIVED_CEV_STATE_RATES
2017,VT,0.3332333,,CEV Organizational Membership,EXTRACTED_FROM_ARCHIVED_CEV_STATE_RATES
2017,WA,0.31305995,,CEV Organizational Membership,EXTRACTED_FROM_ARCHIVED_CEV_STATE_RATES
2017,WI,0.35828631,,CEV Organizational Membership,EXTRACTED_FROM_ARCHIVED_CEV_STATE_RATES
2017,WV,0.23271217,,CEV Organizational Membership,EXTRACTED_FROM_ARCHIVED_CEV_STATE_RATES
2017,WY,0.2982759,,CEV Organizational Membership,EXTRACTED_FROM_ARCHIVED_CEV_STATE_RATES
2019,AK,0.31482671,,CEV Organizational Membership,EXTRACTED_FROM_ARCHIVED_CEV_STATE_RATES
2019,AL,0.22926222,,CEV Organizational Membership,EXTRACTED_FROM_ARCHIVED_CEV_STATE_RATES
2019,AR,0.29938214,,CEV Organizational Membership,EXTRACTED_FROM_ARCHIVED_CEV_STATE_RATES
2019,AZ,0.24043848,,CEV Organizational Membership,EXTRACTED_FROM_ARCHIVED_CEV_STATE_RATES
2019,CA,0.23009966,,CEV Organizational Membership,EXTRACTED_FROM_ARCHIVED_CEV_STATE_RATES
2019,CO,0.33363695,,CEV Organizational Membership,EXTRACTED_FROM_ARCHIVED_CEV_STATE_RATES
2019,CT,0.32618442,,CEV Organizational Membership,EXTRACTED_FROM_ARCHIVED_CEV_STATE_RATES
2019,DE,0.3227496,,CEV Organizational Membership,EXTRACTED_FROM_ARCHIVED_CEV_STATE_RATES
2019,FL,0.21001489,,CEV Organizational Membership,EXTRACTED_FROM_ARCHIVED_CEV_STATE_RATES
2019,GA,0.22030854,,CEV Organizational Membership,EXTRACTED_FROM_ARCHIVED_CEV_STATE_RATES
2019,HI,0.27092258,,CEV Organizational Membership,EXTRACTED_FROM_ARCHIVED_CEV_STATE_RATES
2019,IA,0.31785856,,CEV Organizational Membership,EXTRACTED_FROM_ARCHIVED_CEV_STATE_RATES
2019,ID,0.32417629,,CEV Organizational Membership,EXTRACTED_FROM_ARCHIVED_CEV_STATE_RATES
2019,IL,0.31724402,,CEV Organizational Membership,EXTRACTED_FROM_ARCHIVED_CEV_STATE_RATES
2019,IN,0.32731028,,CEV Organizational Membership,EXTRACTED_FROM_ARCHIVED_CEV_STATE_RATES
2019,KS,0.35309939,,CEV Organizational Membership,EXTRACTED_FROM_ARCHIVED_CEV_STATE_RATES
2019,KY,0.22292474,,CEV Organizational Membership,EXTRACTED_FROM_ARCHIVED_CEV_STATE_RATES
2019,LA,0.24092167,,CEV Organizational Membership,EXTRACTED_FROM_ARCHIVED_CEV_STATE_RATES
2019,MA,0.27856888,,CEV Organizational Membership,EXTRACTED_FROM_ARCHIVED_CEV_STATE_RATES
2019,MD,0.31575205,,CEV Organizational Membership,EXTRACTED_FROM_ARCHIVED_CEV_STATE_RATES
2019,ME,0.32972695,,CEV Organizational Membership,EXTRACTED_FROM_ARCHIVED_CEV_STATE_RATES
2019,MI,0.30971456,,CEV Organizational Membership,EXTRACTED_FROM_ARCHIVED_CEV_STATE_RATES
2019,MN,0.34069039,,CEV Organizational Membership,EXTRACTED_FROM_ARCHIVED_CEV_STATE_RATES
2019,MO,0.30640809,,CEV Organizational Membership,EXTRACTED_FROM_ARCHIVED_CEV_STATE_RATES
2019,MS,0.21594784,,CEV Organizational Membership,EXTRACTED_FROM_ARCHIVED_CEV_STATE_RATES
2019,MT,0.35214448,,CEV Organizational Membership,EXTRACTED_FROM_ARCHIVED_CEV_STATE_RATES
2019,NC,0.26073795,,CEV Organizational Membership,EXTRACTED_FROM_ARCHIVED_CEV_STATE_RATES
2019,ND,0.30739005,,CEV Organizational Membership,EXTRACTED_FROM_ARCHIVED_CEV_STATE_RATES
2019,NE,0.39518611,,CEV Organizational Membership,EXTRACTED_FROM_ARCHIVED_CEV_STATE_RATES
2019,NH,0.33168781,,CEV Organizational Membership,EXTRACTED_FROM_ARCHIVED_CEV_STATE_RATES
2019,NJ,0.26506766,,CEV Organizational Membership,EXTRACTED_FROM_ARCHIVED_CEV_STATE_RATES
2019,NM,0.26338741,,CEV Organizational Membership,EXTRACTED_FROM_ARCHIVED_CEV_STATE_RATES
2019,NV,0.17382791,,CEV Organizational Membership,EXTRACTED_FROM_ARCHIVED_CEV_STATE_RATES
2019,NY,0.21990095,,CEV Organizational Membership,EXTRACTED_FROM_ARCHIVED_CEV_STATE_RATES
2019,OH,0.29255624,,CEV Organizational Membership,EXTRACTED_FROM_ARCHIVED_CEV_STATE_RATES
2019,OK,0.25828801,,CEV Organizational Membership,EXTRACTED_FROM_ARCHIVED_CEV_STATE_RATES
2019,OR,0.35183017,,CEV Organizational Membership,EXTRACTED_FROM_ARCHIVED_CEV_STATE_RATES
2019,PA,0.36157822,,CEV Organizational Membership,EXTRACTED_FROM_ARCHIVED_CEV_STATE_RATES
2019,RI,0.2578654,,CEV Organizational Membership,EXTRACTED_FROM_ARCHIVED_CEV_STATE_RATES
2019,SC,0.34315202,,CEV Organizational Membership,EXTRACTED_FROM_ARCHIVED_CEV_STATE_RATES
2019,SD,0.40105395,,CEV Organizational Membership,EXTRACTED_FROM_ARCHIVED_CEV_STATE_RATES
2019,TN,0.28406187,,CEV Organizational Membership,EXTRACTED_FROM_ARCHIVED_CEV_STATE_RATES
2019,TX,0.20744991,,CEV Organizational Membership,EXTRACTED_FROM_ARCHIVED_CEV_STATE_RATES
2019,UT,0.40662419,,CEV Organizational Membership,EXTRACTED_FROM_ARCHIVED_CEV_STATE_RATES
2019,VA,0.30250949,,CEV Organizational Membership,EXTRACTED_FROM_ARCHIVED_CEV_STATE_RATES
2019,VT,0.38914443,,CEV Organizational Membership,EXTRACTED_FROM_ARCHIVED_CEV_STATE_RATES
2019,WA,0.28392321,,CEV Organizational Membership,EXTRACTED_FROM_ARCHIVED_CEV_STATE_RATES
2019,WI,0.33630323,,CEV Organizational Membership,EXTRACTED_FROM_ARCHIVED_CEV_STATE_RATES
2019,WV,0.26505539,,CEV Organizational Membership,EXTRACTED_FROM_ARCHIVED_CEV_STATE_RATES
2019,WY,0.33801938,,CEV Organizational Membership,EXTRACTED_FROM_ARCHIVED_CEV_STATE_RATES
2021,AK,0.25729808,,CEV Organizational Membership,EXTRACTED_FROM_ARCHIVED_CEV_STATE_RATES
2021,AL,0.18445939,,CEV Organizational Membership,EXTRACTED_FROM_ARCHIVED_CEV_STATE_RATES
2021,AR,0.23134178,,CEV Organizational Membership,EXTRACTED_FROM_ARCHIVED_CEV_STATE_RATES
2021,AZ,0.2289331,,CEV Organizational Membership,EXTRACTED_FROM_ARCHIVED_CEV_STATE_RATES
2021,CA,0.18326669,,CEV Organizational Membership,EXTRACTED_FROM_ARCHIVED_CEV_STATE_RATES
2021,CO,0.27358516,,CEV Organizational Membership,EXTRACTED_FROM_ARCHIVED_CEV_STATE_RATES
2021,CT,0.223919,,CEV Organizational Membership,EXTRACTED_FROM_ARCHIVED_CEV_STATE_RATES
2021,DE,0.3091356,,CEV Organizational Membership,EXTRACTED_FROM_ARCHIVED_CEV_STATE_RATES
2021,FL,0.1781889,,CEV Organizational Membership,EXTRACTED_FROM_ARCHIVED_CEV_STATE_RATES
2021,GA,0.22374326,,CEV Organizational Membership,EXTRACTED_FROM_ARCHIVED_CEV_STATE_RATES
2021,HI,0.22812675,,CEV Organizational Membership,EXTRACTED_FROM_ARCHIVED_CEV_STATE_RATES
2021,IA,0.28692344,,CEV Organizational Membership,EXTRACTED_FROM_ARCHIVED_CEV_STATE_RATES
2021,ID,0.27437575,,CEV Organizational Membership,EXTRACTED_FROM_ARCHIVED_CEV_STATE_RATES
2021,IL,0.29585206,,CEV Organizational Membership,EXTRACTED_FROM_ARCHIVED_CEV_STATE_RATES
2021,IN,0.29415511,,CEV Organizational Membership,EXTRACTED_FROM_ARCHIVED_CEV_STATE_RATES
2021,KS,0.33411679,,CEV Organizational Membership,EXTRACTED_FROM_ARCHIVED_CEV_STATE_RATES
2021,KY,0.20149304,,CEV Organizational Membership,EXTRACTED_FROM_ARCHIVED_CEV_STATE_RATES
2021,LA,0.19594653,,CEV Organizational Membership,EXTRACTED_FROM_ARCHIVED_CEV_STATE_RATES
2021,MA,0.25200082,,CEV Organizational Membership,EXTRACTED_FROM_ARCHIVED_CEV_STATE_RATES
2021,MD,0.25228275,,CEV Organizational Membership,EXTRACTED_FROM_ARCHIVED_CEV_STATE_RATES
2021,ME,0.38698686,,CEV Organizational Membership,EXTRACTED_FROM_ARCHIVED_CEV_STATE_RATES
2021,MI,0.27362416,,CEV Organizational Membership,EXTRACTED_FROM_ARCHIVED_CEV_STATE_RATES
2021,MN,0.3353425,,CEV Organizational Membership,EXTRACTED_FROM_ARCHIVED_CEV_STATE_RATES
2021,MO,0.28283995,,CEV Organizational Membership,EXTRACTED_FROM_ARCHIVED_CEV_STATE_RATES
2021,MS,0.20856263,,CEV Organizational Membership,EXTRACTED_FROM_ARCHIVED_CEV_STATE_RATES
2021,MT,0.28988958,,CEV Organizational Membership,EXTRACTED_FROM_ARCHIVED_CEV_STATE_RATES
2021,NC,0.24778925,,CEV Organizational Membership,EXTRACTED_FROM_ARCHIVED_CEV_STATE_RATES
2021,ND,0.32324039,,CEV Organizational Membership,EXTRACTED_FROM_ARCHIVED_CEV_STATE_RATES
2021,NE,0.32153113,,CEV Organizational Membership,EXTRACTED_FROM_ARCHIVED_CEV_STATE_RATES
2021,NH,0.2942177,,CEV Organizational Membership,EXTRACTED_FROM_ARCHIVED_CEV_STATE_RATES
2021,NJ,0.18033374,,CEV Organizational Membership,EXTRACTED_FROM_ARCHIVED_CEV_STATE_RATES
2021,NM,0.20312318,,CEV Organizational Membership,EXTRACTED_FROM_ARCHIVED_CEV_STATE_RATES
2021,NV,0.20986168,,CEV Organizational Membership,EXTRACTED_FROM_ARCHIVED_CEV_STATE_RATES
2021,NY,0.24035216,,CEV Organizational Membership,EXTRACTED_FROM_ARCHIVED_CEV_STATE_RATES
2021,OH,0.26656427,,CEV Organizational Membership,EXTRACTED_FROM_ARCHIVED_CEV_STATE_RATES
2021,OK,0.20986963,,CEV Organizational Membership,EXTRACTED_FROM_ARCHIVED_CEV_STATE_RATES
2021,OR,0.32746886,,CEV Organizational Membership,EXTRACTED_FROM_ARCHIVED_CEV_STATE_RATES
2021,PA,0.30228889,,CEV Organizational Membership,EXTRACTED_FROM_ARCHIVED_CEV_STATE_RATES
2021,RI,0.27001254,,CEV Organizational Membership,EXTRACTED_FROM_ARCHIVED_CEV_STATE_RATES
2021,SC,0.22240559,,CEV Organizational Membership,EXTRACTED_FROM_ARCHIVED_CEV_STATE_RATES
2021,SD,0.34730262,,CEV Organizational Membership,EXTRACTED_FROM_ARCHIVED_CEV_STATE_RATES
2021,TN,0.20262751,,CEV Organizational Membership,EXTRACTED_FROM_ARCHIVED_CEV_STATE_RATES
2021,TX,0.18795944,,CEV Organizational Membership,EXTRACTED_FROM_ARCHIVED_CEV_STATE_RATES
2021,UT,0.33546438,,CEV Organizational Membership,EXTRACTED_FROM_ARCHIVED_CEV_STATE_RATES
2021,VA,0.28817351,,CEV Organizational Membership,EXTRACTED_FROM_ARCHIVED_CEV_STATE_RATES
2021,VT,0.32740307,,CEV Organizational Membership,EXTRACTED_FROM_ARCHIVED_CEV_STATE_RATES
2021,WA,0.25031009,,CEV Organizational Membership,EXTRACTED_FROM_ARCHIVED_CEV_STATE_RATES
2021,WI,0.27928567,,CEV Organizational Membership,EXTRACTED_FROM_ARCHIVED_CEV_STATE_RATES
2021,WV,0.23594357,,CEV Organizational Membership,EXTRACTED_FROM_ARCHIVED_CEV_STATE_RATES
2021,WY,0.35972858,,CEV Organizational Membership,EXTRACTED_FROM_ARCHIVED_CEV_STATE_RATES
2023,AK,0.2834552,,CEV Organizational Membership,EXTRACTED_FROM_ARCHIVED_CEV_STATE_RATES
2023,AL,0.1474839,,CEV Organizational Membership,EXTRACTED_FROM_ARCHIVED_CEV_STATE_RATES
2023,AR,0.2575347,,CEV Organizational Membership,EXTRACTED_FROM_ARCHIVED_CEV_STATE_RATES
2023,AZ,0.2315749,,CEV Organizational Membership,EXTRACTED_FROM_ARCHIVED_CEV_STATE_RATES
2023,CA,0.2112691,,CEV Organizational Membership,EXTRACTED_FROM_ARCHIVED_CEV_STATE_RATES
2023,CO,0.3229072,,CEV Organizational Membership,EXTRACTED_FROM_ARCHIVED_CEV_STATE_RATES
2023,CT,0.3322204,,CEV Organizational Membership,EXTRACTED_FROM_ARCHIVED_CEV_STATE_RATES
2023,DE,0.2990403,,CEV Organizational Membership,EXTRACTED_FROM_ARCHIVED_CEV_STATE_RATES
2023,FL,0.2073132,,CEV Organizational Membership,EXTRACTED_FROM_ARCHIVED_CEV_STATE_RATES
2023,GA,0.226441,,CEV Organizational Membership,EXTRACTED_FROM_ARCHIVED_CEV_STATE_RATES
2023,HI,0.2399288,,CEV Organizational Membership,EXTRACTED_FROM_ARCHIVED_CEV_STATE_RATES
2023,IA,0.2619836,,CEV Organizational Membership,EXTRACTED_FROM_ARCHIVED_CEV_STATE_RATES
2023,ID,0.3066974,,CEV Organizational Membership,EXTRACTED_FROM_ARCHIVED_CEV_STATE_RATES
2023,IL,0.2791279,,CEV Organizational Membership,EXTRACTED_FROM_ARCHIVED_CEV_STATE_RATES
2023,IN,0.2747553,,CEV Organizational Membership,EXTRACTED_FROM_ARCHIVED_CEV_STATE_RATES
2023,KS,0.3447054,,CEV Organizational Membership,EXTRACTED_FROM_ARCHIVED_CEV_STATE_RATES
2023,KY,0.2286845,,CEV Organizational Membership,EXTRACTED_FROM_ARCHIVED_CEV_STATE_RATES
2023,LA,0.1809529,,CEV Organizational Membership,EXTRACTED_FROM_ARCHIVED_CEV_STATE_RATES
2023,MA,0.3092543,,CEV Organizational Membership,EXTRACTED_FROM_ARCHIVED_CEV_STATE_RATES
2023,MD,0.3095643,,CEV Organizational Membership,EXTRACTED_FROM_ARCHIVED_CEV_STATE_RATES
2023,ME,0.3115403,,CEV Organizational Membership,EXTRACTED_FROM_ARCHIVED_CEV_STATE_RATES
2023,MI,0.2355046,,CEV Organizational Membership,EXTRACTED_FROM_ARCHIVED_CEV_STATE_RATES
2023,MN,0.3508036,,CEV Organizational Membership,EXTRACTED_FROM_ARCHIVED_CEV_STATE_RATES
2023,MO,0.261778,,CEV Organizational Membership,EXTRACTED_FROM_ARCHIVED_CEV_STATE_RATES
2023,MS,0.1778672,,CEV Organizational Membership,EXTRACTED_FROM_ARCHIVED_CEV_STATE_RATES
2023,MT,0.2991183,,CEV Organizational Membership,EXTRACTED_FROM_ARCHIVED_CEV_STATE_RATES
2023,NC,0.2075656,,CEV Organizational Membership,EXTRACTED_FROM_ARCHIVED_CEV_STATE_RATES
2023,ND,0.2805086,,CEV Organizational Membership,EXTRACTED_FROM_ARCHIVED_CEV_STATE_RATES
2023,NE,0.3429598,,CEV Organizational Membership,EXTRACTED_FROM_ARCHIVED_CEV_STATE_RATES
2023,NH,0.2966554,,CEV Organizational Membership,EXTRACTED_FROM_ARCHIVED_CEV_STATE_RATES
2023,NJ,0.2279223,,CEV Organizational Membership,EXTRACTED_FROM_ARCHIVED_CEV_STATE_RATES
2023,NM,0.1908333,,CEV Organizational Membership,EXTRACTED_FROM_ARCHIVED_CEV_STATE_RATES
2023,NV,0.1729108,,CEV Organizational Membership,EXTRACTED_FROM_ARCHIVED_CEV_STATE_RATES
2023,NY,0.2394091,,CEV Organizational Membership,EXTRACTED_FROM_ARCHIVED_CEV_STATE_RATES
2023,OH,0.2720969,,CEV Organizational Membership,EXTRACTED_FROM_ARCHIVED_CEV_STATE_RATES
2023,OK,0.2452796,,CEV Organizational Membership,EXTRACTED_FROM_ARCHIVED_CEV_STATE_RATES
2023,OR,0.3331852,,CEV Organizational Membership,EXTRACTED_FROM_ARCHIVED_CEV_STATE_RATES
2023,PA,0.2950256,,CEV Organizational Membership,EXTRACTED_FROM_ARCHIVED_CEV_STATE_RATES
2023,RI,0.2264467,,CEV Organizational Membership,EXTRACTED_FROM_ARCHIVED_CEV_STATE_RATES
2023,SC,0.2349642,,CEV Organizational Membership,EXTRACTED_FROM_ARCHIVED_CEV_STATE_RATES
2023,SD,0.3016258,,CEV Organizational Membership,EXTRACTED_FROM_ARCHIVED_CEV_STATE_RATES
2023,TN,0.284347,,CEV Organizational Membership,EXTRACTED_FROM_ARCHIVED_CEV_STATE_RATES
2023,TX,0.2044866,,CEV Organizational Membership,EXTRACTED_FROM_ARCHIVED_CEV_STATE_RATES
2023,UT,0.3933898,,CEV Organizational Membership,EXTRACTED_FROM_ARCHIVED_CEV_STATE_RATES
2023,VA,0.283081,,CEV Organizational Membership,EXTRACTED_FROM_ARCHIVED_CEV_STATE_RATES
2023,VT,0.4132962,,CEV Organizational Membership,EXTRACTED_FROM_ARCHIVED_CEV_STATE_RATES
2023,WA,0.2944386,,CEV Organizational Membership,EXTRACTED_FROM_ARCHIVED_CEV_STATE_RATES
2023,WI,0.267792,,CEV Organizational Membership,EXTRACTED_FROM_ARCHIVED_CEV_STATE_RATES
2023,WV,0.1918602,,CEV Organizational Membership,EXTRACTED_FROM_ARCHIVED_CEV_STATE_RATES
2023,WY,0.3084228,,CEV Organizational Membership,EXTRACTED_FROM_ARCHIVED_CEV_STATE_RATES
