check,actual,expected,result,scope
original_CEV_item_rows,2000,2000,PASS,REVIEW_ONLY_NOT_FINAL_CANONICAL_QA
CEV_states,50,50,PASS,REVIEW_ONLY_NOT_FINAL_CANONICAL_QA
CEV_waves,4,4,PASS,REVIEW_ONLY_NOT_FINAL_CANONICAL_QA
CEV_measures,10,10,PASS,REVIEW_ONLY_NOT_FINAL_CANONICAL_QA
original_state_year_item_duplicates,0,0,PASS,REVIEW_ONLY_NOT_FINAL_CANONICAL_QA
observed_item_rows,2300,2300,PASS,REVIEW_ONLY_NOT_FINAL_CANONICAL_QA
historical_item_rows,300,300,PASS,REVIEW_ONLY_NOT_FINAL_CANONICAL_QA
historical_missing_rates,0,0,PASS,REVIEW_ONLY_NOT_FINAL_CANONICAL_QA
DC_in_observed,0,0,PASS,REVIEW_ONLY_NOT_FINAL_CANONICAL_QA
four_wave_holdouts,16,16,PASS,REVIEW_ONLY_NOT_FINAL_CANONICAL_QA
converged_model_fits,4,4,PASS,REVIEW_ONLY_NOT_FINAL_CANONICAL_QA
canonical_selected,0,0,PASS,REVIEW_ONLY_NOT_FINAL_CANONICAL_QA
