state_abv,state,year,real_gdp_millions_chained_2017_dollars
AL,Alabama,2000,168695.3
AL,Alabama,2001,168448.3
AL,Alabama,2002,172430.4
AL,Alabama,2003,178040.0
AL,Alabama,2004,189913.7
AL,Alabama,2005,197246.5
AL,Alabama,2006,199923.9
AL,Alabama,2007,202025.5
AL,Alabama,2008,200967.4
AL,Alabama,2009,194192.1
AL,Alabama,2010,199455.0
AL,Alabama,2011,201372.8
AL,Alabama,2012,203675.5
AL,Alabama,2013,206962.9
AL,Alabama,2014,206070.0
AL,Alabama,2015,208950.3
AL,Alabama,2016,212862.8
AL,Alabama,2017,216615.5
AL,Alabama,2018,220808.8
AL,Alabama,2019,225272.8
AL,Alabama,2020,222288.8
AL,Alabama,2021,233726.6
AL,Alabama,2022,238556.5
AL,Alabama,2023,245354.7
AK,Alaska,2000,38428.1
AK,Alaska,2001,40014.4
AK,Alaska,2002,41904.7
AK,Alaska,2003,41235.0
AK,Alaska,2004,42880.1
AK,Alaska,2005,44406.8
AK,Alaska,2006,47546.2
AK,Alaska,2007,50126.7
AK,Alaska,2008,49926.6
AK,Alaska,2009,54951.9
AK,Alaska,2010,53652.0
AK,Alaska,2011,54045.5
AK,Alaska,2012,57087.4
AK,Alaska,2013,54627.6
AK,Alaska,2014,53303.3
AK,Alaska,2015,53681.1
AK,Alaska,2016,53463.9
AK,Alaska,2017,53550.9
AK,Alaska,2018,52479.6
AK,Alaska,2019,52377.5
AK,Alaska,2020,50332.8
AK,Alaska,2021,51454.1
AK,Alaska,2022,50767.1
AK,Alaska,2023,54059.7
AZ,Arizona,2000,224729.3
AZ,Arizona,2001,230885.6
AZ,Arizona,2002,238257.1
AZ,Arizona,2003,253743.1
AZ,Arizona,2004,264990.0
AZ,Arizona,2005,283806.2
AZ,Arizona,2006,296424.4
AZ,Arizona,2007,306611.6
AZ,Arizona,2008,302277.9
AZ,Arizona,2009,277412.4
AZ,Arizona,2010,282252.5
AZ,Arizona,2011,290411.3
AZ,Arizona,2012,297077.3
AZ,Arizona,2013,298859.9
AZ,Arizona,2014,301721.2
AZ,Arizona,2015,308582.8
AZ,Arizona,2016,319008.4
AZ,Arizona,2017,333099.0
AZ,Arizona,2018,346398.3
AZ,Arizona,2019,359576.7
AZ,Arizona,2020,365027.7
AZ,Arizona,2021,395035.9
AZ,Arizona,2022,410228.4
AZ,Arizona,2023,422399.6
AR,Arkansas,2000,95509.8
AR,Arkansas,2001,95528.7
AR,Arkansas,2002,98556.6
AR,Arkansas,2003,102948.0
AR,Arkansas,2004,108581.8
AR,Arkansas,2005,112451.1
AR,Arkansas,2006,114890.4
AR,Arkansas,2007,114026.7
AR,Arkansas,2008,113628.0
AR,Arkansas,2009,109833.1
AR,Arkansas,2010,113000.9
AR,Arkansas,2011,115241.8
AR,Arkansas,2012,116616.2
AR,Arkansas,2013,119842.8
AR,Arkansas,2014,121409.4
AR,Arkansas,2015,121532.5
AR,Arkansas,2016,123034.9
AR,Arkansas,2017,123882.6
AR,Arkansas,2018,126371.2
AR,Arkansas,2019,127220.0
AR,Arkansas,2020,128340.9
AR,Arkansas,2021,137463.6
AR,Arkansas,2022,139560.7
AR,Arkansas,2023,142860.6
CA,California,2000,1784320.6
CA,California,2001,1784567.7
CA,California,2002,1821509.5
CA,California,2003,1895287.6
CA,California,2004,1956745.5
CA,California,2005,2042141.0
CA,California,2006,2120435.4
CA,California,2007,2168940.4
CA,California,2008,2192331.8
CA,California,2009,2110679.4
CA,California,2010,2153852.8
CA,California,2011,2192887.2
CA,California,2012,2255437.3
CA,California,2013,2340335.3
CA,California,2014,2428675.7
CA,California,2015,2545979.5
CA,California,2016,2623711.7
CA,California,2017,2740550.3
CA,California,2018,2850970.3
CA,California,2019,2969609.0
CA,California,2020,2933320.2
CA,California,2021,3154188.6
CA,California,2022,3184007.8
CA,California,2023,3248656.6
CO,Colorado,2000,238739.3
CO,Colorado,2001,242650.1
CO,Colorado,2002,243701.9
CO,Colorado,2003,246017.4
CO,Colorado,2004,250069.3
CO,Colorado,2005,261992.9
CO,Colorado,2006,268190.8
CO,Colorado,2007,278733.8
CO,Colorado,2008,281803.3
CO,Colorado,2009,275659.1
CO,Colorado,2010,279385.6
CO,Colorado,2011,283963.8
CO,Colorado,2012,289339.5
CO,Colorado,2013,301484.1
CO,Colorado,2014,315399.0
CO,Colorado,2015,330526.1
CO,Colorado,2016,337685.2
CO,Colorado,2017,350209.1
CO,Colorado,2018,365204.5
CO,Colorado,2019,383725.6
CO,Colorado,2020,380188.8
CO,Colorado,2021,406451.9
CO,Colorado,2022,418818.8
CO,Colorado,2023,437056.0
CT,Connecticut,2000,233874.2
CT,Connecticut,2001,236338.1
CT,Connecticut,2002,234307.3
CT,Connecticut,2003,236719.1
CT,Connecticut,2004,252680.8
CT,Connecticut,2005,258203.7
CT,Connecticut,2006,269478.6
CT,Connecticut,2007,278485.4
CT,Connecticut,2008,277793.2
CT,Connecticut,2009,265530.8
CT,Connecticut,2010,266773.4
CT,Connecticut,2011,261555.8
CT,Connecticut,2012,263649.9
CT,Connecticut,2013,258911.0
CT,Connecticut,2014,260605.8
CT,Connecticut,2015,268869.8
CT,Connecticut,2016,268196.2
CT,Connecticut,2017,273875.1
CT,Connecticut,2018,274582.8
CT,Connecticut,2019,275225.4
CT,Connecticut,2020,260765.2
CT,Connecticut,2021,269838.7
CT,Connecticut,2022,278975.9
CT,Connecticut,2023,286628.4
DE,Delaware,2000,63388.8
DE,Delaware,2001,65724.8
DE,Delaware,2002,63702.5
DE,Delaware,2003,64316.8
DE,Delaware,2004,67735.5
DE,Delaware,2005,66381.2
DE,Delaware,2006,68411.8
DE,Delaware,2007,68132.4
DE,Delaware,2008,65771.3
DE,Delaware,2009,69186.2
DE,Delaware,2010,68291.9
DE,Delaware,2011,71103.5
DE,Delaware,2012,70562.4
DE,Delaware,2013,68656.8
DE,Delaware,2014,73961.7
DE,Delaware,2015,76211.2
DE,Delaware,2016,71941.4
DE,Delaware,2017,69555.6
DE,Delaware,2018,70856.4
DE,Delaware,2019,74627.8
DE,Delaware,2020,72506.8
DE,Delaware,2021,74657.1
DE,Delaware,2022,77149.2
DE,Delaware,2023,78014.4
FL,Florida,2000,693837.3
FL,Florida,2001,714638.0
FL,Florida,2002,746252.8
FL,Florida,2003,781834.2
FL,Florida,2004,833946.8
FL,Florida,2005,883164.5
FL,Florida,2006,909298.9
FL,Florida,2007,922288.3
FL,Florida,2008,891766.9
FL,Florida,2009,840480.6
FL,Florida,2010,851956.4
FL,Florida,2011,849395.3
FL,Florida,2012,857861.3
FL,Florida,2013,880183.5
FL,Florida,2014,905648.5
FL,Florida,2015,945929.0
FL,Florida,2016,978989.7
FL,Florida,2017,1014866.9
FL,Florida,2018,1050433.8
FL,Florida,2019,1084913.9
FL,Florida,2020,1069758.8
FL,Florida,2021,1170526.3
FL,Florida,2022,1239883.6
FL,Florida,2023,1292787.6
GA,Georgia,2000,417713.5
GA,Georgia,2001,422731.6
GA,Georgia,2002,427329.7
GA,Georgia,2003,439074.6
GA,Georgia,2004,461245.4
GA,Georgia,2005,480838.3
GA,Georgia,2006,487524.9
GA,Georgia,2007,492238.7
GA,Georgia,2008,481860.3
GA,Georgia,2009,464016.8
GA,Georgia,2010,471588.2
GA,Georgia,2011,481215.4
GA,Georgia,2012,489027.3
GA,Georgia,2013,499900.2
GA,Georgia,2014,517511.9
GA,Georgia,2015,540108.5
GA,Georgia,2016,561718.3
GA,Georgia,2017,583543.3
GA,Georgia,2018,600934.7
GA,Georgia,2019,620744.9
GA,Georgia,2020,604745.9
GA,Georgia,2021,643013.8
GA,Georgia,2022,665678.1
GA,Georgia,2023,678201.2
HI,Hawaii,2000,60745.7
HI,Hawaii,2001,60446.4
HI,Hawaii,2002,62355.2
HI,Hawaii,2003,65623.7
HI,Hawaii,2004,69332.0
HI,Hawaii,2005,72941.9
HI,Hawaii,2006,74892.9
HI,Hawaii,2007,76434.1
HI,Hawaii,2008,76830.2
HI,Hawaii,2009,74118.5
HI,Hawaii,2010,76130.2
HI,Hawaii,2011,77174.2
HI,Hawaii,2012,78694.0
HI,Hawaii,2013,80534.9
HI,Hawaii,2014,81304.9
HI,Hawaii,2015,83857.6
HI,Hawaii,2016,85670.4
HI,Hawaii,2017,87436.4
HI,Hawaii,2018,88836.4
HI,Hawaii,2019,88855.2
HI,Hawaii,2020,79840.1
HI,Hawaii,2021,84408.5
HI,Hawaii,2022,86887.8
HI,Hawaii,2023,88614.3
ID,Idaho,2000,49793.0
ID,Idaho,2001,48695.4
ID,Idaho,2002,49840.5
ID,Idaho,2003,51542.6
ID,Idaho,2004,55137.1
ID,Idaho,2005,59331.9
ID,Idaho,2006,60738.6
ID,Idaho,2007,61812.1
ID,Idaho,2008,63878.2
ID,Idaho,2009,61276.1
ID,Idaho,2010,62626.4
ID,Idaho,2011,62704.0
ID,Idaho,2012,62007.3
ID,Idaho,2013,64769.8
ID,Idaho,2014,66784.9
ID,Idaho,2015,67790.5
ID,Idaho,2016,70442.5
ID,Idaho,2017,72935.1
ID,Idaho,2018,77652.1
ID,Idaho,2019,81144.3
ID,Idaho,2020,82717.4
ID,Idaho,2021,88969.6
ID,Idaho,2022,92903.7
ID,Idaho,2023,95897.9
IL,Illinois,2000,687111.4
IL,Illinois,2001,688404.3
IL,Illinois,2002,692398.1
IL,Illinois,2003,703548.8
IL,Illinois,2004,726139.0
IL,Illinois,2005,741248.6
IL,Illinois,2006,759825.7
IL,Illinois,2007,769571.6
IL,Illinois,2008,759095.3
IL,Illinois,2009,740794.3
IL,Illinois,2010,755391.4
IL,Illinois,2011,772225.6
IL,Illinois,2012,790723.3
IL,Illinois,2013,795435.2
IL,Illinois,2014,811490.1
IL,Illinois,2015,825424.9
IL,Illinois,2016,826404.7
IL,Illinois,2017,832826.8
IL,Illinois,2018,851517.2
IL,Illinois,2019,858018.3
IL,Illinois,2020,810200.9
IL,Illinois,2021,855888.1
IL,Illinois,2022,876536.0
IL,Illinois,2023,885651.3
IN,Indiana,2000,278990.4
IN,Indiana,2001,273884.4
IN,Indiana,2002,280723.0
IN,Indiana,2003,293045.2
IN,Indiana,2004,303819.8
IN,Indiana,2005,306344.6
IN,Indiana,2006,312525.5
IN,Indiana,2007,322661.7
IN,Indiana,2008,322384.3
IN,Indiana,2009,299789.0
IN,Indiana,2010,320731.8
IN,Indiana,2011,321532.8
IN,Indiana,2012,323876.2
IN,Indiana,2013,333207.4
IN,Indiana,2014,343827.8
IN,Indiana,2015,341205.2
IN,Indiana,2016,348439.2
IN,Indiana,2017,357535.8
IN,Indiana,2018,368762.9
IN,Indiana,2019,370507.2
IN,Indiana,2020,359787.3
IN,Indiana,2021,387122.0
IN,Indiana,2022,399280.8
IN,Indiana,2023,404290.3
IA,Iowa,2000,129323.4
IA,Iowa,2001,128077.5
IA,Iowa,2002,131035.2
IA,Iowa,2003,137476.9
IA,Iowa,2004,149063.2
IA,Iowa,2005,153626.8
IA,Iowa,2006,155704.5
IA,Iowa,2007,162838.1
IA,Iowa,2008,160469.1
IA,Iowa,2009,156737.2
IA,Iowa,2010,161593.1
IA,Iowa,2011,164559.3
IA,Iowa,2012,170923.7
IA,Iowa,2013,171069.1
IA,Iowa,2014,180309.9
IA,Iowa,2015,185989.2
IA,Iowa,2016,186729.9
IA,Iowa,2017,187125.0
IA,Iowa,2018,189245.1
IA,Iowa,2019,188471.4
IA,Iowa,2020,186328.2
IA,Iowa,2021,201147.1
IA,Iowa,2022,201580.4
IA,Iowa,2023,202051.4
KS,Kansas,2000,118840.9
KS,Kansas,2001,119474.1
KS,Kansas,2002,121050.5
KS,Kansas,2003,123486.7
KS,Kansas,2004,124793.2
KS,Kansas,2005,129588.2
KS,Kansas,2006,136135.8
KS,Kansas,2007,143586.6
KS,Kansas,2008,147265.0
KS,Kansas,2009,141902.5
KS,Kansas,2010,143870.1
KS,Kansas,2011,147836.8
KS,Kansas,2012,150077.1
KS,Kansas,2013,150702.9
KS,Kansas,2014,154110.1
KS,Kansas,2015,158602.6
KS,Kansas,2016,164643.7
KS,Kansas,2017,166273.6
KS,Kansas,2018,169796.9
KS,Kansas,2019,169562.3
KS,Kansas,2020,168056.8
KS,Kansas,2021,172782.4
KS,Kansas,2022,177470.1
KS,Kansas,2023,183795.6
KY,Kentucky,2000,161101.0
KY,Kentucky,2001,161316.4
KY,Kentucky,2002,165435.3
KY,Kentucky,2003,170481.9
KY,Kentucky,2004,175344.6
KY,Kentucky,2005,182017.9
KY,Kentucky,2006,186332.6
KY,Kentucky,2007,185790.0
KY,Kentucky,2008,186515.9
KY,Kentucky,2009,178112.8
KY,Kentucky,2010,186720.6
KY,Kentucky,2011,188389.8
KY,Kentucky,2012,192060.1
KY,Kentucky,2013,196698.0
KY,Kentucky,2014,196795.8
KY,Kentucky,2015,199487.1
KY,Kentucky,2016,201007.2
KY,Kentucky,2017,203564.0
KY,Kentucky,2018,205940.1
KY,Kentucky,2019,211783.1
KY,Kentucky,2020,206049.6
KY,Kentucky,2021,215133.2
KY,Kentucky,2022,219755.6
KY,Kentucky,2023,224418.0
LA,Louisiana,2000,206556.1
LA,Louisiana,2001,210534.7
LA,Louisiana,2002,214856.1
LA,Louisiana,2003,223576.0
LA,Louisiana,2004,234620.8
LA,Louisiana,2005,249560.9
LA,Louisiana,2006,247139.7
LA,Louisiana,2007,234216.4
LA,Louisiana,2008,237061.6
LA,Louisiana,2009,241868.8
LA,Louisiana,2010,253466.9
LA,Louisiana,2011,241235.9
LA,Louisiana,2012,242416.8
LA,Louisiana,2013,236482.3
LA,Louisiana,2014,243042.9
LA,Louisiana,2015,239584.1
LA,Louisiana,2016,235554.2
LA,Louisiana,2017,239830.7
LA,Louisiana,2018,245220.3
LA,Louisiana,2019,246674.4
LA,Louisiana,2020,228951.3
LA,Louisiana,2021,237839.2
LA,Louisiana,2022,236854.1
LA,Louisiana,2023,248615.5
ME,Maine,2000,52958.5
ME,Maine,2001,54066.2
ME,Maine,2002,55406.5
ME,Maine,2003,56882.4
ME,Maine,2004,58934.8
ME,Maine,2005,59589.7
ME,Maine,2006,59986.0
ME,Maine,2007,60032.6
ME,Maine,2008,59845.1
ME,Maine,2009,58771.8
ME,Maine,2010,59958.5
ME,Maine,2011,59429.7
ME,Maine,2012,59181.7
ME,Maine,2013,59013.9
ME,Maine,2014,59589.8
ME,Maine,2015,60563.0
ME,Maine,2016,62037.1
ME,Maine,2017,63000.6
ME,Maine,2018,64806.3
ME,Maine,2019,66758.4
ME,Maine,2020,67410.9
ME,Maine,2021,71142.4
ME,Maine,2022,73036.2
ME,Maine,2023,75195.4
MD,Maryland,2000,269301.2
MD,Maryland,2001,281053.6
MD,Maryland,2002,290400.3
MD,Maryland,2003,297690.6
MD,Maryland,2004,311504.8
MD,Maryland,2005,325644.5
MD,Maryland,2006,329874.0
MD,Maryland,2007,331763.5
MD,Maryland,2008,338165.4
MD,Maryland,2009,336285.8
MD,Maryland,2010,352622.9
MD,Maryland,2011,360155.9
MD,Maryland,2012,361561.8
MD,Maryland,2013,364633.2
MD,Maryland,2014,370343.9
MD,Maryland,2015,378745.9
MD,Maryland,2016,391950.9
MD,Maryland,2017,399714.5
MD,Maryland,2018,402480.9
MD,Maryland,2019,402506.2
MD,Maryland,2020,388782.8
MD,Maryland,2021,406953.1
MD,Maryland,2022,416406.2
MD,Maryland,2023,422866.3
MA,Massachusetts,2000,382599.6
MA,Massachusetts,2001,388180.8
MA,Massachusetts,2002,388451.6
MA,Massachusetts,2003,397069.9
MA,Massachusetts,2004,407886.0
MA,Massachusetts,2005,417075.6
MA,Massachusetts,2006,426926.1
MA,Massachusetts,2007,440373.8
MA,Massachusetts,2008,447526.8
MA,Massachusetts,2009,441307.6
MA,Massachusetts,2010,462330.8
MA,Massachusetts,2011,472664.3
MA,Massachusetts,2012,483286.3
MA,Massachusetts,2013,486991.8
MA,Massachusetts,2014,496250.9
MA,Massachusetts,2015,514398.7
MA,Massachusetts,2016,521662.8
MA,Massachusetts,2017,530129.4
MA,Massachusetts,2018,549262.1
MA,Massachusetts,2019,566326.8
MA,Massachusetts,2020,559765.0
MA,Massachusetts,2021,595911.8
MA,Massachusetts,2022,608052.9
MA,Massachusetts,2023,615504.5
MI,Michigan,2000,467654.4
MI,Michigan,2001,453301.5
MI,Michigan,2002,465788.4
MI,Michigan,2003,477085.4
MI,Michigan,2004,485082.7
MI,Michigan,2005,493796.3
MI,Michigan,2006,483763.6
MI,Michigan,2007,482935.1
MI,Michigan,2008,455256.7
MI,Michigan,2009,416297.1
MI,Michigan,2010,441271.5
MI,Michigan,2011,453989.1
MI,Michigan,2012,463302.6
MI,Michigan,2013,472779.9
MI,Michigan,2014,479534.9
MI,Michigan,2015,490618.7
MI,Michigan,2016,500159.5
MI,Michigan,2017,505101.5
MI,Michigan,2018,516843.0
MI,Michigan,2019,521085.1
MI,Michigan,2020,501893.8
MI,Michigan,2021,530380.9
MI,Michigan,2022,543720.9
MI,Michigan,2023,554256.2
MN,Minnesota,2000,263345.6
MN,Minnesota,2001,263518.7
MN,Minnesota,2002,268982.8
MN,Minnesota,2003,280796.9
MN,Minnesota,2004,293753.9
MN,Minnesota,2005,301761.2
MN,Minnesota,2006,302272.7
MN,Minnesota,2007,304208.0
MN,Minnesota,2008,309290.4
MN,Minnesota,2009,296875.2
MN,Minnesota,2010,308091.9
MN,Minnesota,2011,315213.3
MN,Minnesota,2012,321053.9
MN,Minnesota,2013,329774.5
MN,Minnesota,2014,338623.9
MN,Minnesota,2015,345456.2
MN,Minnesota,2016,350603.6
MN,Minnesota,2017,354721.9
MN,Minnesota,2018,364799.7
MN,Minnesota,2019,369617.4
MN,Minnesota,2020,357475.6
MN,Minnesota,2021,377947.0
MN,Minnesota,2022,384727.7
MN,Minnesota,2023,390907.9
MS,Mississippi,2000,93957.0
MS,Mississippi,2001,93515.5
MS,Mississippi,2002,94561.5
MS,Mississippi,2003,98762.1
MS,Mississippi,2004,101369.5
MS,Mississippi,2005,103691.8
MS,Mississippi,2006,105879.9
MS,Mississippi,2007,107713.9
MS,Mississippi,2008,109434.0
MS,Mississippi,2009,105360.0
MS,Mississippi,2010,106711.8
MS,Mississippi,2011,106491.1
MS,Mississippi,2012,108646.5
MS,Mississippi,2013,109032.7
MS,Mississippi,2014,109299.6
MS,Mississippi,2015,109401.7
MS,Mississippi,2016,109911.0
MS,Mississippi,2017,110281.4
MS,Mississippi,2018,110174.8
MS,Mississippi,2019,111207.8
MS,Mississippi,2020,110322.8
MS,Mississippi,2021,115675.1
MS,Mississippi,2022,116557.1
MS,Mississippi,2023,119548.4
MO,Missouri,2000,262665.4
MO,Missouri,2001,260381.1
MO,Missouri,2002,264997.7
MO,Missouri,2003,271970.5
MO,Missouri,2004,279128.2
MO,Missouri,2005,285341.7
MO,Missouri,2006,286558.3
MO,Missouri,2007,288320.8
MO,Missouri,2008,297881.8
MO,Missouri,2009,289566.8
MO,Missouri,2010,295986.4
MO,Missouri,2011,292984.2
MO,Missouri,2012,296514.3
MO,Missouri,2013,302025.7
MO,Missouri,2014,303617.8
MO,Missouri,2015,308009.9
MO,Missouri,2016,308423.3
MO,Missouri,2017,311273.8
MO,Missouri,2018,314182.4
MO,Missouri,2019,321329.1
MO,Missouri,2020,315332.6
MO,Missouri,2021,331580.9
MO,Missouri,2022,339652.4
MO,Missouri,2023,348487.4
MT,Montana,2000,32513.7
MT,Montana,2001,32689.6
MT,Montana,2002,33663.8
MT,Montana,2003,35249.5
MT,Montana,2004,36949.9
MT,Montana,2005,38849.0
MT,Montana,2006,40055.0
MT,Montana,2007,42057.7
MT,Montana,2008,42049.3
MT,Montana,2009,40938.4
MT,Montana,2010,42469.8
MT,Montana,2011,43532.2
MT,Montana,2012,44329.1
MT,Montana,2013,45114.7
MT,Montana,2014,46166.7
MT,Montana,2015,47765.6
MT,Montana,2016,47189.6
MT,Montana,2017,48470.5
MT,Montana,2018,49455.0
MT,Montana,2019,50263.5
MT,Montana,2020,49981.4
MT,Montana,2021,53303.7
MT,Montana,2022,55193.9
MT,Montana,2023,57373.3
NE,Nebraska,2000,80268.2
NE,Nebraska,2001,82268.1
NE,Nebraska,2002,83433.2
NE,Nebraska,2003,88310.7
NE,Nebraska,2004,90607.6
NE,Nebraska,2005,94556.0
NE,Nebraska,2006,97322.8
NE,Nebraska,2007,99780.7
NE,Nebraska,2008,99860.1
NE,Nebraska,2009,99986.4
NE,Nebraska,2010,103940.8
NE,Nebraska,2011,109734.2
NE,Nebraska,2012,109686.3
NE,Nebraska,2013,111382.2
NE,Nebraska,2014,115651.9
NE,Nebraska,2015,119640.8
NE,Nebraska,2016,121303.1
NE,Nebraska,2017,123219.9
NE,Nebraska,2018,125543.4
NE,Nebraska,2019,127568.9
NE,Nebraska,2020,126734.9
NE,Nebraska,2021,134939.9
NE,Nebraska,2022,139440.9
NE,Nebraska,2023,145019.6
NV,Nevada,2000,114810.2
NV,Nevada,2001,116267.3
NV,Nevada,2002,120180.1
NV,Nevada,2003,125905.4
NV,Nevada,2004,139373.0
NV,Nevada,2005,150680.9
NV,Nevada,2006,156297.9
NV,Nevada,2007,157734.3
NV,Nevada,2008,152745.6
NV,Nevada,2009,140304.3
NV,Nevada,2010,142614.2
NV,Nevada,2011,144341.2
NV,Nevada,2012,142986.1
NV,Nevada,2013,144549.3
NV,Nevada,2014,145303.6
NV,Nevada,2015,151055.9
NV,Nevada,2016,156007.4
NV,Nevada,2017,163199.1
NV,Nevada,2018,168638.5
NV,Nevada,2019,176029.7
NV,Nevada,2020,166077.0
NV,Nevada,2021,182474.1
NV,Nevada,2022,190463.3
NV,Nevada,2023,195405.6
NH,New Hampshire,2000,60742.5
NH,New Hampshire,2001,61719.4
NH,New Hampshire,2002,63474.2
NH,New Hampshire,2003,66119.4
NH,New Hampshire,2004,68428.1
NH,New Hampshire,2005,69556.1
NH,New Hampshire,2006,71424.5
NH,New Hampshire,2007,71943.5
NH,New Hampshire,2008,71195.6
NH,New Hampshire,2009,70498.6
NH,New Hampshire,2010,72950.4
NH,New Hampshire,2011,73465.0
NH,New Hampshire,2012,74082.8
NH,New Hampshire,2013,75503.4
NH,New Hampshire,2014,76836.2
NH,New Hampshire,2015,79319.3
NH,New Hampshire,2016,80736.1
NH,New Hampshire,2017,81179.6
NH,New Hampshire,2018,82269.5
NH,New Hampshire,2019,84438.2
NH,New Hampshire,2020,83152.6
NH,New Hampshire,2021,89949.3
NH,New Hampshire,2022,91416.1
NH,New Hampshire,2023,93466.7
NJ,New Jersey,2000,503901.5
NJ,New Jersey,2001,509631.5
NJ,New Jersey,2002,517752.2
NJ,New Jersey,2003,529815.9
NJ,New Jersey,2004,536174.0
NJ,New Jersey,2005,546357.8
NJ,New Jersey,2006,555211.0
NJ,New Jersey,2007,560823.8
NJ,New Jersey,2008,573202.7
NJ,New Jersey,2009,546362.2
NJ,New Jersey,2010,554764.4
NJ,New Jersey,2011,548479.3
NJ,New Jersey,2012,560729.7
NJ,New Jersey,2013,570952.4
NJ,New Jersey,2014,570696.4
NJ,New Jersey,2015,581414.9
NJ,New Jersey,2016,587049.7
NJ,New Jersey,2017,590086.7
NJ,New Jersey,2018,606892.2
NJ,New Jersey,2019,618691.0
NJ,New Jersey,2020,597221.4
NJ,New Jersey,2021,632463.3
NJ,New Jersey,2022,650235.8
NJ,New Jersey,2023,663888.5
NM,New Mexico,2000,72733.8
NM,New Mexico,2001,72996.4
NM,New Mexico,2002,75345.9
NM,New Mexico,2003,78766.8
NM,New Mexico,2004,85751.0
NM,New Mexico,2005,86295.9
NM,New Mexico,2006,88554.5
NM,New Mexico,2007,89392.3
NM,New Mexico,2008,89012.9
NM,New Mexico,2009,90829.2
NM,New Mexico,2010,90721.0
NM,New Mexico,2011,90552.3
NM,New Mexico,2012,90762.4
NM,New Mexico,2013,90104.0
NM,New Mexico,2014,92621.1
NM,New Mexico,2015,93503.9
NM,New Mexico,2016,93043.5
NM,New Mexico,2017,93210.1
NM,New Mexico,2018,96077.0
NM,New Mexico,2019,100342.2
NM,New Mexico,2020,97622.4
NM,New Mexico,2021,100917.6
NM,New Mexico,2022,103301.6
NM,New Mexico,2023,110323.7
NY,New York,2000,1217036.4
NY,New York,2001,1240755.2
NY,New York,2002,1228580.8
NY,New York,2003,1236563.1
NY,New York,2004,1269433.1
NY,New York,2005,1301438.0
NY,New York,2006,1339568.5
NY,New York,2007,1353798.9
NY,New York,2008,1328095.7
NY,New York,2009,1379504.6
NY,New York,2010,1431624.0
NY,New York,2011,1440346.8
NY,New York,2012,1496280.1
NY,New York,2013,1501818.0
NY,New York,2014,1535375.9
NY,New York,2015,1565835.2
NY,New York,2016,1590567.8
NY,New York,2017,1624800.7
NY,New York,2018,1665186.8
NY,New York,2019,1704364.3
NY,New York,2020,1656784.8
NY,New York,2021,1736222.3
NY,New York,2022,1765102.1
NY,New York,2023,1791210.7
NC,North Carolina,2000,384115.3
NC,North Carolina,2001,387433.9
NC,North Carolina,2002,393685.9
NC,North Carolina,2003,404582.5
NC,North Carolina,2004,420579.4
NC,North Carolina,2005,442305.6
NC,North Carolina,2006,470663.9
NC,North Carolina,2007,477920.8
NC,North Carolina,2008,492688.8
NC,North Carolina,2009,473610.5
NC,North Carolina,2010,482030.4
NC,North Carolina,2011,484200.3
NC,North Carolina,2012,488126.5
NC,North Carolina,2013,497456.6
NC,North Carolina,2014,509782.4
NC,North Carolina,2015,525229.1
NC,North Carolina,2016,536308.5
NC,North Carolina,2017,546810.1
NC,North Carolina,2018,556573.7
NC,North Carolina,2019,567975.0
NC,North Carolina,2020,564504.4
NC,North Carolina,2021,600217.3
NC,North Carolina,2022,619537.2
NC,North Carolina,2023,638067.3
ND,North Dakota,2000,24990.2
ND,North Dakota,2001,25329.8
ND,North Dakota,2002,26592.1
ND,North Dakota,2003,28326.7
ND,North Dakota,2004,28636.2
ND,North Dakota,2005,29629.0
ND,North Dakota,2006,30911.4
ND,North Dakota,2007,32529.0
ND,North Dakota,2008,35030.4
ND,North Dakota,2009,35971.3
ND,North Dakota,2010,38697.4
ND,North Dakota,2011,43300.4
ND,North Dakota,2012,53326.8
ND,North Dakota,2013,54690.9
ND,North Dakota,2014,60193.0
ND,North Dakota,2015,58694.5
ND,North Dakota,2016,54756.0
ND,North Dakota,2017,56530.2
ND,North Dakota,2018,58516.4
ND,North Dakota,2019,59408.5
ND,North Dakota,2020,55850.6
ND,North Dakota,2021,56419.2
ND,North Dakota,2022,55988.0
ND,North Dakota,2023,60348.6
OH,Ohio,2000,541005.9
OH,Ohio,2001,534612.4
OH,Ohio,2002,546688.2
OH,Ohio,2003,557024.5
OH,Ohio,2004,572308.5
OH,Ohio,2005,584867.7
OH,Ohio,2006,582637.6
OH,Ohio,2007,585403.0
OH,Ohio,2008,580389.0
OH,Ohio,2009,550982.4
OH,Ohio,2010,563816.3
OH,Ohio,2011,580251.4
OH,Ohio,2012,586540.9
OH,Ohio,2013,603057.4
OH,Ohio,2014,624973.4
OH,Ohio,2015,633274.8
OH,Ohio,2016,638157.5
OH,Ohio,2017,652187.5
OH,Ohio,2018,656212.0
OH,Ohio,2019,674063.9
OH,Ohio,2020,655243.3
OH,Ohio,2021,690478.9
OH,Ohio,2022,695257.9
OH,Ohio,2023,709816.6
OK,Oklahoma,2000,121170.2
OK,Oklahoma,2001,125695.7
OK,Oklahoma,2002,127930.2
OK,Oklahoma,2003,130147.8
OK,Oklahoma,2004,134606.6
OK,Oklahoma,2005,140360.1
OK,Oklahoma,2006,149367.1
OK,Oklahoma,2007,152879.6
OK,Oklahoma,2008,158987.8
OK,Oklahoma,2009,156856.8
OK,Oklahoma,2010,158086.4
OK,Oklahoma,2011,163859.3
OK,Oklahoma,2012,172016.0
OK,Oklahoma,2013,176086.8
OK,Oklahoma,2014,186574.4
OK,Oklahoma,2015,193792.6
OK,Oklahoma,2016,190093.5
OK,Oklahoma,2017,192538.6
OK,Oklahoma,2018,196030.5
OK,Oklahoma,2019,200072.2
OK,Oklahoma,2020,191560.9
OK,Oklahoma,2021,194132.8
OK,Oklahoma,2022,193940.5
OK,Oklahoma,2023,207923.3
OR,Oregon,2000,145094.2
OR,Oregon,2001,144486.5
OR,Oregon,2002,147432.8
OR,Oregon,2003,154445.3
OR,Oregon,2004,163046.1
OR,Oregon,2005,168734.4
OR,Oregon,2006,177222.4
OR,Oregon,2007,180724.3
OR,Oregon,2008,184842.6
OR,Oregon,2009,176951.6
OR,Oregon,2010,180738.2
OR,Oregon,2011,185959.4
OR,Oregon,2012,187352.4
OR,Oregon,2013,189609.7
OR,Oregon,2014,195808.2
OR,Oregon,2015,205581.8
OR,Oregon,2016,214769.3
OR,Oregon,2017,225534.5
OR,Oregon,2018,234308.3
OR,Oregon,2019,239794.8
OR,Oregon,2020,237424.2
OR,Oregon,2021,250325.8
OR,Oregon,2022,256062.7
OR,Oregon,2023,261951.5
PA,Pennsylvania,2000,566250.9
PA,Pennsylvania,2001,577677.5
PA,Pennsylvania,2002,583507.4
PA,Pennsylvania,2003,598809.5
PA,Pennsylvania,2004,614957.1
PA,Pennsylvania,2005,626290.1
PA,Pennsylvania,2006,626589.9
PA,Pennsylvania,2007,649638.1
PA,Pennsylvania,2008,665148.3
PA,Pennsylvania,2009,645206.7
PA,Pennsylvania,2010,666805.8
PA,Pennsylvania,2011,676468.3
PA,Pennsylvania,2012,689007.0
PA,Pennsylvania,2013,704195.0
PA,Pennsylvania,2014,718691.6
PA,Pennsylvania,2015,734145.1
PA,Pennsylvania,2016,744847.1
PA,Pennsylvania,2017,754318.0
PA,Pennsylvania,2018,763855.4
PA,Pennsylvania,2019,771852.5
PA,Pennsylvania,2020,736381.3
PA,Pennsylvania,2021,765508.8
PA,Pennsylvania,2022,779360.6
PA,Pennsylvania,2023,799228.8
RI,Rhode Island,2000,49113.6
RI,Rhode Island,2001,49705.2
RI,Rhode Island,2002,51284.3
RI,Rhode Island,2003,52933.1
RI,Rhode Island,2004,55160.5
RI,Rhode Island,2005,55885.9
RI,Rhode Island,2006,57415.8
RI,Rhode Island,2007,56230.5
RI,Rhode Island,2008,54977.1
RI,Rhode Island,2009,54481.5
RI,Rhode Island,2010,56050.6
RI,Rhode Island,2011,56026.6
RI,Rhode Island,2012,56487.4
RI,Rhode Island,2013,57037.2
RI,Rhode Island,2014,57602.7
RI,Rhode Island,2015,58387.9
RI,Rhode Island,2016,58630.0
RI,Rhode Island,2017,58771.6
RI,Rhode Island,2018,58740.1
RI,Rhode Island,2019,60157.6
RI,Rhode Island,2020,58231.7
RI,Rhode Island,2021,60803.0
RI,Rhode Island,2022,62279.4
RI,Rhode Island,2023,63277.0
SC,South Carolina,2000,161880.2
SC,South Carolina,2001,162837.1
SC,South Carolina,2002,167333.0
SC,South Carolina,2003,174270.8
SC,South Carolina,2004,177169.4
SC,South Carolina,2005,183267.5
SC,South Carolina,2006,187386.1
SC,South Carolina,2007,193386.6
SC,South Carolina,2008,192497.1
SC,South Carolina,2009,184081.3
SC,South Carolina,2010,188777.2
SC,South Carolina,2011,193221.0
SC,South Carolina,2012,195406.1
SC,South Carolina,2013,200147.3
SC,South Carolina,2014,206077.9
SC,South Carolina,2015,213212.4
SC,South Carolina,2016,220559.3
SC,South Carolina,2017,224937.6
SC,South Carolina,2018,231663.3
SC,South Carolina,2019,239021.3
SC,South Carolina,2020,233650.1
SC,South Carolina,2021,245752.1
SC,South Carolina,2022,254504.5
SC,South Carolina,2023,262298.5
SD,South Dakota,2000,32124.9
SD,South Dakota,2001,32396.9
SD,South Dakota,2002,35776.0
SD,South Dakota,2003,36141.9
SD,South Dakota,2004,37616.6
SD,South Dakota,2005,39330.6
SD,South Dakota,2006,39961.6
SD,South Dakota,2007,41646.2
SD,South Dakota,2008,43278.5
SD,South Dakota,2009,44255.8
SD,South Dakota,2010,44810.7
SD,South Dakota,2011,47630.3
SD,South Dakota,2012,48653.9
SD,South Dakota,2013,48610.1
SD,South Dakota,2014,49640.9
SD,South Dakota,2015,50860.8
SD,South Dakota,2016,51264.3
SD,South Dakota,2017,51615.1
SD,South Dakota,2018,51937.8
SD,South Dakota,2019,52510.2
SD,South Dakota,2020,52770.7
SD,South Dakota,2021,55515.9
SD,South Dakota,2022,55259.8
SD,South Dakota,2023,57275.1
TN,Tennessee,2000,251030.2
TN,Tennessee,2001,250311.4
TN,Tennessee,2002,258542.4
TN,Tennessee,2003,267589.4
TN,Tennessee,2004,281564.2
TN,Tennessee,2005,289064.3
TN,Tennessee,2006,295668.2
TN,Tennessee,2007,294819.8
TN,Tennessee,2008,298526.9
TN,Tennessee,2009,287308.8
TN,Tennessee,2010,292687.0
TN,Tennessee,2011,301508.9
TN,Tennessee,2012,311754.2
TN,Tennessee,2013,318347.9
TN,Tennessee,2014,323879.6
TN,Tennessee,2015,335461.1
TN,Tennessee,2016,343544.9
TN,Tennessee,2017,355417.5
TN,Tennessee,2018,362363.7
TN,Tennessee,2019,370197.4
TN,Tennessee,2020,367863.6
TN,Tennessee,2021,400243.6
TN,Tennessee,2022,414470.8
TN,Tennessee,2023,422087.7
TX,Texas,2000,989904.9
TX,Texas,2001,1020517.0
TX,Texas,2002,1042584.4
TX,Texas,2003,1052132.3
TX,Texas,2004,1111189.1
TX,Texas,2005,1143413.1
TX,Texas,2006,1225147.3
TX,Texas,2007,1288828.7
TX,Texas,2008,1287191.5
TX,Texas,2009,1285560.2
TX,Texas,2010,1323059.1
TX,Texas,2011,1370174.9
TX,Texas,2012,1438354.4
TX,Texas,2013,1511806.5
TX,Texas,2014,1559636.1
TX,Texas,2015,1634127.1
TX,Texas,2016,1633863.3
TX,Texas,2017,1667313.0
TX,Texas,2018,1746543.3
TX,Texas,2019,1806736.1
TX,Texas,2020,1773657.1
TX,Texas,2021,1879101.3
TX,Texas,2022,1952708.6
TX,Texas,2023,2097090.4
UT,Utah,2000,98648.5
UT,Utah,2001,100244.3
UT,Utah,2002,102828.1
UT,Utah,2003,104829.2
UT,Utah,2004,111318.9
UT,Utah,2005,118430.2
UT,Utah,2006,127539.4
UT,Utah,2007,133799.8
UT,Utah,2008,133662.9
UT,Utah,2009,130958.6
UT,Utah,2010,133739.1
UT,Utah,2011,138301.1
UT,Utah,2012,140622.5
UT,Utah,2013,145026.9
UT,Utah,2014,150076.3
UT,Utah,2015,155431.5
UT,Utah,2016,162528.2
UT,Utah,2017,172075.0
UT,Utah,2018,182106.0
UT,Utah,2019,192760.6
UT,Utah,2020,194750.2
UT,Utah,2021,210446.9
UT,Utah,2022,217442.5
UT,Utah,2023,225459.4
VT,Vermont,2000,24844.6
VT,Vermont,2001,25681.8
VT,Vermont,2002,26522.8
VT,Vermont,2003,27548.1
VT,Vermont,2004,28989.2
VT,Vermont,2005,29283.2
VT,Vermont,2006,29420.9
VT,Vermont,2007,29296.6
VT,Vermont,2008,30168.6
VT,Vermont,2009,29565.7
VT,Vermont,2010,30890.6
VT,Vermont,2011,31663.6
VT,Vermont,2012,31898.1
VT,Vermont,2013,31494.6
VT,Vermont,2014,31847.7
VT,Vermont,2015,32042.9
VT,Vermont,2016,32312.7
VT,Vermont,2017,32589.2
VT,Vermont,2018,32827.8
VT,Vermont,2019,33339.4
VT,Vermont,2020,32252.7
VT,Vermont,2021,33721.9
VT,Vermont,2022,34752.6
VT,Vermont,2023,35236.6
VA,Virginia,2000,372914.1
VA,Virginia,2001,386444.7
VA,Virginia,2002,390242.4
VA,Virginia,2003,404522.2
VA,Virginia,2004,421744.4
VA,Virginia,2005,442089.5
VA,Virginia,2006,451263.1
VA,Virginia,2007,457568.9
VA,Virginia,2008,462034.7
VA,Virginia,2009,460075.3
VA,Virginia,2010,475699.3
VA,Virginia,2011,479571.4
VA,Virginia,2012,483041.4
VA,Virginia,2013,488741.3
VA,Virginia,2014,488918.6
VA,Virginia,2015,498943.6
VA,Virginia,2016,505107.7
VA,Virginia,2017,515167.2
VA,Virginia,2018,527767.5
VA,Virginia,2019,541028.0
VA,Virginia,2020,534532.3
VA,Virginia,2021,565470.6
VA,Virginia,2022,580475.2
VA,Virginia,2023,597597.1
WA,Washington,2000,325857.6
WA,Washington,2001,317860.6
WA,Washington,2002,321977.1
WA,Washington,2003,327645.2
WA,Washington,2004,335449.3
WA,Washington,2005,358396.3
WA,Washington,2006,372145.0
WA,Washington,2007,394221.9
WA,Washington,2008,401093.2
WA,Washington,2009,390814.0
WA,Washington,2010,403471.3
WA,Washington,2011,411575.7
WA,Washington,2012,426447.0
WA,Washington,2013,439472.2
WA,Washington,2014,456186.5
WA,Washington,2015,476715.4
WA,Washington,2016,495724.9
WA,Washington,2017,527169.4
WA,Washington,2018,561785.7
WA,Washington,2019,588794.4
WA,Washington,2020,589156.8
WA,Washington,2021,630051.5
WA,Washington,2022,644075.1
WA,Washington,2023,677238.0
WV,West Virginia,2000,63364.6
WV,West Virginia,2001,63599.8
WV,West Virginia,2002,64465.7
WV,West Virginia,2003,65106.8
WV,West Virginia,2004,66077.6
WV,West Virginia,2005,67888.8
WV,West Virginia,2006,68900.0
WV,West Virginia,2007,69374.1
WV,West Virginia,2008,70966.8
WV,West Virginia,2009,70886.5
WV,West Virginia,2010,71823.8
WV,West Virginia,2011,73175.2
WV,West Virginia,2012,73124.5
WV,West Virginia,2013,73949.0
WV,West Virginia,2014,74111.3
WV,West Virginia,2015,74261.4
WV,West Virginia,2016,73513.3
WV,West Virginia,2017,75172.4
WV,West Virginia,2018,77406.5
WV,West Virginia,2019,77162.2
WV,West Virginia,2020,74553.8
WV,West Virginia,2021,75765.1
WV,West Virginia,2022,77188.0
WV,West Virginia,2023,80798.2
WI,Wisconsin,2000,248572.0
WI,Wisconsin,2001,252941.8
WI,Wisconsin,2002,257966.9
WI,Wisconsin,2003,265745.8
WI,Wisconsin,2004,275412.4
WI,Wisconsin,2005,282065.7
WI,Wisconsin,2006,287146.6
WI,Wisconsin,2007,289855.2
WI,Wisconsin,2008,286204.7
WI,Wisconsin,2009,277279.4
WI,Wisconsin,2010,287652.9
WI,Wisconsin,2011,293664.0
WI,Wisconsin,2012,299007.6
WI,Wisconsin,2013,301550.5
WI,Wisconsin,2014,309425.8
WI,Wisconsin,2015,315687.8
WI,Wisconsin,2016,319272.3
WI,Wisconsin,2017,321886.8
WI,Wisconsin,2018,328832.4
WI,Wisconsin,2019,333256.8
WI,Wisconsin,2020,322470.6
WI,Wisconsin,2021,334514.0
WI,Wisconsin,2022,339747.9
WI,Wisconsin,2023,344570.8
WY,Wyoming,2000,26614.2
WY,Wyoming,2001,28338.1
WY,Wyoming,2002,28901.3
WY,Wyoming,2003,29806.6
WY,Wyoming,2004,30780.1
WY,Wyoming,2005,32463.1
WY,Wyoming,2006,36655.6
WY,Wyoming,2007,39504.8
WY,Wyoming,2008,41641.2
WY,Wyoming,2009,40599.6
WY,Wyoming,2010,39135.8
WY,Wyoming,2011,38929.8
WY,Wyoming,2012,38085.0
WY,Wyoming,2013,38408.7
WY,Wyoming,2014,39287.2
WY,Wyoming,2015,40063.9
WY,Wyoming,2016,37853.5
WY,Wyoming,2017,37620.3
WY,Wyoming,2018,37977.2
WY,Wyoming,2019,38577.1
WY,Wyoming,2020,36198.2
WY,Wyoming,2021,37131.8
WY,Wyoming,2022,37827.2
WY,Wyoming,2023,40210.8
