state,year,gini_index,source_variable,source_survey
Alabama,2006,0.472,B19083_001E,ACS1
Alabama,2007,0.471,B19083_001E,ACS1
Alabama,2008,0.467,B19083_001E,ACS1
Alabama,2009,0.471,B19083_001E,ACS1
Alabama,2010,0.472,B19083_001E,ACS1
Alabama,2011,0.4735,B19083_001E,ACS1
Alabama,2012,0.4726,B19083_001E,ACS1
Alabama,2013,0.4752,B19083_001E,ACS1
Alabama,2014,0.4758,B19083_001E,ACS1
Alabama,2015,0.4811,B19083_001E,ACS1
Alabama,2016,0.4847,B19083_001E,ACS1
Alabama,2017,0.4768,B19083_001E,ACS1
Alabama,2018,0.4859,B19083_001E,ACS1
Alabama,2019,0.4741,B19083_001E,ACS1
Alabama,2021,0.4823,B19083_001E,ACS1
Alabama,2022,0.4851,B19083_001E,ACS1
Alabama,2023,0.4771,B19083_001E,ACS1
Alaska,2006,0.417,B19083_001E,ACS1
Alaska,2007,0.409,B19083_001E,ACS1
Alaska,2008,0.403,B19083_001E,ACS1
Alaska,2009,0.402,B19083_001E,ACS1
Alaska,2010,0.422,B19083_001E,ACS1
Alaska,2011,0.4099,B19083_001E,ACS1
Alaska,2012,0.4232,B19083_001E,ACS1
Alaska,2013,0.4083,B19083_001E,ACS1
Alaska,2014,0.4175,B19083_001E,ACS1
Alaska,2015,0.4322,B19083_001E,ACS1
Alaska,2016,0.4081,B19083_001E,ACS1
Alaska,2017,0.4241,B19083_001E,ACS1
Alaska,2018,0.4322,B19083_001E,ACS1
Alaska,2019,0.4376,B19083_001E,ACS1
Alaska,2021,0.4392,B19083_001E,ACS1
Alaska,2022,0.4278,B19083_001E,ACS1
Alaska,2023,0.4492,B19083_001E,ACS1
Arizona,2006,0.454,B19083_001E,ACS1
Arizona,2007,0.448,B19083_001E,ACS1
Arizona,2008,0.453,B19083_001E,ACS1
Arizona,2009,0.451,B19083_001E,ACS1
Arizona,2010,0.455,B19083_001E,ACS1
Arizona,2011,0.46,B19083_001E,ACS1
Arizona,2012,0.4608,B19083_001E,ACS1
Arizona,2013,0.4681,B19083_001E,ACS1
Arizona,2014,0.4676,B19083_001E,ACS1
Arizona,2015,0.4702,B19083_001E,ACS1
Arizona,2016,0.4713,B19083_001E,ACS1
Arizona,2017,0.4668,B19083_001E,ACS1
Arizona,2018,0.4613,B19083_001E,ACS1
Arizona,2019,0.4591,B19083_001E,ACS1
Arizona,2021,0.4629,B19083_001E,ACS1
Arizona,2022,0.4665,B19083_001E,ACS1
Arizona,2023,0.465,B19083_001E,ACS1
Arkansas,2006,0.46,B19083_001E,ACS1
Arkansas,2007,0.462,B19083_001E,ACS1
Arkansas,2008,0.459,B19083_001E,ACS1
Arkansas,2009,0.461,B19083_001E,ACS1
Arkansas,2010,0.458,B19083_001E,ACS1
Arkansas,2011,0.4684,B19083_001E,ACS1
Arkansas,2012,0.4632,B19083_001E,ACS1
Arkansas,2013,0.4685,B19083_001E,ACS1
Arkansas,2014,0.4714,B19083_001E,ACS1
Arkansas,2015,0.4773,B19083_001E,ACS1
Arkansas,2016,0.4719,B19083_001E,ACS1
Arkansas,2017,0.4725,B19083_001E,ACS1
Arkansas,2018,0.4845,B19083_001E,ACS1
Arkansas,2019,0.475,B19083_001E,ACS1
Arkansas,2021,0.4751,B19083_001E,ACS1
Arkansas,2022,0.4799,B19083_001E,ACS1
Arkansas,2023,0.474,B19083_001E,ACS1
California,2006,0.466,B19083_001E,ACS1
California,2007,0.469,B19083_001E,ACS1
California,2008,0.473,B19083_001E,ACS1
California,2009,0.467,B19083_001E,ACS1
California,2010,0.471,B19083_001E,ACS1
California,2011,0.4812,B19083_001E,ACS1
California,2012,0.4822,B19083_001E,ACS1
California,2013,0.4903,B19083_001E,ACS1
California,2014,0.489,B19083_001E,ACS1
California,2015,0.4876,B19083_001E,ACS1
California,2016,0.4899,B19083_001E,ACS1
California,2017,0.4866,B19083_001E,ACS1
California,2018,0.4912,B19083_001E,ACS1
California,2019,0.4866,B19083_001E,ACS1
California,2021,0.4924,B19083_001E,ACS1
California,2022,0.4953,B19083_001E,ACS1
California,2023,0.487,B19083_001E,ACS1
Colorado,2006,0.45,B19083_001E,ACS1
Colorado,2007,0.452,B19083_001E,ACS1
Colorado,2008,0.457,B19083_001E,ACS1
Colorado,2009,0.453,B19083_001E,ACS1
Colorado,2010,0.457,B19083_001E,ACS1
Colorado,2011,0.4588,B19083_001E,ACS1
Colorado,2012,0.4579,B19083_001E,ACS1
Colorado,2013,0.4614,B19083_001E,ACS1
Colorado,2014,0.4584,B19083_001E,ACS1
Colorado,2015,0.458,B19083_001E,ACS1
Colorado,2016,0.4586,B19083_001E,ACS1
Colorado,2017,0.4553,B19083_001E,ACS1
Colorado,2018,0.4561,B19083_001E,ACS1
Colorado,2019,0.4548,B19083_001E,ACS1
Colorado,2021,0.4604,B19083_001E,ACS1
Colorado,2022,0.4566,B19083_001E,ACS1
Colorado,2023,0.4575,B19083_001E,ACS1
Connecticut,2006,0.48,B19083_001E,ACS1
Connecticut,2007,0.481,B19083_001E,ACS1
Connecticut,2008,0.486,B19083_001E,ACS1
Connecticut,2009,0.48,B19083_001E,ACS1
Connecticut,2010,0.486,B19083_001E,ACS1
Connecticut,2011,0.4859,B19083_001E,ACS1
Connecticut,2012,0.4915,B19083_001E,ACS1
Connecticut,2013,0.4994,B19083_001E,ACS1
Connecticut,2014,0.5005,B19083_001E,ACS1
Connecticut,2015,0.4916,B19083_001E,ACS1
Connecticut,2016,0.4945,B19083_001E,ACS1
Connecticut,2017,0.4943,B19083_001E,ACS1
Connecticut,2018,0.5014,B19083_001E,ACS1
Connecticut,2019,0.5024,B19083_001E,ACS1
Connecticut,2021,0.4985,B19083_001E,ACS1
Connecticut,2022,0.5008,B19083_001E,ACS1
Connecticut,2023,0.4954,B19083_001E,ACS1
Delaware,2006,0.434,B19083_001E,ACS1
Delaware,2007,0.435,B19083_001E,ACS1
Delaware,2008,0.447,B19083_001E,ACS1
Delaware,2009,0.434,B19083_001E,ACS1
Delaware,2010,0.44,B19083_001E,ACS1
Delaware,2011,0.4404,B19083_001E,ACS1
Delaware,2012,0.4356,B19083_001E,ACS1
Delaware,2013,0.4513,B19083_001E,ACS1
Delaware,2014,0.4494,B19083_001E,ACS1
Delaware,2015,0.4523,B19083_001E,ACS1
Delaware,2016,0.4522,B19083_001E,ACS1
Delaware,2017,0.4811,B19083_001E,ACS1
Delaware,2018,0.4587,B19083_001E,ACS1
Delaware,2019,0.4509,B19083_001E,ACS1
Delaware,2021,0.4547,B19083_001E,ACS1
Delaware,2022,0.4407,B19083_001E,ACS1
Delaware,2023,0.4557,B19083_001E,ACS1
Florida,2006,0.467,B19083_001E,ACS1
Florida,2007,0.469,B19083_001E,ACS1
Florida,2008,0.471,B19083_001E,ACS1
Florida,2009,0.469,B19083_001E,ACS1
Florida,2010,0.474,B19083_001E,ACS1
Florida,2011,0.4811,B19083_001E,ACS1
Florida,2012,0.4828,B19083_001E,ACS1
Florida,2013,0.4843,B19083_001E,ACS1
Florida,2014,0.4834,B19083_001E,ACS1
Florida,2015,0.4872,B19083_001E,ACS1
Florida,2016,0.4852,B19083_001E,ACS1
Florida,2017,0.4859,B19083_001E,ACS1
Florida,2018,0.4887,B19083_001E,ACS1
Florida,2019,0.4808,B19083_001E,ACS1
Florida,2021,0.4869,B19083_001E,ACS1
Florida,2022,0.4902,B19083_001E,ACS1
Florida,2023,0.4829,B19083_001E,ACS1
Georgia,2006,0.461,B19083_001E,ACS1
Georgia,2007,0.464,B19083_001E,ACS1
Georgia,2008,0.467,B19083_001E,ACS1
Georgia,2009,0.469,B19083_001E,ACS1
Georgia,2010,0.468,B19083_001E,ACS1
Georgia,2011,0.477,B19083_001E,ACS1
Georgia,2012,0.4809,B19083_001E,ACS1
Georgia,2013,0.4837,B19083_001E,ACS1
Georgia,2014,0.4801,B19083_001E,ACS1
Georgia,2015,0.4801,B19083_001E,ACS1
Georgia,2016,0.4813,B19083_001E,ACS1
Georgia,2017,0.483,B19083_001E,ACS1
Georgia,2018,0.4822,B19083_001E,ACS1
Georgia,2019,0.4795,B19083_001E,ACS1
Georgia,2021,0.4787,B19083_001E,ACS1
Georgia,2022,0.4736,B19083_001E,ACS1
Georgia,2023,0.4787,B19083_001E,ACS1
Hawaii,2006,0.438,B19083_001E,ACS1
Hawaii,2007,0.422,B19083_001E,ACS1
Hawaii,2008,0.428,B19083_001E,ACS1
Hawaii,2009,0.425,B19083_001E,ACS1
Hawaii,2010,0.433,B19083_001E,ACS1
Hawaii,2011,0.4301,B19083_001E,ACS1
Hawaii,2012,0.4257,B19083_001E,ACS1
Hawaii,2013,0.44,B19083_001E,ACS1
Hawaii,2014,0.4325,B19083_001E,ACS1
Hawaii,2015,0.4346,B19083_001E,ACS1
Hawaii,2016,0.442,B19083_001E,ACS1
Hawaii,2017,0.4455,B19083_001E,ACS1
Hawaii,2018,0.445,B19083_001E,ACS1
Hawaii,2019,0.4397,B19083_001E,ACS1
Hawaii,2021,0.4552,B19083_001E,ACS1
Hawaii,2022,0.4574,B19083_001E,ACS1
Hawaii,2023,0.4512,B19083_001E,ACS1
Idaho,2006,0.421,B19083_001E,ACS1
Idaho,2007,0.436,B19083_001E,ACS1
Idaho,2008,0.419,B19083_001E,ACS1
Idaho,2009,0.421,B19083_001E,ACS1
Idaho,2010,0.433,B19083_001E,ACS1
Idaho,2011,0.432,B19083_001E,ACS1
Idaho,2012,0.4302,B19083_001E,ACS1
Idaho,2013,0.4376,B19083_001E,ACS1
Idaho,2014,0.4541,B19083_001E,ACS1
Idaho,2015,0.4525,B19083_001E,ACS1
Idaho,2016,0.4503,B19083_001E,ACS1
Idaho,2017,0.4478,B19083_001E,ACS1
Idaho,2018,0.4454,B19083_001E,ACS1
Idaho,2019,0.4337,B19083_001E,ACS1
Idaho,2021,0.4577,B19083_001E,ACS1
Idaho,2022,0.4434,B19083_001E,ACS1
Idaho,2023,0.4404,B19083_001E,ACS1
Illinois,2006,0.462,B19083_001E,ACS1
Illinois,2007,0.466,B19083_001E,ACS1
Illinois,2008,0.467,B19083_001E,ACS1
Illinois,2009,0.469,B19083_001E,ACS1
Illinois,2010,0.465,B19083_001E,ACS1
Illinois,2011,0.4718,B19083_001E,ACS1
Illinois,2012,0.4716,B19083_001E,ACS1
Illinois,2013,0.4824,B19083_001E,ACS1
Illinois,2014,0.4765,B19083_001E,ACS1
Illinois,2015,0.4817,B19083_001E,ACS1
Illinois,2016,0.481,B19083_001E,ACS1
Illinois,2017,0.4818,B19083_001E,ACS1
Illinois,2018,0.4852,B19083_001E,ACS1
Illinois,2019,0.48,B19083_001E,ACS1
Illinois,2021,0.4824,B19083_001E,ACS1
Illinois,2022,0.4837,B19083_001E,ACS1
Illinois,2023,0.481,B19083_001E,ACS1
Indiana,2006,0.432,B19083_001E,ACS1
Indiana,2007,0.429,B19083_001E,ACS1
Indiana,2008,0.437,B19083_001E,ACS1
Indiana,2009,0.434,B19083_001E,ACS1
Indiana,2010,0.44,B19083_001E,ACS1
Indiana,2011,0.4461,B19083_001E,ACS1
Indiana,2012,0.4417,B19083_001E,ACS1
Indiana,2013,0.4554,B19083_001E,ACS1
Indiana,2014,0.4455,B19083_001E,ACS1
Indiana,2015,0.4519,B19083_001E,ACS1
Indiana,2016,0.4527,B19083_001E,ACS1
Indiana,2017,0.4497,B19083_001E,ACS1
Indiana,2018,0.4511,B19083_001E,ACS1
Indiana,2019,0.4584,B19083_001E,ACS1
Indiana,2021,0.448,B19083_001E,ACS1
Indiana,2022,0.4561,B19083_001E,ACS1
Indiana,2023,0.4536,B19083_001E,ACS1
Iowa,2006,0.424,B19083_001E,ACS1
Iowa,2007,0.426,B19083_001E,ACS1
Iowa,2008,0.428,B19083_001E,ACS1
Iowa,2009,0.431,B19083_001E,ACS1
Iowa,2010,0.427,B19083_001E,ACS1
Iowa,2011,0.434,B19083_001E,ACS1
Iowa,2012,0.4328,B19083_001E,ACS1
Iowa,2013,0.4429,B19083_001E,ACS1
Iowa,2014,0.4433,B19083_001E,ACS1
Iowa,2015,0.4393,B19083_001E,ACS1
Iowa,2016,0.4451,B19083_001E,ACS1
Iowa,2017,0.4381,B19083_001E,ACS1
Iowa,2018,0.4413,B19083_001E,ACS1
Iowa,2019,0.4422,B19083_001E,ACS1
Iowa,2021,0.4489,B19083_001E,ACS1
Iowa,2022,0.4514,B19083_001E,ACS1
Iowa,2023,0.4464,B19083_001E,ACS1
Kansas,2006,0.441,B19083_001E,ACS1
Kansas,2007,0.444,B19083_001E,ACS1
Kansas,2008,0.442,B19083_001E,ACS1
Kansas,2009,0.444,B19083_001E,ACS1
Kansas,2010,0.445,B19083_001E,ACS1
Kansas,2011,0.4442,B19083_001E,ACS1
Kansas,2012,0.4496,B19083_001E,ACS1
Kansas,2013,0.4589,B19083_001E,ACS1
Kansas,2014,0.4597,B19083_001E,ACS1
Kansas,2015,0.4596,B19083_001E,ACS1
Kansas,2016,0.455,B19083_001E,ACS1
Kansas,2017,0.4539,B19083_001E,ACS1
Kansas,2018,0.4633,B19083_001E,ACS1
Kansas,2019,0.45,B19083_001E,ACS1
Kansas,2021,0.4599,B19083_001E,ACS1
Kansas,2022,0.4632,B19083_001E,ACS1
Kansas,2023,0.4518,B19083_001E,ACS1
Kentucky,2006,0.46,B19083_001E,ACS1
Kentucky,2007,0.465,B19083_001E,ACS1
Kentucky,2008,0.467,B19083_001E,ACS1
Kentucky,2009,0.464,B19083_001E,ACS1
Kentucky,2010,0.466,B19083_001E,ACS1
Kentucky,2011,0.4709,B19083_001E,ACS1
Kentucky,2012,0.4667,B19083_001E,ACS1
Kentucky,2013,0.4721,B19083_001E,ACS1
Kentucky,2014,0.4704,B19083_001E,ACS1
Kentucky,2015,0.4781,B19083_001E,ACS1
Kentucky,2016,0.4813,B19083_001E,ACS1
Kentucky,2017,0.4784,B19083_001E,ACS1
Kentucky,2018,0.4787,B19083_001E,ACS1
Kentucky,2019,0.4764,B19083_001E,ACS1
Kentucky,2021,0.4757,B19083_001E,ACS1
Kentucky,2022,0.4845,B19083_001E,ACS1
Kentucky,2023,0.4759,B19083_001E,ACS1
Louisiana,2006,0.475,B19083_001E,ACS1
Louisiana,2007,0.478,B19083_001E,ACS1
Louisiana,2008,0.477,B19083_001E,ACS1
Louisiana,2009,0.473,B19083_001E,ACS1
Louisiana,2010,0.475,B19083_001E,ACS1
Louisiana,2011,0.4836,B19083_001E,ACS1
Louisiana,2012,0.4859,B19083_001E,ACS1
Louisiana,2013,0.4914,B19083_001E,ACS1
Louisiana,2014,0.4902,B19083_001E,ACS1
Louisiana,2015,0.4909,B19083_001E,ACS1
Louisiana,2016,0.499,B19083_001E,ACS1
Louisiana,2017,0.4935,B19083_001E,ACS1
Louisiana,2018,0.4936,B19083_001E,ACS1
Louisiana,2019,0.4978,B19083_001E,ACS1
Louisiana,2021,0.4988,B19083_001E,ACS1
Louisiana,2022,0.4915,B19083_001E,ACS1
Louisiana,2023,0.4967,B19083_001E,ACS1
Maine,2006,0.428,B19083_001E,ACS1
Maine,2007,0.44,B19083_001E,ACS1
Maine,2008,0.436,B19083_001E,ACS1
Maine,2009,0.432,B19083_001E,ACS1
Maine,2010,0.437,B19083_001E,ACS1
Maine,2011,0.4509,B19083_001E,ACS1
Maine,2012,0.445,B19083_001E,ACS1
Maine,2013,0.4532,B19083_001E,ACS1
Maine,2014,0.4593,B19083_001E,ACS1
Maine,2015,0.4523,B19083_001E,ACS1
Maine,2016,0.4519,B19083_001E,ACS1
Maine,2017,0.4526,B19083_001E,ACS1
Maine,2018,0.4516,B19083_001E,ACS1
Maine,2019,0.449,B19083_001E,ACS1
Maine,2021,0.4663,B19083_001E,ACS1
Maine,2022,0.4601,B19083_001E,ACS1
Maine,2023,0.4509,B19083_001E,ACS1
Maryland,2006,0.433,B19083_001E,ACS1
Maryland,2007,0.442,B19083_001E,ACS1
Maryland,2008,0.438,B19083_001E,ACS1
Maryland,2009,0.448,B19083_001E,ACS1
Maryland,2010,0.443,B19083_001E,ACS1
Maryland,2011,0.4466,B19083_001E,ACS1
Maryland,2012,0.4473,B19083_001E,ACS1
Maryland,2013,0.4555,B19083_001E,ACS1
Maryland,2014,0.4491,B19083_001E,ACS1
Maryland,2015,0.4524,B19083_001E,ACS1
Maryland,2016,0.4499,B19083_001E,ACS1
Maryland,2017,0.453,B19083_001E,ACS1
Maryland,2018,0.4543,B19083_001E,ACS1
Maryland,2019,0.4558,B19083_001E,ACS1
Maryland,2021,0.4631,B19083_001E,ACS1
Maryland,2022,0.4589,B19083_001E,ACS1
Maryland,2023,0.4561,B19083_001E,ACS1
Massachusetts,2006,0.461,B19083_001E,ACS1
Massachusetts,2007,0.467,B19083_001E,ACS1
Massachusetts,2008,0.471,B19083_001E,ACS1
Massachusetts,2009,0.468,B19083_001E,ACS1
Massachusetts,2010,0.475,B19083_001E,ACS1
Massachusetts,2011,0.4771,B19083_001E,ACS1
Massachusetts,2012,0.4813,B19083_001E,ACS1
Massachusetts,2013,0.4837,B19083_001E,ACS1
Massachusetts,2014,0.4863,B19083_001E,ACS1
Massachusetts,2015,0.4848,B19083_001E,ACS1
Massachusetts,2016,0.4786,B19083_001E,ACS1
Massachusetts,2017,0.4851,B19083_001E,ACS1
Massachusetts,2018,0.4875,B19083_001E,ACS1
Massachusetts,2019,0.4803,B19083_001E,ACS1
Massachusetts,2021,0.4893,B19083_001E,ACS1
Massachusetts,2022,0.4976,B19083_001E,ACS1
Massachusetts,2023,0.4879,B19083_001E,ACS1
Michigan,2006,0.444,B19083_001E,ACS1
Michigan,2007,0.448,B19083_001E,ACS1
Michigan,2008,0.451,B19083_001E,ACS1
Michigan,2009,0.453,B19083_001E,ACS1
Michigan,2010,0.451,B19083_001E,ACS1
Michigan,2011,0.4612,B19083_001E,ACS1
Michigan,2012,0.4624,B19083_001E,ACS1
Michigan,2013,0.4641,B19083_001E,ACS1
Michigan,2014,0.4598,B19083_001E,ACS1
Michigan,2015,0.4667,B19083_001E,ACS1
Michigan,2016,0.4695,B19083_001E,ACS1
Michigan,2017,0.4671,B19083_001E,ACS1
Michigan,2018,0.4679,B19083_001E,ACS1
Michigan,2019,0.4634,B19083_001E,ACS1
Michigan,2021,0.4659,B19083_001E,ACS1
Michigan,2022,0.4685,B19083_001E,ACS1
Michigan,2023,0.4658,B19083_001E,ACS1
Minnesota,2006,0.43,B19083_001E,ACS1
Minnesota,2007,0.436,B19083_001E,ACS1
Minnesota,2008,0.445,B19083_001E,ACS1
Minnesota,2009,0.439,B19083_001E,ACS1
Minnesota,2010,0.44,B19083_001E,ACS1
Minnesota,2011,0.4436,B19083_001E,ACS1
Minnesota,2012,0.4441,B19083_001E,ACS1
Minnesota,2013,0.4462,B19083_001E,ACS1
Minnesota,2014,0.4539,B19083_001E,ACS1
Minnesota,2015,0.4492,B19083_001E,ACS1
Minnesota,2016,0.4496,B19083_001E,ACS1
Minnesota,2017,0.4516,B19083_001E,ACS1
Minnesota,2018,0.4536,B19083_001E,ACS1
Minnesota,2019,0.4434,B19083_001E,ACS1
Minnesota,2021,0.4493,B19083_001E,ACS1
Minnesota,2022,0.456,B19083_001E,ACS1
Minnesota,2023,0.4541,B19083_001E,ACS1
Mississippi,2006,0.471,B19083_001E,ACS1
Mississippi,2007,0.48,B19083_001E,ACS1
Mississippi,2008,0.478,B19083_001E,ACS1
Mississippi,2009,0.47,B19083_001E,ACS1
Mississippi,2010,0.468,B19083_001E,ACS1
Mississippi,2011,0.4735,B19083_001E,ACS1
Mississippi,2012,0.487,B19083_001E,ACS1
Mississippi,2013,0.4791,B19083_001E,ACS1
Mississippi,2014,0.476,B19083_001E,ACS1
Mississippi,2015,0.4759,B19083_001E,ACS1
Mississippi,2016,0.4828,B19083_001E,ACS1
Mississippi,2017,0.479,B19083_001E,ACS1
Mississippi,2018,0.4828,B19083_001E,ACS1
Mississippi,2019,0.4896,B19083_001E,ACS1
Mississippi,2021,0.4808,B19083_001E,ACS1
Mississippi,2022,0.4806,B19083_001E,ACS1
Mississippi,2023,0.4843,B19083_001E,ACS1
Missouri,2006,0.449,B19083_001E,ACS1
Missouri,2007,0.45,B19083_001E,ACS1
Missouri,2008,0.448,B19083_001E,ACS1
Missouri,2009,0.45,B19083_001E,ACS1
Missouri,2010,0.455,B19083_001E,ACS1
Missouri,2011,0.4611,B19083_001E,ACS1
Missouri,2012,0.4608,B19083_001E,ACS1
Missouri,2013,0.4605,B19083_001E,ACS1
Missouri,2014,0.4628,B19083_001E,ACS1
Missouri,2015,0.4634,B19083_001E,ACS1
Missouri,2016,0.4646,B19083_001E,ACS1
Missouri,2017,0.4618,B19083_001E,ACS1
Missouri,2018,0.4657,B19083_001E,ACS1
Missouri,2019,0.4633,B19083_001E,ACS1
Missouri,2021,0.4706,B19083_001E,ACS1
Missouri,2022,0.4687,B19083_001E,ACS1
Missouri,2023,0.4608,B19083_001E,ACS1
Montana,2006,0.426,B19083_001E,ACS1
Montana,2007,0.443,B19083_001E,ACS1
Montana,2008,0.449,B19083_001E,ACS1
Montana,2009,0.431,B19083_001E,ACS1
Montana,2010,0.435,B19083_001E,ACS1
Montana,2011,0.4351,B19083_001E,ACS1
Montana,2012,0.4502,B19083_001E,ACS1
Montana,2013,0.462,B19083_001E,ACS1
Montana,2014,0.4544,B19083_001E,ACS1
Montana,2015,0.4623,B19083_001E,ACS1
Montana,2016,0.4667,B19083_001E,ACS1
Montana,2017,0.4539,B19083_001E,ACS1
Montana,2018,0.4535,B19083_001E,ACS1
Montana,2019,0.4597,B19083_001E,ACS1
Montana,2021,0.4693,B19083_001E,ACS1
Montana,2022,0.4652,B19083_001E,ACS1
Montana,2023,0.4601,B19083_001E,ACS1
Nebraska,2006,0.43,B19083_001E,ACS1
Nebraska,2007,0.429,B19083_001E,ACS1
Nebraska,2008,0.427,B19083_001E,ACS1
Nebraska,2009,0.44,B19083_001E,ACS1
Nebraska,2010,0.432,B19083_001E,ACS1
Nebraska,2011,0.4467,B19083_001E,ACS1
Nebraska,2012,0.4339,B19083_001E,ACS1
Nebraska,2013,0.4445,B19083_001E,ACS1
Nebraska,2014,0.4352,B19083_001E,ACS1
Nebraska,2015,0.4473,B19083_001E,ACS1
Nebraska,2016,0.4477,B19083_001E,ACS1
Nebraska,2017,0.4391,B19083_001E,ACS1
Nebraska,2018,0.4488,B19083_001E,ACS1
Nebraska,2019,0.44,B19083_001E,ACS1
Nebraska,2021,0.456,B19083_001E,ACS1
Nebraska,2022,0.461,B19083_001E,ACS1
Nebraska,2023,0.4634,B19083_001E,ACS1
Nevada,2006,0.434,B19083_001E,ACS1
Nevada,2007,0.437,B19083_001E,ACS1
Nevada,2008,0.431,B19083_001E,ACS1
Nevada,2009,0.433,B19083_001E,ACS1
Nevada,2010,0.448,B19083_001E,ACS1
Nevada,2011,0.4526,B19083_001E,ACS1
Nevada,2012,0.4516,B19083_001E,ACS1
Nevada,2013,0.4543,B19083_001E,ACS1
Nevada,2014,0.4427,B19083_001E,ACS1
Nevada,2015,0.4548,B19083_001E,ACS1
Nevada,2016,0.4577,B19083_001E,ACS1
Nevada,2017,0.4606,B19083_001E,ACS1
Nevada,2018,0.469,B19083_001E,ACS1
Nevada,2019,0.471,B19083_001E,ACS1
Nevada,2021,0.4726,B19083_001E,ACS1
Nevada,2022,0.4685,B19083_001E,ACS1
Nevada,2023,0.4632,B19083_001E,ACS1
New Hampshire,2006,0.417,B19083_001E,ACS1
New Hampshire,2007,0.417,B19083_001E,ACS1
New Hampshire,2008,0.419,B19083_001E,ACS1
New Hampshire,2009,0.431,B19083_001E,ACS1
New Hampshire,2010,0.425,B19083_001E,ACS1
New Hampshire,2011,0.4347,B19083_001E,ACS1
New Hampshire,2012,0.4298,B19083_001E,ACS1
New Hampshire,2013,0.4387,B19083_001E,ACS1
New Hampshire,2014,0.441,B19083_001E,ACS1
New Hampshire,2015,0.4347,B19083_001E,ACS1
New Hampshire,2016,0.4304,B19083_001E,ACS1
New Hampshire,2017,0.4386,B19083_001E,ACS1
New Hampshire,2018,0.453,B19083_001E,ACS1
New Hampshire,2019,0.4406,B19083_001E,ACS1
New Hampshire,2021,0.4348,B19083_001E,ACS1
New Hampshire,2022,0.4466,B19083_001E,ACS1
New Hampshire,2023,0.4446,B19083_001E,ACS1
New Jersey,2006,0.458,B19083_001E,ACS1
New Jersey,2007,0.464,B19083_001E,ACS1
New Jersey,2008,0.462,B19083_001E,ACS1
New Jersey,2009,0.465,B19083_001E,ACS1
New Jersey,2010,0.464,B19083_001E,ACS1
New Jersey,2011,0.4694,B19083_001E,ACS1
New Jersey,2012,0.4718,B19083_001E,ACS1
New Jersey,2013,0.48,B19083_001E,ACS1
New Jersey,2014,0.4757,B19083_001E,ACS1
New Jersey,2015,0.4832,B19083_001E,ACS1
New Jersey,2016,0.4813,B19083_001E,ACS1
New Jersey,2017,0.4794,B19083_001E,ACS1
New Jersey,2018,0.4836,B19083_001E,ACS1
New Jersey,2019,0.4782,B19083_001E,ACS1
New Jersey,2021,0.4853,B19083_001E,ACS1
New Jersey,2022,0.4815,B19083_001E,ACS1
New Jersey,2023,0.4794,B19083_001E,ACS1
New Mexico,2006,0.457,B19083_001E,ACS1
New Mexico,2007,0.459,B19083_001E,ACS1
New Mexico,2008,0.46,B19083_001E,ACS1
New Mexico,2009,0.453,B19083_001E,ACS1
New Mexico,2010,0.464,B19083_001E,ACS1
New Mexico,2011,0.4821,B19083_001E,ACS1
New Mexico,2012,0.4713,B19083_001E,ACS1
New Mexico,2013,0.4759,B19083_001E,ACS1
New Mexico,2014,0.477,B19083_001E,ACS1
New Mexico,2015,0.4795,B19083_001E,ACS1
New Mexico,2016,0.4769,B19083_001E,ACS1
New Mexico,2017,0.4776,B19083_001E,ACS1
New Mexico,2018,0.4891,B19083_001E,ACS1
New Mexico,2019,0.4768,B19083_001E,ACS1
New Mexico,2021,0.4861,B19083_001E,ACS1
New Mexico,2022,0.4796,B19083_001E,ACS1
New Mexico,2023,0.4771,B19083_001E,ACS1
New York,2006,0.495,B19083_001E,ACS1
New York,2007,0.5,B19083_001E,ACS1
New York,2008,0.503,B19083_001E,ACS1
New York,2009,0.502,B19083_001E,ACS1
New York,2010,0.499,B19083_001E,ACS1
New York,2011,0.5033,B19083_001E,ACS1
New York,2012,0.5009,B19083_001E,ACS1
New York,2013,0.5098,B19083_001E,ACS1
New York,2014,0.5111,B19083_001E,ACS1
New York,2015,0.5138,B19083_001E,ACS1
New York,2016,0.5129,B19083_001E,ACS1
New York,2017,0.5157,B19083_001E,ACS1
New York,2018,0.513,B19083_001E,ACS1
New York,2019,0.5149,B19083_001E,ACS1
New York,2021,0.514,B19083_001E,ACS1
New York,2022,0.5208,B19083_001E,ACS1
New York,2023,0.5157,B19083_001E,ACS1
North Carolina,2006,0.458,B19083_001E,ACS1
North Carolina,2007,0.465,B19083_001E,ACS1
North Carolina,2008,0.463,B19083_001E,ACS1
North Carolina,2009,0.464,B19083_001E,ACS1
North Carolina,2010,0.464,B19083_001E,ACS1
North Carolina,2011,0.4716,B19083_001E,ACS1
North Carolina,2012,0.4691,B19083_001E,ACS1
North Carolina,2013,0.4765,B19083_001E,ACS1
North Carolina,2014,0.4748,B19083_001E,ACS1
North Carolina,2015,0.4776,B19083_001E,ACS1
North Carolina,2016,0.478,B19083_001E,ACS1
North Carolina,2017,0.4763,B19083_001E,ACS1
North Carolina,2018,0.4782,B19083_001E,ACS1
North Carolina,2019,0.4743,B19083_001E,ACS1
North Carolina,2021,0.4801,B19083_001E,ACS1
North Carolina,2022,0.4768,B19083_001E,ACS1
North Carolina,2023,0.4732,B19083_001E,ACS1
North Dakota,2006,0.434,B19083_001E,ACS1
North Dakota,2007,0.44,B19083_001E,ACS1
North Dakota,2008,0.451,B19083_001E,ACS1
North Dakota,2009,0.45,B19083_001E,ACS1
North Dakota,2010,0.433,B19083_001E,ACS1
North Dakota,2011,0.4448,B19083_001E,ACS1
North Dakota,2012,0.4597,B19083_001E,ACS1
North Dakota,2013,0.455,B19083_001E,ACS1
North Dakota,2014,0.4664,B19083_001E,ACS1
North Dakota,2015,0.4664,B19083_001E,ACS1
North Dakota,2016,0.4533,B19083_001E,ACS1
North Dakota,2017,0.4546,B19083_001E,ACS1
North Dakota,2018,0.4427,B19083_001E,ACS1
North Dakota,2019,0.4558,B19083_001E,ACS1
North Dakota,2021,0.4531,B19083_001E,ACS1
North Dakota,2022,0.4678,B19083_001E,ACS1
North Dakota,2023,0.4451,B19083_001E,ACS1
Ohio,2006,0.449,B19083_001E,ACS1
Ohio,2007,0.448,B19083_001E,ACS1
Ohio,2008,0.45,B19083_001E,ACS1
Ohio,2009,0.453,B19083_001E,ACS1
Ohio,2010,0.452,B19083_001E,ACS1
Ohio,2011,0.4594,B19083_001E,ACS1
Ohio,2012,0.4615,B19083_001E,ACS1
Ohio,2013,0.4652,B19083_001E,ACS1
Ohio,2014,0.4637,B19083_001E,ACS1
Ohio,2015,0.4637,B19083_001E,ACS1
Ohio,2016,0.468,B19083_001E,ACS1
Ohio,2017,0.4642,B19083_001E,ACS1
Ohio,2018,0.4667,B19083_001E,ACS1
Ohio,2019,0.4651,B19083_001E,ACS1
Ohio,2021,0.4687,B19083_001E,ACS1
Ohio,2022,0.4691,B19083_001E,ACS1
Ohio,2023,0.4695,B19083_001E,ACS1
Oklahoma,2006,0.46,B19083_001E,ACS1
Oklahoma,2007,0.463,B19083_001E,ACS1
Oklahoma,2008,0.458,B19083_001E,ACS1
Oklahoma,2009,0.46,B19083_001E,ACS1
Oklahoma,2010,0.454,B19083_001E,ACS1
Oklahoma,2011,0.4613,B19083_001E,ACS1
Oklahoma,2012,0.4643,B19083_001E,ACS1
Oklahoma,2013,0.4619,B19083_001E,ACS1
Oklahoma,2014,0.466,B19083_001E,ACS1
Oklahoma,2015,0.4702,B19083_001E,ACS1
Oklahoma,2016,0.4645,B19083_001E,ACS1
Oklahoma,2017,0.4658,B19083_001E,ACS1
Oklahoma,2018,0.4687,B19083_001E,ACS1
Oklahoma,2019,0.4739,B19083_001E,ACS1
Oklahoma,2021,0.4618,B19083_001E,ACS1
Oklahoma,2022,0.4743,B19083_001E,ACS1
Oklahoma,2023,0.4737,B19083_001E,ACS1
Oregon,2006,0.444,B19083_001E,ACS1
Oregon,2007,0.442,B19083_001E,ACS1
Oregon,2008,0.447,B19083_001E,ACS1
Oregon,2009,0.443,B19083_001E,ACS1
Oregon,2010,0.449,B19083_001E,ACS1
Oregon,2011,0.4586,B19083_001E,ACS1
Oregon,2012,0.4565,B19083_001E,ACS1
Oregon,2013,0.46,B19083_001E,ACS1
Oregon,2014,0.4624,B19083_001E,ACS1
Oregon,2015,0.4622,B19083_001E,ACS1
Oregon,2016,0.4583,B19083_001E,ACS1
Oregon,2017,0.4593,B19083_001E,ACS1
Oregon,2018,0.4582,B19083_001E,ACS1
Oregon,2019,0.45,B19083_001E,ACS1
Oregon,2021,0.4611,B19083_001E,ACS1
Oregon,2022,0.4679,B19083_001E,ACS1
Oregon,2023,0.4636,B19083_001E,ACS1
Pennsylvania,2006,0.455,B19083_001E,ACS1
Pennsylvania,2007,0.46,B19083_001E,ACS1
Pennsylvania,2008,0.457,B19083_001E,ACS1
Pennsylvania,2009,0.46,B19083_001E,ACS1
Pennsylvania,2010,0.461,B19083_001E,ACS1
Pennsylvania,2011,0.4611,B19083_001E,ACS1
Pennsylvania,2012,0.4642,B19083_001E,ACS1
Pennsylvania,2013,0.4696,B19083_001E,ACS1
Pennsylvania,2014,0.4686,B19083_001E,ACS1
Pennsylvania,2015,0.4685,B19083_001E,ACS1
Pennsylvania,2016,0.4689,B19083_001E,ACS1
Pennsylvania,2017,0.4777,B19083_001E,ACS1
Pennsylvania,2018,0.4747,B19083_001E,ACS1
Pennsylvania,2019,0.4745,B19083_001E,ACS1
Pennsylvania,2021,0.472,B19083_001E,ACS1
Pennsylvania,2022,0.4778,B19083_001E,ACS1
Pennsylvania,2023,0.4774,B19083_001E,ACS1
Rhode Island,2006,0.442,B19083_001E,ACS1
Rhode Island,2007,0.457,B19083_001E,ACS1
Rhode Island,2008,0.46,B19083_001E,ACS1
Rhode Island,2009,0.457,B19083_001E,ACS1
Rhode Island,2010,0.467,B19083_001E,ACS1
Rhode Island,2011,0.4674,B19083_001E,ACS1
Rhode Island,2012,0.4647,B19083_001E,ACS1
Rhode Island,2013,0.4769,B19083_001E,ACS1
Rhode Island,2014,0.4827,B19083_001E,ACS1
Rhode Island,2015,0.4732,B19083_001E,ACS1
Rhode Island,2016,0.4781,B19083_001E,ACS1
Rhode Island,2017,0.4722,B19083_001E,ACS1
Rhode Island,2018,0.47,B19083_001E,ACS1
Rhode Island,2019,0.4628,B19083_001E,ACS1
Rhode Island,2021,0.468,B19083_001E,ACS1
Rhode Island,2022,0.464,B19083_001E,ACS1
Rhode Island,2023,0.4661,B19083_001E,ACS1
South Carolina,2006,0.462,B19083_001E,ACS1
South Carolina,2007,0.459,B19083_001E,ACS1
South Carolina,2008,0.464,B19083_001E,ACS1
South Carolina,2009,0.462,B19083_001E,ACS1
South Carolina,2010,0.461,B19083_001E,ACS1
South Carolina,2011,0.4648,B19083_001E,ACS1
South Carolina,2012,0.4684,B19083_001E,ACS1
South Carolina,2013,0.4665,B19083_001E,ACS1
South Carolina,2014,0.4687,B19083_001E,ACS1
South Carolina,2015,0.4698,B19083_001E,ACS1
South Carolina,2016,0.4735,B19083_001E,ACS1
South Carolina,2017,0.4795,B19083_001E,ACS1
South Carolina,2018,0.4762,B19083_001E,ACS1
South Carolina,2019,0.4747,B19083_001E,ACS1
South Carolina,2021,0.476,B19083_001E,ACS1
South Carolina,2022,0.4757,B19083_001E,ACS1
South Carolina,2023,0.4715,B19083_001E,ACS1
South Dakota,2006,0.439,B19083_001E,ACS1
South Dakota,2007,0.423,B19083_001E,ACS1
South Dakota,2008,0.446,B19083_001E,ACS1
South Dakota,2009,0.452,B19083_001E,ACS1
South Dakota,2010,0.442,B19083_001E,ACS1
South Dakota,2011,0.4324,B19083_001E,ACS1
South Dakota,2012,0.4335,B19083_001E,ACS1
South Dakota,2013,0.4427,B19083_001E,ACS1
South Dakota,2014,0.4468,B19083_001E,ACS1
South Dakota,2015,0.4436,B19083_001E,ACS1
South Dakota,2016,0.4495,B19083_001E,ACS1
South Dakota,2017,0.4488,B19083_001E,ACS1
South Dakota,2018,0.4445,B19083_001E,ACS1
South Dakota,2019,0.436,B19083_001E,ACS1
South Dakota,2021,0.4522,B19083_001E,ACS1
South Dakota,2022,0.4487,B19083_001E,ACS1
South Dakota,2023,0.462,B19083_001E,ACS1
Tennessee,2006,0.468,B19083_001E,ACS1
Tennessee,2007,0.471,B19083_001E,ACS1
Tennessee,2008,0.471,B19083_001E,ACS1
Tennessee,2009,0.467,B19083_001E,ACS1
Tennessee,2010,0.468,B19083_001E,ACS1
Tennessee,2011,0.4756,B19083_001E,ACS1
Tennessee,2012,0.4732,B19083_001E,ACS1
Tennessee,2013,0.4783,B19083_001E,ACS1
Tennessee,2014,0.4811,B19083_001E,ACS1
Tennessee,2015,0.4789,B19083_001E,ACS1
Tennessee,2016,0.479,B19083_001E,ACS1
Tennessee,2017,0.4822,B19083_001E,ACS1
Tennessee,2018,0.4778,B19083_001E,ACS1
Tennessee,2019,0.4749,B19083_001E,ACS1
Tennessee,2021,0.4821,B19083_001E,ACS1
Tennessee,2022,0.4694,B19083_001E,ACS1
Tennessee,2023,0.476,B19083_001E,ACS1
Texas,2006,0.474,B19083_001E,ACS1
Texas,2007,0.473,B19083_001E,ACS1
Texas,2008,0.474,B19083_001E,ACS1
Texas,2009,0.474,B19083_001E,ACS1
Texas,2010,0.469,B19083_001E,ACS1
Texas,2011,0.4771,B19083_001E,ACS1
Texas,2012,0.4767,B19083_001E,ACS1
Texas,2013,0.4807,B19083_001E,ACS1
Texas,2014,0.4827,B19083_001E,ACS1
Texas,2015,0.4823,B19083_001E,ACS1
Texas,2016,0.48,B19083_001E,ACS1
Texas,2017,0.4781,B19083_001E,ACS1
Texas,2018,0.4822,B19083_001E,ACS1
Texas,2019,0.4753,B19083_001E,ACS1
Texas,2021,0.4784,B19083_001E,ACS1
Texas,2022,0.4796,B19083_001E,ACS1
Texas,2023,0.479,B19083_001E,ACS1
Utah,2006,0.41,B19083_001E,ACS1
Utah,2007,0.409,B19083_001E,ACS1
Utah,2008,0.411,B19083_001E,ACS1
Utah,2009,0.414,B19083_001E,ACS1
Utah,2010,0.419,B19083_001E,ACS1
Utah,2011,0.4249,B19083_001E,ACS1
Utah,2012,0.4244,B19083_001E,ACS1
Utah,2013,0.4259,B19083_001E,ACS1
Utah,2014,0.4283,B19083_001E,ACS1
Utah,2015,0.4252,B19083_001E,ACS1
Utah,2016,0.4263,B19083_001E,ACS1
Utah,2017,0.4225,B19083_001E,ACS1
Utah,2018,0.4269,B19083_001E,ACS1
Utah,2019,0.4268,B19083_001E,ACS1
Utah,2021,0.4449,B19083_001E,ACS1
Utah,2022,0.4264,B19083_001E,ACS1
Utah,2023,0.4225,B19083_001E,ACS1
Vermont,2006,0.42,B19083_001E,ACS1
Vermont,2007,0.428,B19083_001E,ACS1
Vermont,2008,0.434,B19083_001E,ACS1
Vermont,2009,0.428,B19083_001E,ACS1
Vermont,2010,0.444,B19083_001E,ACS1
Vermont,2011,0.4308,B19083_001E,ACS1
Vermont,2012,0.4392,B19083_001E,ACS1
Vermont,2013,0.4537,B19083_001E,ACS1
Vermont,2014,0.4406,B19083_001E,ACS1
Vermont,2015,0.4452,B19083_001E,ACS1
Vermont,2016,0.4539,B19083_001E,ACS1
Vermont,2017,0.4525,B19083_001E,ACS1
Vermont,2018,0.4473,B19083_001E,ACS1
Vermont,2019,0.4471,B19083_001E,ACS1
Vermont,2021,0.4527,B19083_001E,ACS1
Vermont,2022,0.4452,B19083_001E,ACS1
Vermont,2023,0.4549,B19083_001E,ACS1
Virginia,2006,0.456,B19083_001E,ACS1
Virginia,2007,0.456,B19083_001E,ACS1
Virginia,2008,0.46,B19083_001E,ACS1
Virginia,2009,0.456,B19083_001E,ACS1
Virginia,2010,0.459,B19083_001E,ACS1
Virginia,2011,0.4632,B19083_001E,ACS1
Virginia,2012,0.4661,B19083_001E,ACS1
Virginia,2013,0.4672,B19083_001E,ACS1
Virginia,2014,0.4658,B19083_001E,ACS1
Virginia,2015,0.4681,B19083_001E,ACS1
Virginia,2016,0.4705,B19083_001E,ACS1
Virginia,2017,0.4674,B19083_001E,ACS1
Virginia,2018,0.4754,B19083_001E,ACS1
Virginia,2019,0.469,B19083_001E,ACS1
Virginia,2021,0.4724,B19083_001E,ACS1
Virginia,2022,0.4755,B19083_001E,ACS1
Virginia,2023,0.4723,B19083_001E,ACS1
Washington,2006,0.443,B19083_001E,ACS1
Washington,2007,0.444,B19083_001E,ACS1
Washington,2008,0.442,B19083_001E,ACS1
Washington,2009,0.439,B19083_001E,ACS1
Washington,2010,0.441,B19083_001E,ACS1
Washington,2011,0.4449,B19083_001E,ACS1
Washington,2012,0.4498,B19083_001E,ACS1
Washington,2013,0.4572,B19083_001E,ACS1
Washington,2014,0.4542,B19083_001E,ACS1
Washington,2015,0.4561,B19083_001E,ACS1
Washington,2016,0.4591,B19083_001E,ACS1
Washington,2017,0.4561,B19083_001E,ACS1
Washington,2018,0.4574,B19083_001E,ACS1
Washington,2019,0.4577,B19083_001E,ACS1
Washington,2021,0.4704,B19083_001E,ACS1
Washington,2022,0.4742,B19083_001E,ACS1
Washington,2023,0.4703,B19083_001E,ACS1
West Virginia,2006,0.447,B19083_001E,ACS1
West Virginia,2007,0.454,B19083_001E,ACS1
West Virginia,2008,0.453,B19083_001E,ACS1
West Virginia,2009,0.463,B19083_001E,ACS1
West Virginia,2010,0.451,B19083_001E,ACS1
West Virginia,2011,0.4721,B19083_001E,ACS1
West Virginia,2012,0.4638,B19083_001E,ACS1
West Virginia,2013,0.4647,B19083_001E,ACS1
West Virginia,2014,0.4546,B19083_001E,ACS1
West Virginia,2015,0.4581,B19083_001E,ACS1
West Virginia,2016,0.4711,B19083_001E,ACS1
West Virginia,2017,0.4686,B19083_001E,ACS1
West Virginia,2018,0.4742,B19083_001E,ACS1
West Virginia,2019,0.4644,B19083_001E,ACS1
West Virginia,2021,0.4858,B19083_001E,ACS1
West Virginia,2022,0.4804,B19083_001E,ACS1
West Virginia,2023,0.4679,B19083_001E,ACS1
Wisconsin,2006,0.424,B19083_001E,ACS1
Wisconsin,2007,0.428,B19083_001E,ACS1
Wisconsin,2008,0.426,B19083_001E,ACS1
Wisconsin,2009,0.432,B19083_001E,ACS1
Wisconsin,2010,0.43,B19083_001E,ACS1
Wisconsin,2011,0.437,B19083_001E,ACS1
Wisconsin,2012,0.4401,B19083_001E,ACS1
Wisconsin,2013,0.4446,B19083_001E,ACS1
Wisconsin,2014,0.4397,B19083_001E,ACS1
Wisconsin,2015,0.441,B19083_001E,ACS1
Wisconsin,2016,0.4498,B19083_001E,ACS1
Wisconsin,2017,0.4467,B19083_001E,ACS1
Wisconsin,2018,0.4483,B19083_001E,ACS1
Wisconsin,2019,0.4391,B19083_001E,ACS1
Wisconsin,2021,0.4464,B19083_001E,ACS1
Wisconsin,2022,0.451,B19083_001E,ACS1
Wisconsin,2023,0.4479,B19083_001E,ACS1
Wyoming,2006,0.413,B19083_001E,ACS1
Wyoming,2007,0.437,B19083_001E,ACS1
Wyoming,2008,0.441,B19083_001E,ACS1
Wyoming,2009,0.415,B19083_001E,ACS1
Wyoming,2010,0.423,B19083_001E,ACS1
Wyoming,2011,0.4081,B19083_001E,ACS1
Wyoming,2012,0.4166,B19083_001E,ACS1
Wyoming,2013,0.4183,B19083_001E,ACS1
Wyoming,2014,0.427,B19083_001E,ACS1
Wyoming,2015,0.4374,B19083_001E,ACS1
Wyoming,2016,0.436,B19083_001E,ACS1
Wyoming,2017,0.4326,B19083_001E,ACS1
Wyoming,2018,0.4555,B19083_001E,ACS1
Wyoming,2019,0.4345,B19083_001E,ACS1
Wyoming,2021,0.4638,B19083_001E,ACS1
Wyoming,2022,0.4437,B19083_001E,ACS1
Wyoming,2023,0.4455,B19083_001E,ACS1
